{
"type": "FeatureCollection",
"name": "Little Compton Wall Inventory",
"features": [
{ "type": "Feature", "properties": { "entry_id": "c7fe203c-1b99-4a1e-8137-50c4cefda356", "created_at": "2026-09-13T19:40:38Z", "gps_accuracy_m": 10.0, "Wall_Condition": "Fair", "Vegetation_Cover": "Clear (0-25% covered)", "Wall_Type": "Stacked (stones placed loosely)", "Stone_Shape": [ "Slab", "Ball", "Pillow" ], "Special_Features": [ "Opening in wall", "Good candidate for repair" ], "Surveyor_Name": "Greg Fitzgerald", "Comments": "", "Photo_URL": "https://five.epicollect.net/api/internal/media/little-compton-wall-inventory-2025?type=photo&format=entry_original&name=c7fe203c-1b99-4a1e-8137-50c4cefda356_1789328267.jpg", "Photo_Filename": "c7fe203c-1b99-4a1e-8137-50c4cefda356_1789328267.jpg" }, "geometry": { "type": "Point", "coordinates": [ -71.158011, 41.487763 ] } },
{ "type": "Feature", "properties": { "entry_id": "4a0fd19c-6861-46f2-b843-68fd57d6542d", "created_at": "2026-09-10T22:24:01Z", "gps_accuracy_m": 4.0, "Wall_Condition": "Good", "Vegetation_Cover": "Clear (0-25% covered)", "Wall_Type": "Laid (carefully selected and fitted)", "Stone_Shape": [ "Ball", "Slab", "Block", "Pillow" ], "Special_Features": [ "Flat top" ], "Surveyor_Name": "Jon Stapleton", "Comments": "", "Photo_URL": "https://five.epicollect.net/api/internal/media/little-compton-wall-inventory-2025?type=photo&format=entry_original&name=4a0fd19c-6861-46f2-b843-68fd57d6542d_1789078996.jpg", "Photo_Filename": "4a0fd19c-6861-46f2-b843-68fd57d6542d_1789078996.jpg" }, "geometry": { "type": "Point", "coordinates": [ -71.194268, 41.513167 ] } },
{ "type": "Feature", "properties": { "entry_id": "8aa676ab-7418-450a-b60e-8a5f87ded984", "created_at": "2026-09-10T22:21:48Z", "gps_accuracy_m": 4.0, "Wall_Condition": "Good", "Vegetation_Cover": "Clear (0-25% covered)", "Wall_Type": "Stacked (stones placed loosely)", "Stone_Shape": [ "Ball", "Slab", "Block", "Pillow", "Tablet" ], "Special_Features": [ ], "Surveyor_Name": "Jon Stapleton", "Comments": "", "Photo_URL": "https://five.epicollect.net/api/internal/media/little-compton-wall-inventory-2025?type=photo&format=entry_original&name=8aa676ab-7418-450a-b60e-8a5f87ded984_1789078846.jpg", "Photo_Filename": "8aa676ab-7418-450a-b60e-8a5f87ded984_1789078846.jpg" }, "geometry": { "type": "Point", "coordinates": [ -71.19421, 41.513019 ] } },
{ "type": "Feature", "properties": { "entry_id": "c3ca6cea-f3aa-43e5-8d86-b788df52830f", "created_at": "2026-09-10T22:18:20Z", "gps_accuracy_m": 4.0, "Wall_Condition": "Good", "Vegetation_Cover": "Clear (0-25% covered)", "Wall_Type": "Laid (carefully selected and fitted)", "Stone_Shape": [ "Ball", "Slab", "Block", "Pillow", "Tablet" ], "Special_Features": [ "Flat top" ], "Surveyor_Name": "Jon Stapleton", "Comments": "", "Photo_URL": "https://five.epicollect.net/api/internal/media/little-compton-wall-inventory-2025?type=photo&format=entry_original&name=c3ca6cea-f3aa-43e5-8d86-b788df52830f_1789078656.jpg", "Photo_Filename": "c3ca6cea-f3aa-43e5-8d86-b788df52830f_1789078656.jpg" }, "geometry": { "type": "Point", "coordinates": [ -71.195252, 41.512822 ] } },
{ "type": "Feature", "properties": { "entry_id": "4739bc64-6955-4e42-85b9-89a4dee7556d", "created_at": "2026-09-10T22:16:15Z", "gps_accuracy_m": 4.0, "Wall_Condition": "Good", "Vegetation_Cover": "Clear (0-25% covered)", "Wall_Type": "Laid (carefully selected and fitted)", "Stone_Shape": [ "Ball", "Slab", "Block", "Pillow", "Tablet" ], "Special_Features": [ "Flat top" ], "Surveyor_Name": "JonStapleton", "Comments": "", "Photo_URL": "https://five.epicollect.net/api/internal/media/little-compton-wall-inventory-2025?type=photo&format=entry_original&name=4739bc64-6955-4e42-85b9-89a4dee7556d_1789078493.jpg", "Photo_Filename": "4739bc64-6955-4e42-85b9-89a4dee7556d_1789078493.jpg" }, "geometry": { "type": "Point", "coordinates": [ -71.195759, 41.51303 ] } },
{ "type": "Feature", "properties": { "entry_id": "cefb1d8c-69f2-4327-b979-d2ad06d85f7f", "created_at": "2026-09-10T22:14:10Z", "gps_accuracy_m": 6.0, "Wall_Condition": "Good", "Vegetation_Cover": "Clear (0-25% covered)", "Wall_Type": "Laid (carefully selected and fitted)", "Stone_Shape": [ "Ball", "Slab", "Block", "Pillow", "Tablet" ], "Special_Features": [ ], "Surveyor_Name": "Jon Stapleton", "Comments": "", "Photo_URL": "https://five.epicollect.net/api/internal/media/little-compton-wall-inventory-2025?type=photo&format=entry_original&name=cefb1d8c-69f2-4327-b979-d2ad06d85f7f_1789078383.jpg", "Photo_Filename": "cefb1d8c-69f2-4327-b979-d2ad06d85f7f_1789078383.jpg" }, "geometry": { "type": "Point", "coordinates": [ -71.19574, 41.512875 ] } },
{ "type": "Feature", "properties": { "entry_id": "9be1586e-2023-492f-a068-2de8ac1a690c", "created_at": "2026-09-10T22:12:08Z", "gps_accuracy_m": 4.0, "Wall_Condition": "Good", "Vegetation_Cover": "Clear (0-25% covered)", "Wall_Type": "Laid (carefully selected and fitted)", "Stone_Shape": [ "Ball", "Slab", "Prism", "Block", "Tablet" ], "Special_Features": [ ], "Surveyor_Name": "Jon Stapleton", "Comments": "", "Photo_URL": "https://five.epicollect.net/api/internal/media/little-compton-wall-inventory-2025?type=photo&format=entry_original&name=9be1586e-2023-492f-a068-2de8ac1a690c_1789078266.jpg", "Photo_Filename": "9be1586e-2023-492f-a068-2de8ac1a690c_1789078266.jpg" }, "geometry": { "type": "Point", "coordinates": [ -71.196155, 41.512963 ] } },
{ "type": "Feature", "properties": { "entry_id": "5078b5ad-5c71-4c66-a4af-1aa2d45c8d89", "created_at": "2026-09-10T22:06:27Z", "gps_accuracy_m": 4.0, "Wall_Condition": "Fair", "Vegetation_Cover": "Quite covered (50-75% covered)", "Wall_Type": "Stacked (stones placed loosely)", "Stone_Shape": [ "Ball", "Slab", "Prism", "Block", "Tablet" ], "Special_Features": [ ], "Surveyor_Name": "Jon Stapleton", "Comments": "", "Photo_URL": "https://five.epicollect.net/api/internal/media/little-compton-wall-inventory-2025?type=photo&format=entry_original&name=5078b5ad-5c71-4c66-a4af-1aa2d45c8d89_1789077874.jpg", "Photo_Filename": "5078b5ad-5c71-4c66-a4af-1aa2d45c8d89_1789077874.jpg" }, "geometry": { "type": "Point", "coordinates": [ -71.198654, 41.512684 ] } },
{ "type": "Feature", "properties": { "entry_id": "0e5fb225-3cb8-4159-84bd-fb3936a68094", "created_at": "2026-09-10T22:03:38Z", "gps_accuracy_m": 4.0, "Wall_Condition": "Fair", "Vegetation_Cover": "Some overgrowth (25-50% covered)", "Wall_Type": "Stacked (stones placed loosely)", "Stone_Shape": [ "Ball", "Prism", "Slab", "Block", "Tablet" ], "Special_Features": [ ], "Surveyor_Name": "Jon Stapleton", "Comments": "", "Photo_URL": "https://five.epicollect.net/api/internal/media/little-compton-wall-inventory-2025?type=photo&format=entry_original&name=0e5fb225-3cb8-4159-84bd-fb3936a68094_1789077733.jpg", "Photo_Filename": "0e5fb225-3cb8-4159-84bd-fb3936a68094_1789077733.jpg" }, "geometry": { "type": "Point", "coordinates": [ -71.198975, 41.512564 ] } },
{ "type": "Feature", "properties": { "entry_id": "7f327ed0-9ff2-4f98-a10f-593848214ea3", "created_at": "2026-09-10T22:01:22Z", "gps_accuracy_m": 5.0, "Wall_Condition": "Fair", "Vegetation_Cover": "Quite covered (50-75% covered)", "Wall_Type": "Stacked (stones placed loosely)", "Stone_Shape": [ "Ball", "Slab", "Prism", "Block", "Tablet" ], "Special_Features": [ ], "Surveyor_Name": "Jon Stapleton", "Comments": "", "Photo_URL": "https://five.epicollect.net/api/internal/media/little-compton-wall-inventory-2025?type=photo&format=entry_original&name=7f327ed0-9ff2-4f98-a10f-593848214ea3_1789077593.jpg", "Photo_Filename": "7f327ed0-9ff2-4f98-a10f-593848214ea3_1789077593.jpg" }, "geometry": { "type": "Point", "coordinates": [ -71.199476, 41.512535 ] } },
{ "type": "Feature", "properties": { "entry_id": "c891014b-d549-4fd2-af59-ebb016044007", "created_at": "2026-09-08T15:42:38Z", "gps_accuracy_m": 14.0, "Wall_Condition": "Fair", "Vegetation_Cover": "Clear (0-25% covered)", "Wall_Type": "Stacked (stones placed loosely)", "Stone_Shape": [ "Ball", "Slab", "Prism", "Block", "Tablet" ], "Special_Features": [ ], "Surveyor_Name": "Jon Stapleton", "Comments": "", "Photo_URL": "https://five.epicollect.net/api/internal/media/little-compton-wall-inventory-2025?type=photo&format=entry_original&name=c891014b-d549-4fd2-af59-ebb016044007_1788882103.jpg", "Photo_Filename": "c891014b-d549-4fd2-af59-ebb016044007_1788882103.jpg" }, "geometry": { "type": "Point", "coordinates": [ -71.192913, 41.513217 ] } },
{ "type": "Feature", "properties": { "entry_id": "4282f219-ca07-45bf-b6f3-a915d562f325", "created_at": "2026-09-08T15:40:37Z", "gps_accuracy_m": 4.0, "Wall_Condition": "Fair", "Vegetation_Cover": "Clear (0-25% covered)", "Wall_Type": "Stacked (stones placed loosely)", "Stone_Shape": [ "Ball", "Slab", "Prism", "Block", "Tablet" ], "Special_Features": [ ], "Surveyor_Name": "Jon Stapleton", "Comments": "", "Photo_URL": "https://five.epicollect.net/api/internal/media/little-compton-wall-inventory-2025?type=photo&format=entry_original&name=4282f219-ca07-45bf-b6f3-a915d562f325_1788881989.jpg", "Photo_Filename": "4282f219-ca07-45bf-b6f3-a915d562f325_1788881989.jpg" }, "geometry": { "type": "Point", "coordinates": [ -71.192669, 41.513305 ] } },
{ "type": "Feature", "properties": { "entry_id": "80097f6e-c616-40fa-a8e7-25d796bc69e1", "created_at": "2026-09-08T15:39:02Z", "gps_accuracy_m": 6.0, "Wall_Condition": "Fair", "Vegetation_Cover": "Clear (0-25% covered)", "Wall_Type": "Stacked (stones placed loosely)", "Stone_Shape": [ "Ball", "Slab", "Block", "Pillow", "Tablet" ], "Special_Features": [ ], "Surveyor_Name": "Jon Stapleton", "Comments": "", "Photo_URL": "https://five.epicollect.net/api/internal/media/little-compton-wall-inventory-2025?type=photo&format=entry_original&name=80097f6e-c616-40fa-a8e7-25d796bc69e1_1788881861.jpg", "Photo_Filename": "80097f6e-c616-40fa-a8e7-25d796bc69e1_1788881861.jpg" }, "geometry": { "type": "Point", "coordinates": [ -71.192653, 41.513274 ] } },
{ "type": "Feature", "properties": { "entry_id": "e335e612-a004-4ed2-bf51-f1125ab20f00", "created_at": "2026-09-08T15:35:33Z", "gps_accuracy_m": 5.0, "Wall_Condition": "Good", "Vegetation_Cover": "Clear (0-25% covered)", "Wall_Type": "Laid (carefully selected and fitted)", "Stone_Shape": [ "Ball", "Slab", "Prism", "Block" ], "Special_Features": [ ], "Surveyor_Name": "Jon Stapleton", "Comments": "", "Photo_URL": "https://five.epicollect.net/api/internal/media/little-compton-wall-inventory-2025?type=photo&format=entry_original&name=e335e612-a004-4ed2-bf51-f1125ab20f00_1788881664.jpg", "Photo_Filename": "e335e612-a004-4ed2-bf51-f1125ab20f00_1788881664.jpg" }, "geometry": { "type": "Point", "coordinates": [ -71.19229, 41.512486 ] } },
{ "type": "Feature", "properties": { "entry_id": "e181e6d0-e364-4fa7-af03-3af7b532c6f6", "created_at": "2026-09-08T15:32:00Z", "gps_accuracy_m": 4.0, "Wall_Condition": "Poor", "Vegetation_Cover": "Quite covered (50-75% covered)", "Wall_Type": "Stacked (stones placed loosely)", "Stone_Shape": [ "Ball", "Slab", "Block", "Pillow" ], "Special_Features": [ ], "Surveyor_Name": "Jon Stapleton", "Comments": "", "Photo_URL": "https://five.epicollect.net/api/internal/media/little-compton-wall-inventory-2025?type=photo&format=entry_original&name=e181e6d0-e364-4fa7-af03-3af7b532c6f6_1788881471.jpg", "Photo_Filename": "e181e6d0-e364-4fa7-af03-3af7b532c6f6_1788881471.jpg" }, "geometry": { "type": "Point", "coordinates": [ -71.192053, 41.512005 ] } },
{ "type": "Feature", "properties": { "entry_id": "587a6263-4fa5-4058-bb53-8960171b2661", "created_at": "2026-09-08T15:29:29Z", "gps_accuracy_m": 7.0, "Wall_Condition": "Fair", "Vegetation_Cover": "Some overgrowth (25-50% covered)", "Wall_Type": "Stacked (stones placed loosely)", "Stone_Shape": [ "Ball", "Slab", "Block", "Pillow" ], "Special_Features": [ ], "Surveyor_Name": "Jon Stapleton", "Comments": "", "Photo_URL": "https://five.epicollect.net/api/internal/media/little-compton-wall-inventory-2025?type=photo&format=entry_original&name=587a6263-4fa5-4058-bb53-8960171b2661_1788881282.jpg", "Photo_Filename": "587a6263-4fa5-4058-bb53-8960171b2661_1788881282.jpg" }, "geometry": { "type": "Point", "coordinates": [ -71.192196, 41.512296 ] } },
{ "type": "Feature", "properties": { "entry_id": "656b7fcd-5012-4277-b5f1-3bfeb36b9913", "created_at": "2026-09-08T15:24:18Z", "gps_accuracy_m": 4.0, "Wall_Condition": "Good", "Vegetation_Cover": "Clear (0-25% covered)", "Wall_Type": "Laid (carefully selected and fitted)", "Stone_Shape": [ "Ball", "Slab", "Block", "Pillow" ], "Special_Features": [ "Flat top", "Double-sided" ], "Surveyor_Name": "Jon Stapleton", "Comments": "", "Photo_URL": "https://five.epicollect.net/api/internal/media/little-compton-wall-inventory-2025?type=photo&format=entry_original&name=656b7fcd-5012-4277-b5f1-3bfeb36b9913_1788880981.jpg", "Photo_Filename": "656b7fcd-5012-4277-b5f1-3bfeb36b9913_1788880981.jpg" }, "geometry": { "type": "Point", "coordinates": [ -71.192704, 41.514637 ] } },
{ "type": "Feature", "properties": { "entry_id": "bd396c72-4ed3-4fdb-bf80-7f73cb7eb617", "created_at": "2026-09-08T15:22:02Z", "gps_accuracy_m": 6.0, "Wall_Condition": "Good", "Vegetation_Cover": "Clear (0-25% covered)", "Wall_Type": "Laid (carefully selected and fitted)", "Stone_Shape": [ "Slab", "Pillow", "Tablet", "Ball" ], "Special_Features": [ "Flat top" ], "Surveyor_Name": "Jon Stapleton", "Comments": "", "Photo_URL": "https://five.epicollect.net/api/internal/media/little-compton-wall-inventory-2025?type=photo&format=entry_original&name=bd396c72-4ed3-4fdb-bf80-7f73cb7eb617_1788880842.jpg", "Photo_Filename": "bd396c72-4ed3-4fdb-bf80-7f73cb7eb617_1788880842.jpg" }, "geometry": { "type": "Point", "coordinates": [ -71.192812, 41.514524 ] } },
{ "type": "Feature", "properties": { "entry_id": "2643db14-f540-4b05-9303-3c415c368cc9", "created_at": "2026-09-08T15:19:52Z", "gps_accuracy_m": 6.0, "Wall_Condition": "Good", "Vegetation_Cover": "Clear (0-25% covered)", "Wall_Type": "Laid (carefully selected and fitted)", "Stone_Shape": [ "Slab", "Tablet", "Block" ], "Special_Features": [ "Flat top" ], "Surveyor_Name": "Jon Stapleton", "Comments": "", "Photo_URL": "https://five.epicollect.net/api/internal/media/little-compton-wall-inventory-2025?type=photo&format=entry_original&name=2643db14-f540-4b05-9303-3c415c368cc9_1788880710.jpg", "Photo_Filename": "2643db14-f540-4b05-9303-3c415c368cc9_1788880710.jpg" }, "geometry": { "type": "Point", "coordinates": [ -71.192768, 41.514423 ] } },
{ "type": "Feature", "properties": { "entry_id": "69ea9680-b56a-4880-9a96-17a2ec0d9f9b", "created_at": "2026-09-08T15:16:51Z", "gps_accuracy_m": 14.0, "Wall_Condition": "Good", "Vegetation_Cover": "Quite covered (50-75% covered)", "Wall_Type": "Laid (carefully selected and fitted)", "Stone_Shape": [ "Slab", "Pillow", "Tablet" ], "Special_Features": [ ], "Surveyor_Name": "Jon Stapleton", "Comments": "", "Photo_URL": "https://five.epicollect.net/api/internal/media/little-compton-wall-inventory-2025?type=photo&format=entry_original&name=69ea9680-b56a-4880-9a96-17a2ec0d9f9b_1788880536.jpg", "Photo_Filename": "69ea9680-b56a-4880-9a96-17a2ec0d9f9b_1788880536.jpg" }, "geometry": { "type": "Point", "coordinates": [ -71.192717, 41.514008 ] } },
{ "type": "Feature", "properties": { "entry_id": "e5f443c0-5752-4409-a69a-1a2969e9fc1a", "created_at": "2026-09-08T15:14:16Z", "gps_accuracy_m": 4.0, "Wall_Condition": "Fair", "Vegetation_Cover": "Clear (0-25% covered)", "Wall_Type": "Stacked (stones placed loosely)", "Stone_Shape": [ "Ball", "Slab", "Pillow", "Block" ], "Special_Features": [ ], "Surveyor_Name": "Jon Stapleton", "Comments": "", "Photo_Reference": "" }, "geometry": { "type": "Point", "coordinates": [ -71.1926, 41.513704 ] } },
{ "type": "Feature", "properties": { "entry_id": "896c8261-0022-49e0-90ae-974531425931", "created_at": "2026-07-12T12:48:51Z", "gps_accuracy_m": 8.0, "Wall_Condition": "Fair", "Vegetation_Cover": "Clear (0-25% covered)", "Wall_Type": "Laid (carefully selected and fitted)", "Stone_Shape": [ "Slab" ], "Special_Features": [ "Flat top" ], "Surveyor_Name": "Jen Francis", "Comments": "", "Photo_URL": "https://five.epicollect.net/api/internal/media/little-compton-wall-inventory-2025?type=photo&format=entry_original&name=896c8261-0022-49e0-90ae-974531425931_1783860477.jpg", "Photo_Filename": "896c8261-0022-49e0-90ae-974531425931_1783860477.jpg" }, "geometry": { "type": "Point", "coordinates": [ -71.194603, 41.497808 ] } },
{ "type": "Feature", "properties": { "entry_id": "9c4a0c59-1e2f-4da7-b1c5-74fb6957f250", "created_at": "2026-07-12T12:46:34Z", "gps_accuracy_m": 4.0, "Wall_Condition": "Fair", "Vegetation_Cover": "Clear (0-25% covered)", "Wall_Type": "Laid (carefully selected and fitted)", "Stone_Shape": [ "Slab" ], "Special_Features": [ "Flat top" ], "Surveyor_Name": "Jen Francis", "Comments": "", "Photo_URL": "https://five.epicollect.net/api/internal/media/little-compton-wall-inventory-2025?type=photo&format=entry_original&name=9c4a0c59-1e2f-4da7-b1c5-74fb6957f250_1783860321.jpg", "Photo_Filename": "9c4a0c59-1e2f-4da7-b1c5-74fb6957f250_1783860321.jpg" }, "geometry": { "type": "Point", "coordinates": [ -71.194569, 41.497476 ] } },
{ "type": "Feature", "properties": { "entry_id": "b388c47a-ada2-40eb-9f0a-dfd36f475b13", "created_at": "2026-07-11T17:27:16Z", "gps_accuracy_m": 7.0, "Wall_Condition": "Good", "Vegetation_Cover": "Clear (0-25% covered)", "Wall_Type": "Laid (carefully selected and fitted)", "Stone_Shape": [ "Tablet" ], "Special_Features": [ "Other (add comment)" ], "Surveyor_Name": "Donna", "Comments": "Cemetery", "Photo_URL": "https://five.epicollect.net/api/internal/media/little-compton-wall-inventory-2025?type=photo&format=entry_original&name=b388c47a-ada2-40eb-9f0a-dfd36f475b13_1783790750.jpg", "Photo_Filename": "b388c47a-ada2-40eb-9f0a-dfd36f475b13_1783790750.jpg" }, "geometry": { "type": "Point", "coordinates": [ -71.172251, 41.509144 ] } },
{ "type": "Feature", "properties": { "entry_id": "9802d97c-82eb-4da0-83d0-34fa44a45816", "created_at": "2026-07-11T16:27:17Z", "gps_accuracy_m": 4.0, "Wall_Condition": "Fair", "Vegetation_Cover": "Some overgrowth (25-50% covered)", "Wall_Type": "Laid (carefully selected and fitted)", "Stone_Shape": [ "Slab" ], "Special_Features": [ "Flat top" ], "Surveyor_Name": "Jen Francis", "Comments": "", "Photo_URL": "https://five.epicollect.net/api/internal/media/little-compton-wall-inventory-2025?type=photo&format=entry_original&name=9802d97c-82eb-4da0-83d0-34fa44a45816_1783786995.jpg", "Photo_Filename": "9802d97c-82eb-4da0-83d0-34fa44a45816_1783786995.jpg" }, "geometry": { "type": "Point", "coordinates": [ -71.194842, 41.497322 ] } },
{ "type": "Feature", "properties": { "entry_id": "23354478-fae2-48dd-a9b5-9d81a38faaf2", "created_at": "2026-07-10T22:05:29Z", "gps_accuracy_m": 20.0, "Wall_Condition": "Good", "Vegetation_Cover": "Clear (0-25% covered)", "Wall_Type": "Laid (carefully selected and fitted)", "Stone_Shape": [ "Ball", "Slab", "Pillow", "Tablet" ], "Special_Features": [ "Other (add comment)" ], "Surveyor_Name": "Barry Peckham", "Comments": "Built in 2024", "Photo_URL": "https://five.epicollect.net/api/internal/media/little-compton-wall-inventory-2025?type=photo&format=entry_original&name=23354478-fae2-48dd-a9b5-9d81a38faaf2_1783720872.jpg", "Photo_Filename": "23354478-fae2-48dd-a9b5-9d81a38faaf2_1783720872.jpg" }, "geometry": { "type": "Point", "coordinates": [ -71.191635, 41.528274 ] } },
{ "type": "Feature", "properties": { "entry_id": "32532614-9f86-442a-bf5c-0ed09c62f11e", "created_at": "2026-07-05T00:20:43Z", "gps_accuracy_m": 5.0, "Wall_Condition": "Fair", "Vegetation_Cover": "Clear (0-25% covered)", "Wall_Type": "Stacked (stones placed loosely)", "Stone_Shape": [ "Tablet" ], "Special_Features": [ "Other (add comment)" ], "Surveyor_Name": "Donna", "Comments": "Duffield farm", "Photo_URL": "https://five.epicollect.net/api/internal/media/little-compton-wall-inventory-2025?type=photo&format=entry_original&name=32532614-9f86-442a-bf5c-0ed09c62f11e_1783210727.jpg", "Photo_Filename": "32532614-9f86-442a-bf5c-0ed09c62f11e_1783210727.jpg" }, "geometry": { "type": "Point", "coordinates": [ -71.192445, 41.510958 ] } },
{ "type": "Feature", "properties": { "entry_id": "7a5dd4e3-d544-49f1-9f80-ce11660a1770", "created_at": "2026-06-20T21:43:25Z", "gps_accuracy_m": 19.0, "Wall_Condition": "Good", "Vegetation_Cover": "Clear (0-25% covered)", "Wall_Type": "Laid (carefully selected and fitted)", "Stone_Shape": [ "Ball", "Slab" ], "Special_Features": [ "Double-sided", "Flat top", "Recently rebuilt" ], "Surveyor_Name": "Ashley Sparks", "Comments": "", "Photo_URL": "https://five.epicollect.net/api/internal/media/little-compton-wall-inventory-2025?type=photo&format=entry_original&name=7a5dd4e3-d544-49f1-9f80-ce11660a1770_1781991758.jpg", "Photo_Filename": "7a5dd4e3-d544-49f1-9f80-ce11660a1770_1781991758.jpg" }, "geometry": { "type": "Point", "coordinates": [ -71.147466, 41.510863 ] } },
{ "type": "Feature", "properties": { "entry_id": "fabadf59-2f73-4a34-9905-764b9ccea394", "created_at": "2026-06-20T21:43:06Z", "gps_accuracy_m": 5.0, "Wall_Condition": "Good", "Vegetation_Cover": "Clear (0-25% covered)", "Wall_Type": "Laid (carefully selected and fitted)", "Stone_Shape": [ "Ball", "Slab" ], "Special_Features": [ "Flat top", "Recently rebuilt", "Double-sided" ], "Surveyor_Name": "John Sparks", "Comments": "", "Photo_URL": "https://five.epicollect.net/api/internal/media/little-compton-wall-inventory-2025?type=photo&format=entry_original&name=fabadf59-2f73-4a34-9905-764b9ccea394_1781991739.jpg", "Photo_Filename": "fabadf59-2f73-4a34-9905-764b9ccea394_1781991739.jpg" }, "geometry": { "type": "Point", "coordinates": [ -71.147639, 41.510925 ] } },
{ "type": "Feature", "properties": { "entry_id": "df6d843c-a33d-4f4e-8c9c-4cd3ba59e773", "created_at": "2026-06-20T21:41:57Z", "gps_accuracy_m": 5.0, "Wall_Condition": "Good", "Vegetation_Cover": "Clear (0-25% covered)", "Wall_Type": "Laid (carefully selected and fitted)", "Stone_Shape": [ "Ball", "Slab" ], "Special_Features": [ "Flat top", "Double-sided" ], "Surveyor_Name": "John Sparks", "Comments": "", "Photo_URL": "https://five.epicollect.net/api/internal/media/little-compton-wall-inventory-2025?type=photo&format=entry_original&name=df6d843c-a33d-4f4e-8c9c-4cd3ba59e773_1781991660.jpg", "Photo_Filename": "df6d843c-a33d-4f4e-8c9c-4cd3ba59e773_1781991660.jpg" }, "geometry": { "type": "Point", "coordinates": [ -71.147642, 41.510858 ] } },
{ "type": "Feature", "properties": { "entry_id": "715537a2-47c2-48e4-bc7b-2b384d8f7cf2", "created_at": "2026-06-20T21:40:33Z", "gps_accuracy_m": 5.0, "Wall_Condition": "Good", "Vegetation_Cover": "Clear (0-25% covered)", "Wall_Type": "Laid (carefully selected and fitted)", "Stone_Shape": [ "Ball", "Slab" ], "Special_Features": [ "Flat top", "Recently rebuilt", "Double-sided" ], "Surveyor_Name": "John Sparks", "Comments": "", "Photo_URL": "https://five.epicollect.net/api/internal/media/little-compton-wall-inventory-2025?type=photo&format=entry_original&name=715537a2-47c2-48e4-bc7b-2b384d8f7cf2_1781991595.jpg", "Photo_Filename": "715537a2-47c2-48e4-bc7b-2b384d8f7cf2_1781991595.jpg" }, "geometry": { "type": "Point", "coordinates": [ -71.147642, 41.510858 ] } },
{ "type": "Feature", "properties": { "entry_id": "13955e07-5137-497e-8448-b65bafc546cf", "created_at": "2026-06-20T21:39:29Z", "gps_accuracy_m": 5.0, "Wall_Condition": "Good", "Vegetation_Cover": "Clear (0-25% covered)", "Wall_Type": "Laid (carefully selected and fitted)", "Stone_Shape": [ "Ball", "Slab" ], "Special_Features": [ "Flat top", "Recently rebuilt", "Double-sided" ], "Surveyor_Name": "John Sparks", "Comments": "", "Photo_URL": "https://five.epicollect.net/api/internal/media/little-compton-wall-inventory-2025?type=photo&format=entry_original&name=13955e07-5137-497e-8448-b65bafc546cf_1781991532.jpg", "Photo_Filename": "13955e07-5137-497e-8448-b65bafc546cf_1781991532.jpg" }, "geometry": { "type": "Point", "coordinates": [ -71.147628, 41.51075 ] } },
{ "type": "Feature", "properties": { "entry_id": "6f8fe49d-bea6-488a-9b45-511029e38858", "created_at": "2026-06-20T21:38:26Z", "gps_accuracy_m": 5.0, "Wall_Condition": "Good", "Vegetation_Cover": "Clear (0-25% covered)", "Wall_Type": "Laid (carefully selected and fitted)", "Stone_Shape": [ "Ball", "Slab" ], "Special_Features": [ "Flat top", "Recently rebuilt", "Double-sided" ], "Surveyor_Name": "John Sparks", "Comments": "", "Photo_URL": "https://five.epicollect.net/api/internal/media/little-compton-wall-inventory-2025?type=photo&format=entry_original&name=6f8fe49d-bea6-488a-9b45-511029e38858_1781991450.jpg", "Photo_Filename": "6f8fe49d-bea6-488a-9b45-511029e38858_1781991450.jpg" }, "geometry": { "type": "Point", "coordinates": [ -71.147599, 41.510655 ] } },
{ "type": "Feature", "properties": { "entry_id": "9a555a75-87ee-4bda-a9da-b2520f2c5b30", "created_at": "2026-06-20T21:37:13Z", "gps_accuracy_m": 5.0, "Wall_Condition": "Good", "Vegetation_Cover": "Clear (0-25% covered)", "Wall_Type": "Laid (carefully selected and fitted)", "Stone_Shape": [ "Ball", "Slab" ], "Special_Features": [ "Flat top", "Recently rebuilt", "Opening in wall", "Double-sided" ], "Surveyor_Name": "John Sparks", "Comments": "", "Photo_URL": "https://five.epicollect.net/api/internal/media/little-compton-wall-inventory-2025?type=photo&format=entry_original&name=9a555a75-87ee-4bda-a9da-b2520f2c5b30_1781991371.jpg", "Photo_Filename": "9a555a75-87ee-4bda-a9da-b2520f2c5b30_1781991371.jpg" }, "geometry": { "type": "Point", "coordinates": [ -71.147585, 41.510599 ] } },
{ "type": "Feature", "properties": { "entry_id": "4a08419f-768f-4def-891a-a437fe79f40d", "created_at": "2026-06-20T21:35:48Z", "gps_accuracy_m": 5.0, "Wall_Condition": "Good", "Vegetation_Cover": "Clear (0-25% covered)", "Wall_Type": "Laid (carefully selected and fitted)", "Stone_Shape": [ "Ball" ], "Special_Features": [ "Recently rebuilt", "Flat top" ], "Surveyor_Name": "John Sparks", "Comments": "", "Photo_URL": "https://five.epicollect.net/api/internal/media/little-compton-wall-inventory-2025?type=photo&format=entry_original&name=4a08419f-768f-4def-891a-a437fe79f40d_1781991286.jpg", "Photo_Filename": "4a08419f-768f-4def-891a-a437fe79f40d_1781991286.jpg" }, "geometry": { "type": "Point", "coordinates": [ -71.147557, 41.510487 ] } },
{ "type": "Feature", "properties": { "entry_id": "901ed225-b18f-448f-a63f-348b9056df7a", "created_at": "2026-06-20T21:34:13Z", "gps_accuracy_m": 5.0, "Wall_Condition": "Good", "Vegetation_Cover": "Clear (0-25% covered)", "Wall_Type": "Laid (carefully selected and fitted)", "Stone_Shape": [ "Ball", "Slab" ], "Special_Features": [ "Flat top", "Recently rebuilt", "Opening in wall" ], "Surveyor_Name": "John Sparks", "Comments": "", "Photo_URL": "https://five.epicollect.net/api/internal/media/little-compton-wall-inventory-2025?type=photo&format=entry_original&name=901ed225-b18f-448f-a63f-348b9056df7a_1781991205.jpg", "Photo_Filename": "901ed225-b18f-448f-a63f-348b9056df7a_1781991205.jpg" }, "geometry": { "type": "Point", "coordinates": [ -71.147566, 41.510441 ] } },
{ "type": "Feature", "properties": { "entry_id": "efea14cb-ca63-4486-94a8-e27cffc3bf41", "created_at": "2026-06-20T21:33:02Z", "gps_accuracy_m": 5.0, "Wall_Condition": "Good", "Vegetation_Cover": "Clear (0-25% covered)", "Wall_Type": "Laid (carefully selected and fitted)", "Stone_Shape": [ "Ball", "Slab" ], "Special_Features": [ "Flat top", "Recently rebuilt" ], "Surveyor_Name": "John Sparks", "Comments": "", "Photo_URL": "https://five.epicollect.net/api/internal/media/little-compton-wall-inventory-2025?type=photo&format=entry_original&name=efea14cb-ca63-4486-94a8-e27cffc3bf41_1781991138.jpg", "Photo_Filename": "efea14cb-ca63-4486-94a8-e27cffc3bf41_1781991138.jpg" }, "geometry": { "type": "Point", "coordinates": [ -71.147545, 41.510395 ] } },
{ "type": "Feature", "properties": { "entry_id": "542e1f86-7c7c-4e64-9062-184a9261b90e", "created_at": "2026-06-20T21:31:54Z", "gps_accuracy_m": 5.0, "Wall_Condition": "Good", "Vegetation_Cover": "Clear (0-25% covered)", "Wall_Type": "Laid (carefully selected and fitted)", "Stone_Shape": [ "Ball", "Slab" ], "Special_Features": [ "Opening in wall", "Recently rebuilt", "Flat top" ], "Surveyor_Name": "John Sparks", "Comments": "", "Photo_URL": "https://five.epicollect.net/api/internal/media/little-compton-wall-inventory-2025?type=photo&format=entry_original&name=542e1f86-7c7c-4e64-9062-184a9261b90e_1781991049.jpg", "Photo_Filename": "542e1f86-7c7c-4e64-9062-184a9261b90e_1781991049.jpg" }, "geometry": { "type": "Point", "coordinates": [ -71.147539, 41.510349 ] } },
{ "type": "Feature", "properties": { "entry_id": "df14e419-ac77-460b-97e7-eae157c2ae76", "created_at": "2026-06-20T21:30:27Z", "gps_accuracy_m": 5.0, "Wall_Condition": "Good", "Vegetation_Cover": "Clear (0-25% covered)", "Wall_Type": "Laid (carefully selected and fitted)", "Stone_Shape": [ "Ball", "Slab" ], "Special_Features": [ "Opening in wall", "Recently rebuilt", "Flat top" ], "Surveyor_Name": "John Sparks", "Comments": "", "Photo_URL": "https://five.epicollect.net/api/internal/media/little-compton-wall-inventory-2025?type=photo&format=entry_original&name=df14e419-ac77-460b-97e7-eae157c2ae76_1781990972.jpg", "Photo_Filename": "df14e419-ac77-460b-97e7-eae157c2ae76_1781990972.jpg" }, "geometry": { "type": "Point", "coordinates": [ -71.147539, 41.510349 ] } },
{ "type": "Feature", "properties": { "entry_id": "56090b32-b1e3-49e2-8485-95ba1dd966a0", "created_at": "2026-06-20T21:29:00Z", "gps_accuracy_m": 5.0, "Wall_Condition": "Fair", "Vegetation_Cover": "Clear (0-25% covered)", "Wall_Type": "Laid (carefully selected and fitted)", "Stone_Shape": [ "Ball" ], "Special_Features": [ "Recently rebuilt", "Good candidate for repair" ], "Surveyor_Name": "John Sparks", "Comments": "", "Photo_URL": "https://five.epicollect.net/api/internal/media/little-compton-wall-inventory-2025?type=photo&format=entry_original&name=56090b32-b1e3-49e2-8485-95ba1dd966a0_1781990849.jpg", "Photo_Filename": "56090b32-b1e3-49e2-8485-95ba1dd966a0_1781990849.jpg" }, "geometry": { "type": "Point", "coordinates": [ -71.14752, 41.510299 ] } },
{ "type": "Feature", "properties": { "entry_id": "8811ae3c-28a1-42c1-aeae-ba55c1ef10b2", "created_at": "2026-06-20T21:27:05Z", "gps_accuracy_m": 5.0, "Wall_Condition": "Fair", "Vegetation_Cover": "Clear (0-25% covered)", "Wall_Type": "Stacked (stones placed loosely)", "Stone_Shape": [ "Ball" ], "Special_Features": [ "Opening in wall", "Good candidate for repair" ], "Surveyor_Name": "John Sparks", "Comments": "", "Photo_URL": "https://five.epicollect.net/api/internal/media/little-compton-wall-inventory-2025?type=photo&format=entry_original&name=8811ae3c-28a1-42c1-aeae-ba55c1ef10b2_1781990740.jpg", "Photo_Filename": "8811ae3c-28a1-42c1-aeae-ba55c1ef10b2_1781990740.jpg" }, "geometry": { "type": "Point", "coordinates": [ -71.14752, 41.510253 ] } },
{ "type": "Feature", "properties": { "entry_id": "c92d1c97-3926-44f7-87fe-f93298f6232c", "created_at": "2026-06-20T21:25:09Z", "gps_accuracy_m": 5.0, "Wall_Condition": "Fair", "Vegetation_Cover": "Clear (0-25% covered)", "Wall_Type": "Stacked (stones placed loosely)", "Stone_Shape": [ "Ball" ], "Special_Features": [ "Good candidate for repair" ], "Surveyor_Name": "John Sparks", "Comments": "", "Photo_URL": "https://five.epicollect.net/api/internal/media/little-compton-wall-inventory-2025?type=photo&format=entry_original&name=c92d1c97-3926-44f7-87fe-f93298f6232c_1781990668.jpg", "Photo_Filename": "c92d1c97-3926-44f7-87fe-f93298f6232c_1781990668.jpg" }, "geometry": { "type": "Point", "coordinates": [ -71.147511, 41.510208 ] } },
{ "type": "Feature", "properties": { "entry_id": "892312f8-14d0-41af-a887-097bc5125a80", "created_at": "2026-06-20T21:24:02Z", "gps_accuracy_m": 5.0, "Wall_Condition": "Fair", "Vegetation_Cover": "Clear (0-25% covered)", "Wall_Type": "Stacked (stones placed loosely)", "Stone_Shape": [ "Ball" ], "Special_Features": [ "Good candidate for repair" ], "Surveyor_Name": "John Sparks", "Comments": "", "Photo_URL": "https://five.epicollect.net/api/internal/media/little-compton-wall-inventory-2025?type=photo&format=entry_original&name=892312f8-14d0-41af-a887-097bc5125a80_1781990604.jpg", "Photo_Filename": "892312f8-14d0-41af-a887-097bc5125a80_1781990604.jpg" }, "geometry": { "type": "Point", "coordinates": [ -71.147511, 41.510208 ] } },
{ "type": "Feature", "properties": { "entry_id": "c276141b-fb78-439e-8edf-bc94988ab273", "created_at": "2026-06-20T21:22:57Z", "gps_accuracy_m": 5.0, "Wall_Condition": "Fair", "Vegetation_Cover": "Clear (0-25% covered)", "Wall_Type": "Stacked (stones placed loosely)", "Stone_Shape": [ "Ball" ], "Special_Features": [ "Good candidate for repair" ], "Surveyor_Name": "John Sparks", "Comments": "", "Photo_URL": "https://five.epicollect.net/api/internal/media/little-compton-wall-inventory-2025?type=photo&format=entry_original&name=c276141b-fb78-439e-8edf-bc94988ab273_1781990517.jpg", "Photo_Filename": "c276141b-fb78-439e-8edf-bc94988ab273_1781990517.jpg" }, "geometry": { "type": "Point", "coordinates": [ -71.147503, 41.510115 ] } },
{ "type": "Feature", "properties": { "entry_id": "754cbe1f-1926-434c-8365-0ed363eb196b", "created_at": "2026-06-20T21:21:32Z", "gps_accuracy_m": 5.0, "Wall_Condition": "Fair", "Vegetation_Cover": "Some overgrowth (25-50% covered)", "Wall_Type": "Stacked (stones placed loosely)", "Stone_Shape": [ "Ball" ], "Special_Features": [ "Good candidate for repair" ], "Surveyor_Name": "John Sparks", "Comments": "", "Photo_URL": "https://five.epicollect.net/api/internal/media/little-compton-wall-inventory-2025?type=photo&format=entry_original&name=754cbe1f-1926-434c-8365-0ed363eb196b_1781990456.jpg", "Photo_Filename": "754cbe1f-1926-434c-8365-0ed363eb196b_1781990456.jpg" }, "geometry": { "type": "Point", "coordinates": [ -71.147503, 41.510115 ] } },
{ "type": "Feature", "properties": { "entry_id": "fbb5e071-fbbb-4f95-b769-f787e1c6a173", "created_at": "2026-06-20T21:20:28Z", "gps_accuracy_m": 5.0, "Wall_Condition": "Poor", "Vegetation_Cover": "Clear (0-25% covered)", "Wall_Type": "Dumped (stones piled on ground)", "Stone_Shape": [ "Ball" ], "Special_Features": [ "Good candidate for repair" ], "Surveyor_Name": "John Sparks", "Comments": "", "Photo_URL": "https://five.epicollect.net/api/internal/media/little-compton-wall-inventory-2025?type=photo&format=entry_original&name=fbb5e071-fbbb-4f95-b769-f787e1c6a173_1781990377.jpg", "Photo_Filename": "fbb5e071-fbbb-4f95-b769-f787e1c6a173_1781990377.jpg" }, "geometry": { "type": "Point", "coordinates": [ -71.147462, 41.510015 ] } },
{ "type": "Feature", "properties": { "entry_id": "33ed4bab-624d-447e-bffd-64b15ee90de5", "created_at": "2026-06-20T21:19:12Z", "gps_accuracy_m": 5.0, "Wall_Condition": "Fair", "Vegetation_Cover": "Clear (0-25% covered)", "Wall_Type": "Stacked (stones placed loosely)", "Stone_Shape": [ "Ball" ], "Special_Features": [ "Good candidate for repair" ], "Surveyor_Name": "John sparks", "Comments": "", "Photo_URL": "https://five.epicollect.net/api/internal/media/little-compton-wall-inventory-2025?type=photo&format=entry_original&name=33ed4bab-624d-447e-bffd-64b15ee90de5_1781990301.jpg", "Photo_Filename": "33ed4bab-624d-447e-bffd-64b15ee90de5_1781990301.jpg" }, "geometry": { "type": "Point", "coordinates": [ -71.147462, 41.510015 ] } },
{ "type": "Feature", "properties": { "entry_id": "29615981-b5e2-4a27-901f-b949049a2288", "created_at": "2026-06-20T21:17:53Z", "gps_accuracy_m": 5.0, "Wall_Condition": "Poor", "Vegetation_Cover": "Clear (0-25% covered)", "Wall_Type": "Dumped (stones piled on ground)", "Stone_Shape": [ "Ball" ], "Special_Features": [ "Good candidate for repair" ], "Surveyor_Name": "John Sparks", "Comments": "", "Photo_URL": "https://five.epicollect.net/api/internal/media/little-compton-wall-inventory-2025?type=photo&format=entry_original&name=29615981-b5e2-4a27-901f-b949049a2288_1781990211.jpg", "Photo_Filename": "29615981-b5e2-4a27-901f-b949049a2288_1781990211.jpg" }, "geometry": { "type": "Point", "coordinates": [ -71.147475, 41.509959 ] } },
{ "type": "Feature", "properties": { "entry_id": "7921b7cf-6f01-4f80-bec4-49086174a5e6", "created_at": "2026-06-20T21:16:06Z", "gps_accuracy_m": 5.0, "Wall_Condition": "Fair", "Vegetation_Cover": "Clear (0-25% covered)", "Wall_Type": "Stacked (stones placed loosely)", "Stone_Shape": [ "Ball" ], "Special_Features": [ "Good candidate for repair" ], "Surveyor_Name": "John Sparks", "Comments": "", "Photo_URL": "https://five.epicollect.net/api/internal/media/little-compton-wall-inventory-2025?type=photo&format=entry_original&name=7921b7cf-6f01-4f80-bec4-49086174a5e6_1781990106.jpg", "Photo_Filename": "7921b7cf-6f01-4f80-bec4-49086174a5e6_1781990106.jpg" }, "geometry": { "type": "Point", "coordinates": [ -71.147475, 41.509959 ] } },
{ "type": "Feature", "properties": { "entry_id": "585695a4-69b6-42b2-9c44-aa43079f54a6", "created_at": "2026-06-20T21:14:28Z", "gps_accuracy_m": 5.0, "Wall_Condition": "Poor", "Vegetation_Cover": "Clear (0-25% covered)", "Wall_Type": "Stacked (stones placed loosely)", "Stone_Shape": [ "Ball" ], "Special_Features": [ "Opening in wall" ], "Surveyor_Name": "John Sparks", "Comments": "", "Photo_URL": "https://five.epicollect.net/api/internal/media/little-compton-wall-inventory-2025?type=photo&format=entry_original&name=585695a4-69b6-42b2-9c44-aa43079f54a6_1781989994.jpg", "Photo_Filename": "585695a4-69b6-42b2-9c44-aa43079f54a6_1781989994.jpg" }, "geometry": { "type": "Point", "coordinates": [ -71.147469, 41.509868 ] } },
{ "type": "Feature", "properties": { "entry_id": "626aae9a-8e30-45ae-9648-078573c0807a", "created_at": "2026-06-20T21:06:54Z", "gps_accuracy_m": 5.0, "Wall_Condition": "Poor", "Vegetation_Cover": "Quite covered (50-75% covered)", "Wall_Type": "Stacked (stones placed loosely)", "Stone_Shape": [ "Ball" ], "Special_Features": [ "Good candidate for repair" ], "Surveyor_Name": "John Sparks", "Comments": "", "Photo_URL": "https://five.epicollect.net/api/internal/media/little-compton-wall-inventory-2025?type=photo&format=entry_original&name=626aae9a-8e30-45ae-9648-078573c0807a_1781989562.jpg", "Photo_Filename": "626aae9a-8e30-45ae-9648-078573c0807a_1781989562.jpg" }, "geometry": { "type": "Point", "coordinates": [ -71.147477, 41.50977 ] } },
{ "type": "Feature", "properties": { "entry_id": "5507a656-6707-4fd5-b276-cf28846315e6", "created_at": "2026-06-20T21:05:24Z", "gps_accuracy_m": 5.0, "Wall_Condition": "Fair", "Vegetation_Cover": "Some overgrowth (25-50% covered)", "Wall_Type": "Stacked (stones placed loosely)", "Stone_Shape": [ "Ball" ], "Special_Features": [ "Good candidate for repair" ], "Surveyor_Name": "John sparks", "Comments": "", "Photo_URL": "https://five.epicollect.net/api/internal/media/little-compton-wall-inventory-2025?type=photo&format=entry_original&name=5507a656-6707-4fd5-b276-cf28846315e6_1781989464.jpg", "Photo_Filename": "5507a656-6707-4fd5-b276-cf28846315e6_1781989464.jpg" }, "geometry": { "type": "Point", "coordinates": [ -71.147449, 41.509624 ] } },
{ "type": "Feature", "properties": { "entry_id": "4c34e061-f2a2-439f-9849-9877dab56be8", "created_at": "2026-06-20T21:03:50Z", "gps_accuracy_m": 5.0, "Wall_Condition": "Fair", "Vegetation_Cover": "Some overgrowth (25-50% covered)", "Wall_Type": "Stacked (stones placed loosely)", "Stone_Shape": [ "Ball" ], "Special_Features": [ "Good candidate for repair" ], "Surveyor_Name": "John sparks", "Comments": "", "Photo_URL": "https://five.epicollect.net/api/internal/media/little-compton-wall-inventory-2025?type=photo&format=entry_original&name=4c34e061-f2a2-439f-9849-9877dab56be8_1781989388.jpg", "Photo_Filename": "4c34e061-f2a2-439f-9849-9877dab56be8_1781989388.jpg" }, "geometry": { "type": "Point", "coordinates": [ -71.147408, 41.509524 ] } },
{ "type": "Feature", "properties": { "entry_id": "3b01ca53-81c7-4395-bfa7-1ca1b869e8d2", "created_at": "2026-06-20T21:02:47Z", "gps_accuracy_m": 5.0, "Wall_Condition": "Fair", "Vegetation_Cover": "Quite covered (50-75% covered)", "Wall_Type": "Stacked (stones placed loosely)", "Stone_Shape": [ "Ball" ], "Special_Features": [ "Good candidate for repair" ], "Surveyor_Name": "John sparks", "Comments": "", "Photo_URL": "https://five.epicollect.net/api/internal/media/little-compton-wall-inventory-2025?type=photo&format=entry_original&name=3b01ca53-81c7-4395-bfa7-1ca1b869e8d2_1781989299.jpg", "Photo_Filename": "3b01ca53-81c7-4395-bfa7-1ca1b869e8d2_1781989299.jpg" }, "geometry": { "type": "Point", "coordinates": [ -71.147386, 41.509476 ] } },
{ "type": "Feature", "properties": { "entry_id": "462504e0-8e5a-4a3e-baeb-a35e6db2cef8", "created_at": "2026-06-20T21:01:08Z", "gps_accuracy_m": 5.0, "Wall_Condition": "Fair", "Vegetation_Cover": "Some overgrowth (25-50% covered)", "Wall_Type": "Stacked (stones placed loosely)", "Stone_Shape": [ "Ball" ], "Special_Features": [ "Good candidate for repair" ], "Surveyor_Name": "John sparks", "Comments": "", "Photo_URL": "https://five.epicollect.net/api/internal/media/little-compton-wall-inventory-2025?type=photo&format=entry_original&name=462504e0-8e5a-4a3e-baeb-a35e6db2cef8_1781989228.jpg", "Photo_Filename": "462504e0-8e5a-4a3e-baeb-a35e6db2cef8_1781989228.jpg" }, "geometry": { "type": "Point", "coordinates": [ -71.147384, 41.509295 ] } },
{ "type": "Feature", "properties": { "entry_id": "7acd06e1-d27e-488a-9a5b-bdfa7e2f88f2", "created_at": "2026-06-20T20:59:59Z", "gps_accuracy_m": 5.0, "Wall_Condition": "Fair", "Vegetation_Cover": "Some overgrowth (25-50% covered)", "Wall_Type": "Stacked (stones placed loosely)", "Stone_Shape": [ "Ball" ], "Special_Features": [ "Good candidate for repair" ], "Surveyor_Name": "John sparks", "Comments": "", "Photo_URL": "https://five.epicollect.net/api/internal/media/little-compton-wall-inventory-2025?type=photo&format=entry_original&name=7acd06e1-d27e-488a-9a5b-bdfa7e2f88f2_1781989150.jpg", "Photo_Filename": "7acd06e1-d27e-488a-9a5b-bdfa7e2f88f2_1781989150.jpg" }, "geometry": { "type": "Point", "coordinates": [ -71.147361, 41.509198 ] } },
{ "type": "Feature", "properties": { "entry_id": "30f4c878-22bb-4c88-9e2b-172b930b5dcb", "created_at": "2026-06-20T20:58:37Z", "gps_accuracy_m": 5.0, "Wall_Condition": "Fair", "Vegetation_Cover": "Quite covered (50-75% covered)", "Wall_Type": "Stacked (stones placed loosely)", "Stone_Shape": [ "Ball" ], "Special_Features": [ "Good candidate for repair" ], "Surveyor_Name": "John sparks", "Comments": "", "Photo_URL": "https://five.epicollect.net/api/internal/media/little-compton-wall-inventory-2025?type=photo&format=entry_original&name=30f4c878-22bb-4c88-9e2b-172b930b5dcb_1781989057.jpg", "Photo_Filename": "30f4c878-22bb-4c88-9e2b-172b930b5dcb_1781989057.jpg" }, "geometry": { "type": "Point", "coordinates": [ -71.147295, 41.50907 ] } },
{ "type": "Feature", "properties": { "entry_id": "44ac2b52-d6a7-4c91-86f3-25142ad092d3", "created_at": "2026-06-20T20:55:01Z", "gps_accuracy_m": 5.0, "Wall_Condition": "Fair", "Vegetation_Cover": "Some overgrowth (25-50% covered)", "Wall_Type": "Stacked (stones placed loosely)", "Stone_Shape": [ "Ball" ], "Special_Features": [ "Good candidate for repair" ], "Surveyor_Name": "John sparks", "Comments": "", "Photo_URL": "https://five.epicollect.net/api/internal/media/little-compton-wall-inventory-2025?type=photo&format=entry_original&name=44ac2b52-d6a7-4c91-86f3-25142ad092d3_1781988842.jpg", "Photo_Filename": "44ac2b52-d6a7-4c91-86f3-25142ad092d3_1781988842.jpg" }, "geometry": { "type": "Point", "coordinates": [ -71.147302, 41.509024 ] } },
{ "type": "Feature", "properties": { "entry_id": "429e5cfc-e6a7-48a2-bdbc-9a2bd7e602c0", "created_at": "2026-06-20T20:53:41Z", "gps_accuracy_m": 5.0, "Wall_Condition": "Good", "Vegetation_Cover": "Clear (0-25% covered)", "Wall_Type": "Laid (carefully selected and fitted)", "Stone_Shape": [ "Ball", "Slab" ], "Special_Features": [ "Recently rebuilt" ], "Surveyor_Name": "John sparks", "Comments": "", "Photo_URL": "https://five.epicollect.net/api/internal/media/little-compton-wall-inventory-2025?type=photo&format=entry_original&name=429e5cfc-e6a7-48a2-bdbc-9a2bd7e602c0_1781988750.jpg", "Photo_Filename": "429e5cfc-e6a7-48a2-bdbc-9a2bd7e602c0_1781988750.jpg" }, "geometry": { "type": "Point", "coordinates": [ -71.147273, 41.508882 ] } },
{ "type": "Feature", "properties": { "entry_id": "55044592-cb3c-4a37-99b9-229f6ceb2bde", "created_at": "2026-06-20T20:52:13Z", "gps_accuracy_m": 5.0, "Wall_Condition": "Fair", "Vegetation_Cover": "Clear (0-25% covered)", "Wall_Type": "Stacked (stones placed loosely)", "Stone_Shape": [ "Ball" ], "Special_Features": [ "Recently rebuilt" ], "Surveyor_Name": "John sparks", "Comments": "", "Photo_URL": "https://five.epicollect.net/api/internal/media/little-compton-wall-inventory-2025?type=photo&format=entry_original&name=55044592-cb3c-4a37-99b9-229f6ceb2bde_1781988649.jpg", "Photo_Filename": "55044592-cb3c-4a37-99b9-229f6ceb2bde_1781988649.jpg" }, "geometry": { "type": "Point", "coordinates": [ -71.147245, 41.508741 ] } },
{ "type": "Feature", "properties": { "entry_id": "e130bf33-61ac-4b1c-8dcb-b2bb767274b3", "created_at": "2026-06-20T20:50:13Z", "gps_accuracy_m": 5.0, "Wall_Condition": "Fair", "Vegetation_Cover": "Quite covered (50-75% covered)", "Wall_Type": "Stacked (stones placed loosely)", "Stone_Shape": [ "Ball" ], "Special_Features": [ "Good candidate for repair" ], "Surveyor_Name": "John sparks", "Comments": "", "Photo_URL": "https://five.epicollect.net/api/internal/media/little-compton-wall-inventory-2025?type=photo&format=entry_original&name=e130bf33-61ac-4b1c-8dcb-b2bb767274b3_1781988563.jpg", "Photo_Filename": "e130bf33-61ac-4b1c-8dcb-b2bb767274b3_1781988563.jpg" }, "geometry": { "type": "Point", "coordinates": [ -71.147251, 41.508637 ] } },
{ "type": "Feature", "properties": { "entry_id": "cbd96dae-ceda-40d1-b0ab-15b69b52ff3d", "created_at": "2026-06-20T20:48:52Z", "gps_accuracy_m": 5.0, "Wall_Condition": "Fair", "Vegetation_Cover": "Hidden (75-100% covered)", "Wall_Type": "Stacked (stones placed loosely)", "Stone_Shape": [ "Ball" ], "Special_Features": [ "Good candidate for repair" ], "Surveyor_Name": "John sparks", "Comments": "", "Photo_URL": "https://five.epicollect.net/api/internal/media/little-compton-wall-inventory-2025?type=photo&format=entry_original&name=cbd96dae-ceda-40d1-b0ab-15b69b52ff3d_1781988475.jpg", "Photo_Filename": "cbd96dae-ceda-40d1-b0ab-15b69b52ff3d_1781988475.jpg" }, "geometry": { "type": "Point", "coordinates": [ -71.147221, 41.508547 ] } },
{ "type": "Feature", "properties": { "entry_id": "f79c2ba2-9b68-4e40-83ee-ded39604b65d", "created_at": "2026-06-20T20:43:13Z", "gps_accuracy_m": 3.0, "Wall_Condition": "Fair", "Vegetation_Cover": "Hidden (75-100% covered)", "Wall_Type": "Stacked (stones placed loosely)", "Stone_Shape": [ "Ball" ], "Special_Features": [ "Good candidate for repair" ], "Surveyor_Name": "John sparks", "Comments": "", "Photo_URL": "https://five.epicollect.net/api/internal/media/little-compton-wall-inventory-2025?type=photo&format=entry_original&name=f79c2ba2-9b68-4e40-83ee-ded39604b65d_1781988043.jpg", "Photo_Filename": "f79c2ba2-9b68-4e40-83ee-ded39604b65d_1781988043.jpg" }, "geometry": { "type": "Point", "coordinates": [ -71.14715, 41.508318 ] } },
{ "type": "Feature", "properties": { "entry_id": "c3821d36-6d2a-4aca-ba34-9673265be74e", "created_at": "2026-06-07T15:22:27Z", "gps_accuracy_m": 5.0, "Wall_Condition": "Fair", "Vegetation_Cover": "Quite covered (50-75% covered)", "Wall_Type": "Stacked (stones placed loosely)", "Stone_Shape": [ "Ball", "Slab" ], "Special_Features": [ "Other (add comment)" ], "Surveyor_Name": "Donna", "Comments": "Covered with invasives", "Photo_URL": "https://five.epicollect.net/api/internal/media/little-compton-wall-inventory-2025?type=photo&format=entry_original&name=c3821d36-6d2a-4aca-ba34-9673265be74e_1780845703.jpg", "Photo_Filename": "c3821d36-6d2a-4aca-ba34-9673265be74e_1780845703.jpg" }, "geometry": { "type": "Point", "coordinates": [ -71.147869, 41.493089 ] } },
{ "type": "Feature", "properties": { "entry_id": "de9e9a0b-208e-42d2-8b15-61488837974e", "created_at": "2026-06-07T15:20:45Z", "gps_accuracy_m": 8.0, "Wall_Condition": "Fair", "Vegetation_Cover": "Quite covered (50-75% covered)", "Wall_Type": "Stacked (stones placed loosely)", "Stone_Shape": [ "Ball", "Slab" ], "Special_Features": [ ], "Surveyor_Name": "Donna", "Comments": "", "Photo_URL": "https://five.epicollect.net/api/internal/media/little-compton-wall-inventory-2025?type=photo&format=entry_original&name=de9e9a0b-208e-42d2-8b15-61488837974e_1780845618.jpg", "Photo_Filename": "de9e9a0b-208e-42d2-8b15-61488837974e_1780845618.jpg" }, "geometry": { "type": "Point", "coordinates": [ -71.148022, 41.49301 ] } },
{ "type": "Feature", "properties": { "entry_id": "cf503db1-f1b8-4ab8-9df5-05d133cda5a1", "created_at": "2026-06-07T15:19:39Z", "gps_accuracy_m": 6.0, "Wall_Condition": "Fair", "Vegetation_Cover": "Hidden (75-100% covered)", "Wall_Type": "Stacked (stones placed loosely)", "Stone_Shape": [ "Slab", "Ball" ], "Special_Features": [ "Other (add comment)" ], "Surveyor_Name": "Donna", "Comments": "Covered by invasives for about 150 ft", "Photo_URL": "https://five.epicollect.net/api/internal/media/little-compton-wall-inventory-2025?type=photo&format=entry_original&name=cf503db1-f1b8-4ab8-9df5-05d133cda5a1_1780845519.jpg", "Photo_Filename": "cf503db1-f1b8-4ab8-9df5-05d133cda5a1_1780845519.jpg" }, "geometry": { "type": "Point", "coordinates": [ -71.148317, 41.492844 ] } },
{ "type": "Feature", "properties": { "entry_id": "e15e8c41-ae13-45d9-92a1-d1154ea8f14a", "created_at": "2026-06-07T15:17:45Z", "gps_accuracy_m": 8.0, "Wall_Condition": "Good", "Vegetation_Cover": "Clear (0-25% covered)", "Wall_Type": "Laid (carefully selected and fitted)", "Stone_Shape": [ "Tablet", "Slab", "Ball" ], "Special_Features": [ "Flat top" ], "Surveyor_Name": "Donna", "Comments": "", "Photo_URL": "https://five.epicollect.net/api/internal/media/little-compton-wall-inventory-2025?type=photo&format=entry_original&name=e15e8c41-ae13-45d9-92a1-d1154ea8f14a_1780845432.jpg", "Photo_Filename": "e15e8c41-ae13-45d9-92a1-d1154ea8f14a_1780845432.jpg" }, "geometry": { "type": "Point", "coordinates": [ -71.148539, 41.492682 ] } },
{ "type": "Feature", "properties": { "entry_id": "b10fe869-2e85-4493-917b-7810a09ca570", "created_at": "2026-06-07T15:16:33Z", "gps_accuracy_m": 11.0, "Wall_Condition": "Fair", "Vegetation_Cover": "Hidden (75-100% covered)", "Wall_Type": "Stacked (stones placed loosely)", "Stone_Shape": [ "Ball" ], "Special_Features": [ "Good candidate for repair" ], "Surveyor_Name": "Donna", "Comments": "", "Photo_URL": "https://five.epicollect.net/api/internal/media/little-compton-wall-inventory-2025?type=photo&format=entry_original&name=b10fe869-2e85-4493-917b-7810a09ca570_1780845358.jpg", "Photo_Filename": "b10fe869-2e85-4493-917b-7810a09ca570_1780845358.jpg" }, "geometry": { "type": "Point", "coordinates": [ -71.148836, 41.492582 ] } },
{ "type": "Feature", "properties": { "entry_id": "43a84303-28cc-4b05-bb75-fe1222fae337", "created_at": "2026-06-07T15:15:26Z", "gps_accuracy_m": 3.0, "Wall_Condition": "Fair", "Vegetation_Cover": "Some overgrowth (25-50% covered)", "Wall_Type": "Stacked (stones placed loosely)", "Stone_Shape": [ "Ball" ], "Special_Features": [ ], "Surveyor_Name": "Donna", "Comments": "", "Photo_URL": "https://five.epicollect.net/api/internal/media/little-compton-wall-inventory-2025?type=photo&format=entry_original&name=43a84303-28cc-4b05-bb75-fe1222fae337_1780845283.jpg", "Photo_Filename": "43a84303-28cc-4b05-bb75-fe1222fae337_1780845283.jpg" }, "geometry": { "type": "Point", "coordinates": [ -71.148775, 41.492599 ] } },
{ "type": "Feature", "properties": { "entry_id": "0c627221-16b5-4733-9958-e60326d04e6e", "created_at": "2026-06-07T15:14:05Z", "gps_accuracy_m": 6.0, "Wall_Condition": "Fair", "Vegetation_Cover": "Some overgrowth (25-50% covered)", "Wall_Type": "Laid (carefully selected and fitted)", "Stone_Shape": [ "Slab", "Tablet" ], "Special_Features": [ "Flat top" ], "Surveyor_Name": "Donna", "Comments": "", "Photo_URL": "https://five.epicollect.net/api/internal/media/little-compton-wall-inventory-2025?type=photo&format=entry_original&name=0c627221-16b5-4733-9958-e60326d04e6e_1780845202.jpg", "Photo_Filename": "0c627221-16b5-4733-9958-e60326d04e6e_1780845202.jpg" }, "geometry": { "type": "Point", "coordinates": [ -71.14889, 41.492552 ] } },
{ "type": "Feature", "properties": { "entry_id": "04577568-4ac2-4f14-abb9-840da0cdbcfe", "created_at": "2026-06-07T15:12:13Z", "gps_accuracy_m": 8.0, "Wall_Condition": "Good", "Vegetation_Cover": "Clear (0-25% covered)", "Wall_Type": "Stacked (stones placed loosely)", "Stone_Shape": [ "Ball", "Tablet", "Slab" ], "Special_Features": [ "Flat top", "Other (add comment)" ], "Surveyor_Name": "Donna", "Comments": "Same for 150 feet", "Photo_URL": "https://five.epicollect.net/api/internal/media/little-compton-wall-inventory-2025?type=photo&format=entry_original&name=04577568-4ac2-4f14-abb9-840da0cdbcfe_1780845062.jpg", "Photo_Filename": "04577568-4ac2-4f14-abb9-840da0cdbcfe_1780845062.jpg" }, "geometry": { "type": "Point", "coordinates": [ -71.14943, 41.492192 ] } },
{ "type": "Feature", "properties": { "entry_id": "05348a5d-fe69-4df5-913d-6f9bee9f8687", "created_at": "2026-06-07T15:10:08Z", "gps_accuracy_m": 7.0, "Wall_Condition": "Poor", "Vegetation_Cover": "Clear (0-25% covered)", "Wall_Type": "Stacked (stones placed loosely)", "Stone_Shape": [ "Ball" ], "Special_Features": [ "Good candidate for repair" ], "Surveyor_Name": "Donna", "Comments": "", "Photo_URL": "https://five.epicollect.net/api/internal/media/little-compton-wall-inventory-2025?type=photo&format=entry_original&name=05348a5d-fe69-4df5-913d-6f9bee9f8687_1780844968.jpg", "Photo_Filename": "05348a5d-fe69-4df5-913d-6f9bee9f8687_1780844968.jpg" }, "geometry": { "type": "Point", "coordinates": [ -71.149739, 41.491998 ] } },
{ "type": "Feature", "properties": { "entry_id": "10a169c4-8131-4fcd-96ec-ca4b4ea7ac78", "created_at": "2026-06-07T15:08:53Z", "gps_accuracy_m": 6.0, "Wall_Condition": "Good", "Vegetation_Cover": "Clear (0-25% covered)", "Wall_Type": "Laid (carefully selected and fitted)", "Stone_Shape": [ "Ball", "Tablet" ], "Special_Features": [ "Flat top", "Good candidate for repair" ], "Surveyor_Name": "Donna", "Comments": "", "Photo_URL": "https://five.epicollect.net/api/internal/media/little-compton-wall-inventory-2025?type=photo&format=entry_original&name=10a169c4-8131-4fcd-96ec-ca4b4ea7ac78_1780844880.jpg", "Photo_Filename": "10a169c4-8131-4fcd-96ec-ca4b4ea7ac78_1780844880.jpg" }, "geometry": { "type": "Point", "coordinates": [ -71.149927, 41.49186 ] } },
{ "type": "Feature", "properties": { "entry_id": "ab8f45c0-3259-4f3b-8283-49cbf47fb56e", "created_at": "2026-06-07T15:07:01Z", "gps_accuracy_m": 8.0, "Wall_Condition": "Good", "Vegetation_Cover": "Clear (0-25% covered)", "Wall_Type": "Laid (carefully selected and fitted)", "Stone_Shape": [ "Slab", "Tablet" ], "Special_Features": [ "Flat top" ], "Surveyor_Name": "Donna", "Comments": "", "Photo_URL": "https://five.epicollect.net/api/internal/media/little-compton-wall-inventory-2025?type=photo&format=entry_original&name=ab8f45c0-3259-4f3b-8283-49cbf47fb56e_1780844791.jpg", "Photo_Filename": "ab8f45c0-3259-4f3b-8283-49cbf47fb56e_1780844791.jpg" }, "geometry": { "type": "Point", "coordinates": [ -71.15016, 41.491762 ] } },
{ "type": "Feature", "properties": { "entry_id": "2da972a8-6733-4855-9cf0-b29352e3cb8d", "created_at": "2026-06-07T15:05:41Z", "gps_accuracy_m": 6.0, "Wall_Condition": "Good", "Vegetation_Cover": "Some overgrowth (25-50% covered)", "Wall_Type": "Laid (carefully selected and fitted)", "Stone_Shape": [ "Slab", "Tablet" ], "Special_Features": [ "Flat top" ], "Surveyor_Name": "Donna", "Comments": "", "Photo_URL": "https://five.epicollect.net/api/internal/media/little-compton-wall-inventory-2025?type=photo&format=entry_original&name=2da972a8-6733-4855-9cf0-b29352e3cb8d_1780844704.jpg", "Photo_Filename": "2da972a8-6733-4855-9cf0-b29352e3cb8d_1780844704.jpg" }, "geometry": { "type": "Point", "coordinates": [ -71.15035, 41.491651 ] } },
{ "type": "Feature", "properties": { "entry_id": "5298d6a4-37a3-4d82-bf54-6cb2d94f1afb", "created_at": "2026-06-07T15:04:21Z", "gps_accuracy_m": 3.0, "Wall_Condition": "Good", "Vegetation_Cover": "Some overgrowth (25-50% covered)", "Wall_Type": "Laid (carefully selected and fitted)", "Stone_Shape": [ "Tablet", "Slab" ], "Special_Features": [ "Flat top" ], "Surveyor_Name": "Donna", "Comments": "", "Photo_URL": "https://five.epicollect.net/api/internal/media/little-compton-wall-inventory-2025?type=photo&format=entry_original&name=5298d6a4-37a3-4d82-bf54-6cb2d94f1afb_1780844620.jpg", "Photo_Filename": "5298d6a4-37a3-4d82-bf54-6cb2d94f1afb_1780844620.jpg" }, "geometry": { "type": "Point", "coordinates": [ -71.150515, 41.49154 ] } },
{ "type": "Feature", "properties": { "entry_id": "e04a9b7d-30b9-413d-92b6-d9b34540c330", "created_at": "2026-06-07T15:00:30Z", "gps_accuracy_m": 2.0, "Wall_Condition": "Good", "Vegetation_Cover": "Clear (0-25% covered)", "Wall_Type": "Laid (carefully selected and fitted)", "Stone_Shape": [ "Slab", "Tablet" ], "Special_Features": [ "Flat top" ], "Surveyor_Name": "Donna", "Comments": "", "Photo_URL": "https://five.epicollect.net/api/internal/media/little-compton-wall-inventory-2025?type=photo&format=entry_original&name=e04a9b7d-30b9-413d-92b6-d9b34540c330_1780844330.jpg", "Photo_Filename": "e04a9b7d-30b9-413d-92b6-d9b34540c330_1780844330.jpg" }, "geometry": { "type": "Point", "coordinates": [ -71.150968, 41.491258 ] } },
{ "type": "Feature", "properties": { "entry_id": "5e0bb8c0-1e5f-413e-b1b8-09a69c14fcf5", "created_at": "2026-06-07T14:46:18Z", "gps_accuracy_m": 3.0, "Wall_Condition": "Good", "Vegetation_Cover": "Clear (0-25% covered)", "Wall_Type": "Laid (carefully selected and fitted)", "Stone_Shape": [ "Ball", "Slab", "Tablet" ], "Special_Features": [ "Flat top" ], "Surveyor_Name": "Donna", "Comments": "", "Photo_URL": "https://five.epicollect.net/api/internal/media/little-compton-wall-inventory-2025?type=photo&format=entry_original&name=5e0bb8c0-1e5f-413e-b1b8-09a69c14fcf5_1780843539.jpg", "Photo_Filename": "5e0bb8c0-1e5f-413e-b1b8-09a69c14fcf5_1780843539.jpg" }, "geometry": { "type": "Point", "coordinates": [ -71.150494, 41.491608 ] } },
{ "type": "Feature", "properties": { "entry_id": "d5af79ec-506f-493b-85f1-be6b9a5f4438", "created_at": "2026-06-07T14:44:40Z", "gps_accuracy_m": 7.0, "Wall_Condition": "Good", "Vegetation_Cover": "Clear (0-25% covered)", "Wall_Type": "Laid (carefully selected and fitted)", "Stone_Shape": [ "Ball", "Tablet", "Slab" ], "Special_Features": [ "Flat top", "Recently rebuilt" ], "Surveyor_Name": "Donna", "Comments": "", "Photo_URL": "https://five.epicollect.net/api/internal/media/little-compton-wall-inventory-2025?type=photo&format=entry_original&name=d5af79ec-506f-493b-85f1-be6b9a5f4438_1780843438.jpg", "Photo_Filename": "d5af79ec-506f-493b-85f1-be6b9a5f4438_1780843438.jpg" }, "geometry": { "type": "Point", "coordinates": [ -71.150377, 41.491754 ] } },
{ "type": "Feature", "properties": { "entry_id": "e0c34369-0ade-48c7-bf61-0ad1d8fcd849", "created_at": "2026-06-07T14:42:30Z", "gps_accuracy_m": 2.0, "Wall_Condition": "Good", "Vegetation_Cover": "Clear (0-25% covered)", "Wall_Type": "Laid (carefully selected and fitted)", "Stone_Shape": [ "Tablet", "Slab", "Ball" ], "Special_Features": [ "Flat top" ], "Surveyor_Name": "Donna", "Comments": "", "Photo_URL": "https://five.epicollect.net/api/internal/media/little-compton-wall-inventory-2025?type=photo&format=entry_original&name=e0c34369-0ade-48c7-bf61-0ad1d8fcd849_1780843273.jpg", "Photo_Filename": "e0c34369-0ade-48c7-bf61-0ad1d8fcd849_1780843273.jpg" }, "geometry": { "type": "Point", "coordinates": [ -71.150204, 41.491921 ] } },
{ "type": "Feature", "properties": { "entry_id": "23c537d4-051e-44dd-acdc-928fc997a0b2", "created_at": "2026-06-07T14:37:25Z", "gps_accuracy_m": 8.0, "Wall_Condition": "Poor", "Vegetation_Cover": "Hidden (75-100% covered)", "Wall_Type": "Stacked (stones placed loosely)", "Stone_Shape": [ "Ball" ], "Special_Features": [ "Good candidate for repair", "Other (add comment)" ], "Surveyor_Name": "Donna", "Comments": "Same condition for 300 feet", "Photo_URL": "https://five.epicollect.net/api/internal/media/little-compton-wall-inventory-2025?type=photo&format=entry_original&name=23c537d4-051e-44dd-acdc-928fc997a0b2_1780843000.jpg", "Photo_Filename": "23c537d4-051e-44dd-acdc-928fc997a0b2_1780843000.jpg" }, "geometry": { "type": "Point", "coordinates": [ -71.149319, 41.492288 ] } },
{ "type": "Feature", "properties": { "entry_id": "16ec6bfa-6be3-497b-8b90-0cc7c0fdfb47", "created_at": "2026-06-07T14:35:46Z", "gps_accuracy_m": 13.0, "Wall_Condition": "Poor", "Vegetation_Cover": "Hidden (75-100% covered)", "Wall_Type": "Stacked (stones placed loosely)", "Stone_Shape": [ "Ball" ], "Special_Features": [ "Good candidate for repair" ], "Surveyor_Name": "Donna", "Comments": "", "Photo_URL": "https://five.epicollect.net/api/internal/media/little-compton-wall-inventory-2025?type=photo&format=entry_original&name=16ec6bfa-6be3-497b-8b90-0cc7c0fdfb47_1780842885.jpg", "Photo_Filename": "16ec6bfa-6be3-497b-8b90-0cc7c0fdfb47_1780842885.jpg" }, "geometry": { "type": "Point", "coordinates": [ -71.149264, 41.492349 ] } },
{ "type": "Feature", "properties": { "entry_id": "7b1ad139-7463-49d6-9481-af1e7cdf4c22", "created_at": "2026-06-07T14:32:16Z", "gps_accuracy_m": 13.0, "Wall_Condition": "Good", "Vegetation_Cover": "Clear (0-25% covered)", "Wall_Type": "Laid (carefully selected and fitted)", "Stone_Shape": [ "Tablet", "Slab", "Block" ], "Special_Features": [ "Flat top" ], "Surveyor_Name": "Donna", "Comments": "", "Photo_URL": "https://five.epicollect.net/api/internal/media/little-compton-wall-inventory-2025?type=photo&format=entry_original&name=7b1ad139-7463-49d6-9481-af1e7cdf4c22_1780842667.jpg", "Photo_Filename": "7b1ad139-7463-49d6-9481-af1e7cdf4c22_1780842667.jpg" }, "geometry": { "type": "Point", "coordinates": [ -71.148818, 41.492597 ] } },
{ "type": "Feature", "properties": { "entry_id": "dbac9430-4427-4d5c-864a-4e74ab10899f", "created_at": "2026-06-07T14:26:41Z", "gps_accuracy_m": 3.0, "Wall_Condition": "Good", "Vegetation_Cover": "Hidden (75-100% covered)", "Wall_Type": "Laid (carefully selected and fitted)", "Stone_Shape": [ "Slab", "Ball", "Tablet" ], "Special_Features": [ "Flat top", "Other (add comment)" ], "Surveyor_Name": "Donna", "Comments": "Invasives covering ; conditions remain the same for the next 120 feet", "Photo_URL": "https://five.epicollect.net/api/internal/media/little-compton-wall-inventory-2025?type=photo&format=entry_original&name=dbac9430-4427-4d5c-864a-4e74ab10899f_1780842251.jpg", "Photo_Filename": "dbac9430-4427-4d5c-864a-4e74ab10899f_1780842251.jpg" }, "geometry": { "type": "Point", "coordinates": [ -71.148103, 41.492983 ] } },
{ "type": "Feature", "properties": { "entry_id": "f76f6838-6101-4906-b645-d5f0faf4e211", "created_at": "2026-06-07T14:21:38Z", "gps_accuracy_m": 10.0, "Wall_Condition": "Good", "Vegetation_Cover": "Hidden (75-100% covered)", "Wall_Type": "Laid (carefully selected and fitted)", "Stone_Shape": [ "Block" ], "Special_Features": [ "Flat top", "Other (add comment)" ], "Surveyor_Name": "Donna", "Comments": "Covered with invasives", "Photo_URL": "https://five.epicollect.net/api/internal/media/little-compton-wall-inventory-2025?type=photo&format=entry_original&name=f76f6838-6101-4906-b645-d5f0faf4e211_1780842013.jpg", "Photo_Filename": "f76f6838-6101-4906-b645-d5f0faf4e211_1780842013.jpg" }, "geometry": { "type": "Point", "coordinates": [ -71.147961, 41.49304 ] } },
{ "type": "Feature", "properties": { "entry_id": "e7eb9773-3972-4a15-9fea-4e66e408f770", "created_at": "2026-06-07T14:18:49Z", "gps_accuracy_m": 3.0, "Wall_Condition": "Good", "Vegetation_Cover": "Some overgrowth (25-50% covered)", "Wall_Type": "Laid (carefully selected and fitted)", "Stone_Shape": [ "Tablet", "Pillow", "Ball" ], "Special_Features": [ "Flat top" ], "Surveyor_Name": "Donna", "Comments": "", "Photo_URL": "https://five.epicollect.net/api/internal/media/little-compton-wall-inventory-2025?type=photo&format=entry_original&name=e7eb9773-3972-4a15-9fea-4e66e408f770_1780841873.jpg", "Photo_Filename": "e7eb9773-3972-4a15-9fea-4e66e408f770_1780841873.jpg" }, "geometry": { "type": "Point", "coordinates": [ -71.147781, 41.493202 ] } },
{ "type": "Feature", "properties": { "entry_id": "868dd911-fc71-401f-b74f-1785ce4125bd", "created_at": "2026-06-07T14:16:53Z", "gps_accuracy_m": 4.0, "Wall_Condition": "Good", "Vegetation_Cover": "Clear (0-25% covered)", "Wall_Type": "Laid (carefully selected and fitted)", "Stone_Shape": [ "Tablet", "Pillow", "Ball" ], "Special_Features": [ "Flat top" ], "Surveyor_Name": "Donna", "Comments": "", "Photo_URL": "https://five.epicollect.net/api/internal/media/little-compton-wall-inventory-2025?type=photo&format=entry_original&name=868dd911-fc71-401f-b74f-1785ce4125bd_1780841749.jpg", "Photo_Filename": "868dd911-fc71-401f-b74f-1785ce4125bd_1780841749.jpg" }, "geometry": { "type": "Point", "coordinates": [ -71.147632, 41.493307 ] } },
{ "type": "Feature", "properties": { "entry_id": "abd3761e-8fac-4f28-9e8d-7e898d175bb7", "created_at": "2026-06-07T14:13:59Z", "gps_accuracy_m": 12.0, "Wall_Condition": "Good", "Vegetation_Cover": "Clear (0-25% covered)", "Wall_Type": "Laid (carefully selected and fitted)", "Stone_Shape": [ "Slab", "Pillow" ], "Special_Features": [ "Flat top" ], "Surveyor_Name": "Donna", "Comments": "", "Photo_URL": "https://five.epicollect.net/api/internal/media/little-compton-wall-inventory-2025?type=photo&format=entry_original&name=abd3761e-8fac-4f28-9e8d-7e898d175bb7_1780841158.jpg", "Photo_Filename": "abd3761e-8fac-4f28-9e8d-7e898d175bb7_1780841158.jpg" }, "geometry": { "type": "Point", "coordinates": [ -71.147745, 41.493351 ] } },
{ "type": "Feature", "properties": { "entry_id": "2a0e35b2-5804-4be7-ac9f-79a560b47d3e", "created_at": "2026-05-25T23:05:20Z", "gps_accuracy_m": 25.0, "Wall_Condition": "Poor", "Vegetation_Cover": "Clear (0-25% covered)", "Wall_Type": "Stacked (stones placed loosely)", "Stone_Shape": [ "Ball", "Slab" ], "Special_Features": [ ], "Surveyor_Name": "Steve", "Comments": "", "Photo_URL": "https://five.epicollect.net/api/internal/media/little-compton-wall-inventory-2025?type=photo&format=entry_original&name=2a0e35b2-5804-4be7-ac9f-79a560b47d3e_1779750281.jpg", "Photo_Filename": "2a0e35b2-5804-4be7-ac9f-79a560b47d3e_1779750281.jpg" }, "geometry": { "type": "Point", "coordinates": [ -71.135975, 41.55142 ] } },
{ "type": "Feature", "properties": { "entry_id": "2bfe88a7-3b40-48c5-9bef-4f0f8638f78b", "created_at": "2026-05-25T23:04:17Z", "gps_accuracy_m": 13.0, "Wall_Condition": "Good", "Vegetation_Cover": "Clear (0-25% covered)", "Wall_Type": "Stacked (stones placed loosely)", "Stone_Shape": [ "Ball", "Slab" ], "Special_Features": [ ], "Surveyor_Name": "Steve", "Comments": "", "Photo_URL": "https://five.epicollect.net/api/internal/media/little-compton-wall-inventory-2025?type=photo&format=entry_original&name=2bfe88a7-3b40-48c5-9bef-4f0f8638f78b_1779750215.jpg", "Photo_Filename": "2bfe88a7-3b40-48c5-9bef-4f0f8638f78b_1779750215.jpg" }, "geometry": { "type": "Point", "coordinates": [ -71.135693, 41.551045 ] } },
{ "type": "Feature", "properties": { "entry_id": "9d419373-1f7d-458a-b806-f3b5e779bdfd", "created_at": "2026-04-28T17:12:48Z", "gps_accuracy_m": 51.0, "Wall_Condition": "Good", "Vegetation_Cover": "Clear (0-25% covered)", "Wall_Type": "Laid (carefully selected and fitted)", "Stone_Shape": [ "Ball", "Pillow", "Block" ], "Special_Features": [ "Flat top", "Opening in wall" ], "Surveyor_Name": "terry mowers", "Comments": "", "Photo_URL": "https://five.epicollect.net/api/internal/media/little-compton-wall-inventory-2025?type=photo&format=entry_original&name=9d419373-1f7d-458a-b806-f3b5e779bdfd_1777396294.jpg", "Photo_Filename": "9d419373-1f7d-458a-b806-f3b5e779bdfd_1777396294.jpg" }, "geometry": { "type": "Point", "coordinates": [ -71.145347, 41.500624 ] } },
{ "type": "Feature", "properties": { "entry_id": "db10ffb9-c2be-46ad-8ef9-b192c7e32c29", "created_at": "2026-04-28T17:10:49Z", "gps_accuracy_m": 51.0, "Wall_Condition": "Good", "Vegetation_Cover": "Clear (0-25% covered)", "Wall_Type": "Laid (carefully selected and fitted)", "Stone_Shape": [ "Ball", "Block", "Pillow" ], "Special_Features": [ "Flat top" ], "Surveyor_Name": "terry mowers", "Comments": "", "Photo_URL": "https://five.epicollect.net/api/internal/media/little-compton-wall-inventory-2025?type=photo&format=entry_original&name=db10ffb9-c2be-46ad-8ef9-b192c7e32c29_1777396197.jpg", "Photo_Filename": "db10ffb9-c2be-46ad-8ef9-b192c7e32c29_1777396197.jpg" }, "geometry": { "type": "Point", "coordinates": [ -71.145678, 41.500879 ] } },
{ "type": "Feature", "properties": { "entry_id": "bd6eec9d-c04f-4003-bd50-672c39674b75", "created_at": "2026-04-28T17:09:26Z", "gps_accuracy_m": 4.0, "Wall_Condition": "Good", "Vegetation_Cover": "Clear (0-25% covered)", "Wall_Type": "Laid (carefully selected and fitted)", "Stone_Shape": [ "Ball", "Block", "Pillow" ], "Special_Features": [ "Flat top" ], "Surveyor_Name": "terry mowers", "Comments": "", "Photo_URL": "https://five.epicollect.net/api/internal/media/little-compton-wall-inventory-2025?type=photo&format=entry_original&name=bd6eec9d-c04f-4003-bd50-672c39674b75_1777396099.jpg", "Photo_Filename": "bd6eec9d-c04f-4003-bd50-672c39674b75_1777396099.jpg" }, "geometry": { "type": "Point", "coordinates": [ -71.14546, 41.500422 ] } },
{ "type": "Feature", "properties": { "entry_id": "aafbe3c2-ccae-4443-828d-35fa9bd957c1", "created_at": "2026-04-28T17:07:28Z", "gps_accuracy_m": 4.0, "Wall_Condition": "Good", "Vegetation_Cover": "Clear (0-25% covered)", "Wall_Type": "Laid (carefully selected and fitted)", "Stone_Shape": [ "Ball", "Block", "Pillow" ], "Special_Features": [ "Flat top" ], "Surveyor_Name": "terry mowers", "Comments": "", "Photo_URL": "https://five.epicollect.net/api/internal/media/little-compton-wall-inventory-2025?type=photo&format=entry_original&name=aafbe3c2-ccae-4443-828d-35fa9bd957c1_1777395920.jpg", "Photo_Filename": "aafbe3c2-ccae-4443-828d-35fa9bd957c1_1777395920.jpg" }, "geometry": { "type": "Point", "coordinates": [ -71.14555, 41.500344 ] } },
{ "type": "Feature", "properties": { "entry_id": "aac225ac-78a8-45c1-8268-bbefcf0adb0c", "created_at": "2026-04-28T17:04:32Z", "gps_accuracy_m": 8.0, "Wall_Condition": "Poor", "Vegetation_Cover": "Some overgrowth (25-50% covered)", "Wall_Type": "Stacked (stones placed loosely)", "Stone_Shape": [ "Ball", "Block", "Pillow" ], "Special_Features": [ ], "Surveyor_Name": "terry mowers", "Comments": "", "Photo_URL": "https://five.epicollect.net/api/internal/media/little-compton-wall-inventory-2025?type=photo&format=entry_original&name=aac225ac-78a8-45c1-8268-bbefcf0adb0c_1777395818.jpg", "Photo_Filename": "aac225ac-78a8-45c1-8268-bbefcf0adb0c_1777395818.jpg" }, "geometry": { "type": "Point", "coordinates": [ -71.145523, 41.500414 ] } },
{ "type": "Feature", "properties": { "entry_id": "abd229c3-81ce-4415-8a22-184892d34b53", "created_at": "2026-04-28T17:02:51Z", "gps_accuracy_m": 11.0, "Wall_Condition": "Poor", "Vegetation_Cover": "Some overgrowth (25-50% covered)", "Wall_Type": "Stacked (stones placed loosely)", "Stone_Shape": [ "Ball", "Block", "Pillow" ], "Special_Features": [ ], "Surveyor_Name": "terry mowers", "Comments": "", "Photo_URL": "https://five.epicollect.net/api/internal/media/little-compton-wall-inventory-2025?type=photo&format=entry_original&name=abd229c3-81ce-4415-8a22-184892d34b53_1777395732.jpg", "Photo_Filename": "abd229c3-81ce-4415-8a22-184892d34b53_1777395732.jpg" }, "geometry": { "type": "Point", "coordinates": [ -71.145819, 41.500381 ] } },
{ "type": "Feature", "properties": { "entry_id": "1adfc105-7465-4c28-816d-9880daa6d226", "created_at": "2026-04-28T17:01:26Z", "gps_accuracy_m": 46.0, "Wall_Condition": "Poor", "Vegetation_Cover": "Some overgrowth (25-50% covered)", "Wall_Type": "Stacked (stones placed loosely)", "Stone_Shape": [ "Ball", "Block", "Pillow" ], "Special_Features": [ ], "Surveyor_Name": "terry mowers", "Comments": "", "Photo_URL": "https://five.epicollect.net/api/internal/media/little-compton-wall-inventory-2025?type=photo&format=entry_original&name=1adfc105-7465-4c28-816d-9880daa6d226_1777395638.jpg", "Photo_Filename": "1adfc105-7465-4c28-816d-9880daa6d226_1777395638.jpg" }, "geometry": { "type": "Point", "coordinates": [ -71.145919, 41.500294 ] } },
{ "type": "Feature", "properties": { "entry_id": "8152d8e6-92dc-4339-88b6-b2e56bc11e7c", "created_at": "2026-04-28T16:59:59Z", "gps_accuracy_m": 10.0, "Wall_Condition": "Poor", "Vegetation_Cover": "Some overgrowth (25-50% covered)", "Wall_Type": "Stacked (stones placed loosely)", "Stone_Shape": [ "Ball", "Pillow", "Block" ], "Special_Features": [ ], "Surveyor_Name": "terry mowers", "Comments": "", "Photo_URL": "https://five.epicollect.net/api/internal/media/little-compton-wall-inventory-2025?type=photo&format=entry_original&name=8152d8e6-92dc-4339-88b6-b2e56bc11e7c_1777395550.jpg", "Photo_Filename": "8152d8e6-92dc-4339-88b6-b2e56bc11e7c_1777395550.jpg" }, "geometry": { "type": "Point", "coordinates": [ -71.146002, 41.500241 ] } },
{ "type": "Feature", "properties": { "entry_id": "ad449a20-5058-4e0b-9291-ed1a2caf5b3c", "created_at": "2026-04-28T16:58:37Z", "gps_accuracy_m": 5.0, "Wall_Condition": "Poor", "Vegetation_Cover": "Quite covered (50-75% covered)", "Wall_Type": "Stacked (stones placed loosely)", "Stone_Shape": [ "Ball", "Block", "Pillow" ], "Special_Features": [ ], "Surveyor_Name": "terry mowers", "Comments": "", "Photo_URL": "https://five.epicollect.net/api/internal/media/little-compton-wall-inventory-2025?type=photo&format=entry_original&name=ad449a20-5058-4e0b-9291-ed1a2caf5b3c_1777395485.jpg", "Photo_Filename": "ad449a20-5058-4e0b-9291-ed1a2caf5b3c_1777395485.jpg" }, "geometry": { "type": "Point", "coordinates": [ -71.146089, 41.500218 ] } },
{ "type": "Feature", "properties": { "entry_id": "fb08fb63-e623-4a3c-b9aa-09b025254c80", "created_at": "2026-04-28T16:57:29Z", "gps_accuracy_m": 8.0, "Wall_Condition": "Poor", "Vegetation_Cover": "Some overgrowth (25-50% covered)", "Wall_Type": "Stacked (stones placed loosely)", "Stone_Shape": [ "Ball", "Pillow", "Block" ], "Special_Features": [ ], "Surveyor_Name": "terry mowers", "Comments": "", "Photo_URL": "https://five.epicollect.net/api/internal/media/little-compton-wall-inventory-2025?type=photo&format=entry_original&name=fb08fb63-e623-4a3c-b9aa-09b025254c80_1777395402.jpg", "Photo_Filename": "fb08fb63-e623-4a3c-b9aa-09b025254c80_1777395402.jpg" }, "geometry": { "type": "Point", "coordinates": [ -71.146381, 41.500179 ] } },
{ "type": "Feature", "properties": { "entry_id": "0ca6b3c5-df19-403d-822c-01102fe0272c", "created_at": "2026-04-28T16:56:01Z", "gps_accuracy_m": 5.0, "Wall_Condition": "Poor", "Vegetation_Cover": "Some overgrowth (25-50% covered)", "Wall_Type": "Stacked (stones placed loosely)", "Stone_Shape": [ "Ball", "Pillow", "Block" ], "Special_Features": [ ], "Surveyor_Name": "terry mowers", "Comments": "", "Photo_URL": "https://five.epicollect.net/api/internal/media/little-compton-wall-inventory-2025?type=photo&format=entry_original&name=0ca6b3c5-df19-403d-822c-01102fe0272c_1777395311.jpg", "Photo_Filename": "0ca6b3c5-df19-403d-822c-01102fe0272c_1777395311.jpg" }, "geometry": { "type": "Point", "coordinates": [ -71.14636, 41.50015 ] } },
{ "type": "Feature", "properties": { "entry_id": "661fe516-2733-4d24-be05-c6a8b35ae1b4", "created_at": "2026-04-28T16:54:41Z", "gps_accuracy_m": 45.0, "Wall_Condition": "Poor", "Vegetation_Cover": "Some overgrowth (25-50% covered)", "Wall_Type": "Stacked (stones placed loosely)", "Stone_Shape": [ "Ball", "Pillow", "Block" ], "Special_Features": [ ], "Surveyor_Name": "terry mowers", "Comments": "", "Photo_URL": "https://five.epicollect.net/api/internal/media/little-compton-wall-inventory-2025?type=photo&format=entry_original&name=661fe516-2733-4d24-be05-c6a8b35ae1b4_1777395237.jpg", "Photo_Filename": "661fe516-2733-4d24-be05-c6a8b35ae1b4_1777395237.jpg" }, "geometry": { "type": "Point", "coordinates": [ -71.146932, 41.500384 ] } },
{ "type": "Feature", "properties": { "entry_id": "fec0508c-3dbf-4cad-b380-80936cbf38e4", "created_at": "2026-04-28T16:53:17Z", "gps_accuracy_m": 18.0, "Wall_Condition": "Poor", "Vegetation_Cover": "Some overgrowth (25-50% covered)", "Wall_Type": "Stacked (stones placed loosely)", "Stone_Shape": [ "Ball", "Block", "Pillow" ], "Special_Features": [ ], "Surveyor_Name": "terry mowers", "Comments": "", "Photo_URL": "https://five.epicollect.net/api/internal/media/little-compton-wall-inventory-2025?type=photo&format=entry_original&name=fec0508c-3dbf-4cad-b380-80936cbf38e4_1777395142.jpg", "Photo_Filename": "fec0508c-3dbf-4cad-b380-80936cbf38e4_1777395142.jpg" }, "geometry": { "type": "Point", "coordinates": [ -71.146692, 41.499993 ] } },
{ "type": "Feature", "properties": { "entry_id": "712a6ddb-b2e9-4cd6-9eaf-6aba952e737d", "created_at": "2026-04-28T16:51:50Z", "gps_accuracy_m": 12.0, "Wall_Condition": "Poor", "Vegetation_Cover": "Quite covered (50-75% covered)", "Wall_Type": "Stacked (stones placed loosely)", "Stone_Shape": [ "Ball", "Pillow", "Block" ], "Special_Features": [ ], "Surveyor_Name": "terry mowers", "Comments": "", "Photo_URL": "https://five.epicollect.net/api/internal/media/little-compton-wall-inventory-2025?type=photo&format=entry_original&name=712a6ddb-b2e9-4cd6-9eaf-6aba952e737d_1777395049.jpg", "Photo_Filename": "712a6ddb-b2e9-4cd6-9eaf-6aba952e737d_1777395049.jpg" }, "geometry": { "type": "Point", "coordinates": [ -71.146678, 41.500024 ] } },
{ "type": "Feature", "properties": { "entry_id": "c334e4c8-e720-42f8-b36c-86f2f591ab4d", "created_at": "2026-04-28T16:50:09Z", "gps_accuracy_m": 50.0, "Wall_Condition": "Poor", "Vegetation_Cover": "Quite covered (50-75% covered)", "Wall_Type": "Stacked (stones placed loosely)", "Stone_Shape": [ "Ball", "Block", "Pillow" ], "Special_Features": [ ], "Surveyor_Name": "terry mowers", "Comments": "", "Photo_URL": "https://five.epicollect.net/api/internal/media/little-compton-wall-inventory-2025?type=photo&format=entry_original&name=c334e4c8-e720-42f8-b36c-86f2f591ab4d_1777394947.jpg", "Photo_Filename": "c334e4c8-e720-42f8-b36c-86f2f591ab4d_1777394947.jpg" }, "geometry": { "type": "Point", "coordinates": [ -71.148143, 41.499444 ] } },
{ "type": "Feature", "properties": { "entry_id": "77673bf2-2044-46b6-bf02-bc1126aac312", "created_at": "2026-04-28T16:48:37Z", "gps_accuracy_m": 71.0, "Wall_Condition": "Poor", "Vegetation_Cover": "Quite covered (50-75% covered)", "Wall_Type": "Stacked (stones placed loosely)", "Stone_Shape": [ "Ball", "Block", "Pillow" ], "Special_Features": [ ], "Surveyor_Name": "terry mowers", "Comments": "", "Photo_URL": "https://five.epicollect.net/api/internal/media/little-compton-wall-inventory-2025?type=photo&format=entry_original&name=77673bf2-2044-46b6-bf02-bc1126aac312_1777394863.jpg", "Photo_Filename": "77673bf2-2044-46b6-bf02-bc1126aac312_1777394863.jpg" }, "geometry": { "type": "Point", "coordinates": [ -71.147636, 41.499616 ] } },
{ "type": "Feature", "properties": { "entry_id": "b4e0a047-e550-479b-92b2-f3abdf3a953e", "created_at": "2026-04-28T16:46:59Z", "gps_accuracy_m": 36.0, "Wall_Condition": "Poor", "Vegetation_Cover": "Hidden (75-100% covered)", "Wall_Type": "Stacked (stones placed loosely)", "Stone_Shape": [ "Ball", "Block", "Pillow" ], "Special_Features": [ ], "Surveyor_Name": "terry mowers", "Comments": "", "Photo_URL": "https://five.epicollect.net/api/internal/media/little-compton-wall-inventory-2025?type=photo&format=entry_original&name=b4e0a047-e550-479b-92b2-f3abdf3a953e_1777394766.jpg", "Photo_Filename": "b4e0a047-e550-479b-92b2-f3abdf3a953e_1777394766.jpg" }, "geometry": { "type": "Point", "coordinates": [ -71.148128, 41.499462 ] } },
{ "type": "Feature", "properties": { "entry_id": "3db98781-b375-4c3e-b8a6-6279da5dd786", "created_at": "2026-04-28T16:43:50Z", "gps_accuracy_m": 13.0, "Wall_Condition": "Poor", "Vegetation_Cover": "Quite covered (50-75% covered)", "Wall_Type": "Stacked (stones placed loosely)", "Stone_Shape": [ "Ball", "Block", "Pillow" ], "Special_Features": [ ], "Surveyor_Name": "terry mowers", "Comments": "", "Photo_URL": "https://five.epicollect.net/api/internal/media/little-compton-wall-inventory-2025?type=photo&format=entry_original&name=3db98781-b375-4c3e-b8a6-6279da5dd786_1777394569.jpg", "Photo_Filename": "3db98781-b375-4c3e-b8a6-6279da5dd786_1777394569.jpg" }, "geometry": { "type": "Point", "coordinates": [ -71.147365, 41.499884 ] } },
{ "type": "Feature", "properties": { "entry_id": "5430a6a0-8a6f-4a87-a051-222029339adf", "created_at": "2026-04-28T16:42:07Z", "gps_accuracy_m": 15.0, "Wall_Condition": "Poor", "Vegetation_Cover": "Some overgrowth (25-50% covered)", "Wall_Type": "Stacked (stones placed loosely)", "Stone_Shape": [ "Ball", "Block", "Pillow" ], "Special_Features": [ ], "Surveyor_Name": "terry mowers", "Comments": "", "Photo_URL": "https://five.epicollect.net/api/internal/media/little-compton-wall-inventory-2025?type=photo&format=entry_original&name=5430a6a0-8a6f-4a87-a051-222029339adf_1777394450.jpg", "Photo_Filename": "5430a6a0-8a6f-4a87-a051-222029339adf_1777394450.jpg" }, "geometry": { "type": "Point", "coordinates": [ -71.147444, 41.499855 ] } },
{ "type": "Feature", "properties": { "entry_id": "56794e19-e463-4146-9c3f-0c2e7b1eecfc", "created_at": "2026-04-28T16:40:19Z", "gps_accuracy_m": 9.0, "Wall_Condition": "Poor", "Vegetation_Cover": "Hidden (75-100% covered)", "Wall_Type": "Stacked (stones placed loosely)", "Stone_Shape": [ "Ball", "Block", "Pillow" ], "Special_Features": [ ], "Surveyor_Name": "terry mowers", "Comments": "", "Photo_URL": "https://five.epicollect.net/api/internal/media/little-compton-wall-inventory-2025?type=photo&format=entry_original&name=56794e19-e463-4146-9c3f-0c2e7b1eecfc_1777394367.jpg", "Photo_Filename": "56794e19-e463-4146-9c3f-0c2e7b1eecfc_1777394367.jpg" }, "geometry": { "type": "Point", "coordinates": [ -71.147584, 41.499814 ] } },
{ "type": "Feature", "properties": { "entry_id": "e4ef60b9-e521-48b0-8dcc-727c2efd93e6", "created_at": "2026-04-28T16:38:52Z", "gps_accuracy_m": 12.0, "Wall_Condition": "Poor", "Vegetation_Cover": "Hidden (75-100% covered)", "Wall_Type": "Stacked (stones placed loosely)", "Stone_Shape": [ "Ball", "Block", "Pillow" ], "Special_Features": [ ], "Surveyor_Name": "terry mowers", "Comments": "", "Photo_URL": "https://five.epicollect.net/api/internal/media/little-compton-wall-inventory-2025?type=photo&format=entry_original&name=e4ef60b9-e521-48b0-8dcc-727c2efd93e6_1777394279.jpg", "Photo_Filename": "e4ef60b9-e521-48b0-8dcc-727c2efd93e6_1777394279.jpg" }, "geometry": { "type": "Point", "coordinates": [ -71.147577, 41.499745 ] } },
{ "type": "Feature", "properties": { "entry_id": "080788ce-f151-4325-95f6-d8853c4368cd", "created_at": "2026-04-28T16:37:16Z", "gps_accuracy_m": 13.0, "Wall_Condition": "Poor", "Vegetation_Cover": "Quite covered (50-75% covered)", "Wall_Type": "Stacked (stones placed loosely)", "Stone_Shape": [ "Ball", "Block", "Pillow" ], "Special_Features": [ ], "Surveyor_Name": "terry mowers", "Comments": "", "Photo_URL": "https://five.epicollect.net/api/internal/media/little-compton-wall-inventory-2025?type=photo&format=entry_original&name=080788ce-f151-4325-95f6-d8853c4368cd_1777394165.jpg", "Photo_Filename": "080788ce-f151-4325-95f6-d8853c4368cd_1777394165.jpg" }, "geometry": { "type": "Point", "coordinates": [ -71.147649, 41.499801 ] } },
{ "type": "Feature", "properties": { "entry_id": "eaca2ad5-318d-4da8-9a0f-cb0f0172d829", "created_at": "2026-04-28T16:35:32Z", "gps_accuracy_m": 58.0, "Wall_Condition": "Poor", "Vegetation_Cover": "Hidden (75-100% covered)", "Wall_Type": "Stacked (stones placed loosely)", "Stone_Shape": [ "Ball", "Slab", "Pillow" ], "Special_Features": [ ], "Surveyor_Name": "terry mowers", "Comments": "", "Photo_URL": "https://five.epicollect.net/api/internal/media/little-compton-wall-inventory-2025?type=photo&format=entry_original&name=eaca2ad5-318d-4da8-9a0f-cb0f0172d829_1777394064.jpg", "Photo_Filename": "eaca2ad5-318d-4da8-9a0f-cb0f0172d829_1777394064.jpg" }, "geometry": { "type": "Point", "coordinates": [ -71.147881, 41.499539 ] } },
{ "type": "Feature", "properties": { "entry_id": "36a3b9ed-9e2c-4e9f-b163-6e32c91ee7c5", "created_at": "2026-04-28T16:33:42Z", "gps_accuracy_m": 22.0, "Wall_Condition": "Poor", "Vegetation_Cover": "Hidden (75-100% covered)", "Wall_Type": "Stacked (stones placed loosely)", "Stone_Shape": [ "Ball", "Slab", "Pillow" ], "Special_Features": [ ], "Surveyor_Name": "terry mowers", "Comments": "", "Photo_URL": "https://five.epicollect.net/api/internal/media/little-compton-wall-inventory-2025?type=photo&format=entry_original&name=36a3b9ed-9e2c-4e9f-b163-6e32c91ee7c5_1777393953.jpg", "Photo_Filename": "36a3b9ed-9e2c-4e9f-b163-6e32c91ee7c5_1777393953.jpg" }, "geometry": { "type": "Point", "coordinates": [ -71.147869, 41.499666 ] } },
{ "type": "Feature", "properties": { "entry_id": "fd3a2677-69ad-4471-beda-79d7b49f18ad", "created_at": "2026-04-28T16:32:03Z", "gps_accuracy_m": 5.0, "Wall_Condition": "Poor", "Vegetation_Cover": "Hidden (75-100% covered)", "Wall_Type": "Stacked (stones placed loosely)", "Stone_Shape": [ "Ball", "Slab", "Pillow" ], "Special_Features": [ ], "Surveyor_Name": "terry mowers", "Comments": "", "Photo_URL": "https://five.epicollect.net/api/internal/media/little-compton-wall-inventory-2025?type=photo&format=entry_original&name=fd3a2677-69ad-4471-beda-79d7b49f18ad_1777393823.jpg", "Photo_Filename": "fd3a2677-69ad-4471-beda-79d7b49f18ad_1777393823.jpg" }, "geometry": { "type": "Point", "coordinates": [ -71.147951, 41.499743 ] } },
{ "type": "Feature", "properties": { "entry_id": "8f39035f-ad76-4097-b845-db0739e6750f", "created_at": "2026-04-28T16:29:30Z", "gps_accuracy_m": 50.0, "Wall_Condition": "Good", "Vegetation_Cover": "Clear (0-25% covered)", "Wall_Type": "Laid (carefully selected and fitted)", "Stone_Shape": [ "Ball", "Slab", "Pillow" ], "Special_Features": [ ], "Surveyor_Name": "terry mowers", "Comments": "", "Photo_URL": "https://five.epicollect.net/api/internal/media/little-compton-wall-inventory-2025?type=photo&format=entry_original&name=8f39035f-ad76-4097-b845-db0739e6750f_1777393694.jpg", "Photo_Filename": "8f39035f-ad76-4097-b845-db0739e6750f_1777393694.jpg" }, "geometry": { "type": "Point", "coordinates": [ -71.148188, 41.499449 ] } },
{ "type": "Feature", "properties": { "entry_id": "139ab0b3-2ac3-4f65-b97a-58901c3667d8", "created_at": "2026-04-28T16:27:23Z", "gps_accuracy_m": 8.0, "Wall_Condition": "Good", "Vegetation_Cover": "Clear (0-25% covered)", "Wall_Type": "Laid (carefully selected and fitted)", "Stone_Shape": [ "Ball", "Slab", "Block" ], "Special_Features": [ ], "Surveyor_Name": "terrymowers", "Comments": "", "Photo_URL": "https://five.epicollect.net/api/internal/media/little-compton-wall-inventory-2025?type=photo&format=entry_original&name=139ab0b3-2ac3-4f65-b97a-58901c3667d8_1777393580.jpg", "Photo_Filename": "139ab0b3-2ac3-4f65-b97a-58901c3667d8_1777393580.jpg" }, "geometry": { "type": "Point", "coordinates": [ -71.148349, 41.499622 ] } },
{ "type": "Feature", "properties": { "entry_id": "2f41550e-e8ed-4070-9a91-f354f1120a7f", "created_at": "2026-04-28T16:25:07Z", "gps_accuracy_m": 6.0, "Wall_Condition": "Good", "Vegetation_Cover": "Clear (0-25% covered)", "Wall_Type": "Laid (carefully selected and fitted)", "Stone_Shape": [ "Ball", "Slab", "Block" ], "Special_Features": [ ], "Surveyor_Name": "terry mowers", "Comments": "", "Photo_URL": "https://five.epicollect.net/api/internal/media/little-compton-wall-inventory-2025?type=photo&format=entry_original&name=2f41550e-e8ed-4070-9a91-f354f1120a7f_1777393445.jpg", "Photo_Filename": "2f41550e-e8ed-4070-9a91-f354f1120a7f_1777393445.jpg" }, "geometry": { "type": "Point", "coordinates": [ -71.148528, 41.49964 ] } },
{ "type": "Feature", "properties": { "entry_id": "f6bc897b-d82d-4876-a447-94190b63d444", "created_at": "2026-04-28T16:18:01Z", "gps_accuracy_m": 5.0, "Wall_Condition": "Good", "Vegetation_Cover": "Clear (0-25% covered)", "Wall_Type": "Laid (carefully selected and fitted)", "Stone_Shape": [ "Slab", "Ball", "Pillow" ], "Special_Features": [ ], "Surveyor_Name": "terry mowers", "Comments": "", "Photo_URL": "https://five.epicollect.net/api/internal/media/little-compton-wall-inventory-2025?type=photo&format=entry_original&name=f6bc897b-d82d-4876-a447-94190b63d444_1777393012.jpg", "Photo_Filename": "f6bc897b-d82d-4876-a447-94190b63d444_1777393012.jpg" }, "geometry": { "type": "Point", "coordinates": [ -71.148695, 41.499602 ] } },
{ "type": "Feature", "properties": { "entry_id": "39135440-892b-4ade-9696-464184943196", "created_at": "2026-04-28T16:13:19Z", "gps_accuracy_m": 14.0, "Wall_Condition": "Good", "Vegetation_Cover": "Clear (0-25% covered)", "Wall_Type": "Laid (carefully selected and fitted)", "Stone_Shape": [ "Slab", "Ball", "Pillow" ], "Special_Features": [ ], "Surveyor_Name": "terry mowers", "Comments": "", "Photo_URL": "https://five.epicollect.net/api/internal/media/little-compton-wall-inventory-2025?type=photo&format=entry_original&name=39135440-892b-4ade-9696-464184943196_1777392696.jpg", "Photo_Filename": "39135440-892b-4ade-9696-464184943196_1777392696.jpg" }, "geometry": { "type": "Point", "coordinates": [ -71.148529, 41.499628 ] } },
{ "type": "Feature", "properties": { "entry_id": "5d346a2b-52dd-441e-b28c-cc25beb20356", "created_at": "2026-04-26T23:08:10Z", "gps_accuracy_m": 4.0, "Wall_Condition": "Good", "Vegetation_Cover": "Clear (0-25% covered)", "Wall_Type": "Laid (carefully selected and fitted)", "Stone_Shape": [ "Ball", "Slab", "Prism", "Block", "Pillow", "Tablet" ], "Special_Features": [ "Flat top", "Other (add comment)" ], "Surveyor_Name": "Lavinia Gadsden", "Comments": "Short wall at street level + a second wall lining the property", "Photo_URL": "https://five.epicollect.net/api/internal/media/little-compton-wall-inventory-2025?type=photo&format=entry_original&name=5d346a2b-52dd-441e-b28c-cc25beb20356_1777244789.jpg", "Photo_Filename": "5d346a2b-52dd-441e-b28c-cc25beb20356_1777244789.jpg" }, "geometry": { "type": "Point", "coordinates": [ -71.165479, 41.532441 ] } },
{ "type": "Feature", "properties": { "entry_id": "2fe30190-6dff-4018-8283-1d7facaf1322", "created_at": "2026-04-26T23:04:20Z", "gps_accuracy_m": 93.0, "Wall_Condition": "Good", "Vegetation_Cover": "Clear (0-25% covered)", "Wall_Type": "Laid (carefully selected and fitted)", "Stone_Shape": [ "Ball", "Slab", "Prism", "Block", "Pillow" ], "Special_Features": [ "Flat top", "Other (add comment)" ], "Surveyor_Name": "Lavinia Gadsden", "Comments": "Borders residence on Burchard Road", "Photo_URL": "https://five.epicollect.net/api/internal/media/little-compton-wall-inventory-2025?type=photo&format=entry_original&name=2fe30190-6dff-4018-8283-1d7facaf1322_1777244590.jpg", "Photo_Filename": "2fe30190-6dff-4018-8283-1d7facaf1322_1777244590.jpg" }, "geometry": { "type": "Point", "coordinates": [ -71.166173, 41.533191 ] } },
{ "type": "Feature", "properties": { "entry_id": "457a144e-1cf8-47ae-8760-32df79e35f16", "created_at": "2026-04-26T22:57:27Z", "gps_accuracy_m": 83.0, "Wall_Condition": "Good", "Vegetation_Cover": "Clear (0-25% covered)", "Wall_Type": "Laid (carefully selected and fitted)", "Stone_Shape": [ "Ball", "Prism", "Block", "Slab" ], "Special_Features": [ "Flat top", "Other (add comment)" ], "Surveyor_Name": "", "Comments": "Borders Peckham Road", "Photo_URL": "https://five.epicollect.net/api/internal/media/little-compton-wall-inventory-2025?type=photo&format=entry_original&name=457a144e-1cf8-47ae-8760-32df79e35f16_1777244152.jpg", "Photo_Filename": "457a144e-1cf8-47ae-8760-32df79e35f16_1777244152.jpg" }, "geometry": { "type": "Point", "coordinates": [ -71.164919, 41.532596 ] } },
{ "type": "Feature", "properties": { "entry_id": "6179d3df-02c5-4d1d-b787-3e26a64f964b", "created_at": "2026-04-26T22:07:09Z", "gps_accuracy_m": 64.0, "Wall_Condition": "Good", "Vegetation_Cover": "Clear (0-25% covered)", "Wall_Type": "Laid (carefully selected and fitted)", "Stone_Shape": [ "Block", "Prism", "Slab", "Tablet" ], "Special_Features": [ "Flat top", "Other (add comment)" ], "Surveyor_Name": "Lavinia Gadsden", "Comments": "Residential wall along Peckham Road", "Photo_URL": "https://five.epicollect.net/api/internal/media/little-compton-wall-inventory-2025?type=photo&format=entry_original&name=6179d3df-02c5-4d1d-b787-3e26a64f964b_1777241145.jpg", "Photo_Filename": "6179d3df-02c5-4d1d-b787-3e26a64f964b_1777241145.jpg" }, "geometry": { "type": "Point", "coordinates": [ -71.165008, 41.532435 ] } },
{ "type": "Feature", "properties": { "entry_id": "8862ae25-9a29-4b94-96ac-bea5f858052e", "created_at": "2026-04-26T21:57:13Z", "gps_accuracy_m": 37.0, "Wall_Condition": "Good", "Vegetation_Cover": "Clear (0-25% covered)", "Wall_Type": "Stacked (stones placed loosely)", "Stone_Shape": [ "Ball", "Prism", "Block", "Pillow" ], "Special_Features": [ "Other (add comment)" ], "Surveyor_Name": "Lavinia Gadsden", "Comments": "Borders the street and ends at driveway", "Photo_URL": "https://five.epicollect.net/api/internal/media/little-compton-wall-inventory-2025?type=photo&format=entry_original&name=8862ae25-9a29-4b94-96ac-bea5f858052e_1777240416.jpg", "Photo_Filename": "8862ae25-9a29-4b94-96ac-bea5f858052e_1777240416.jpg" }, "geometry": { "type": "Point", "coordinates": [ -71.165002, 41.532575 ] } },
{ "type": "Feature", "properties": { "entry_id": "1c7f4de9-96b2-40dd-b747-6cc4f82ad754", "created_at": "2026-04-25T21:42:26Z", "gps_accuracy_m": 15.0, "Wall_Condition": "Poor", "Vegetation_Cover": "Clear (0-25% covered)", "Wall_Type": "Stacked (stones placed loosely)", "Stone_Shape": [ "Ball", "Slab" ], "Special_Features": [ ], "Surveyor_Name": "Steve", "Comments": "", "Photo_URL": "https://five.epicollect.net/api/internal/media/little-compton-wall-inventory-2025?type=photo&format=entry_original&name=1c7f4de9-96b2-40dd-b747-6cc4f82ad754_1777153319.jpg", "Photo_Filename": "1c7f4de9-96b2-40dd-b747-6cc4f82ad754_1777153319.jpg" }, "geometry": { "type": "Point", "coordinates": [ -71.136174, 41.551428 ] } },
{ "type": "Feature", "properties": { "entry_id": "831736dc-d249-4585-9073-35be94770b33", "created_at": "2026-04-25T21:41:37Z", "gps_accuracy_m": 9.0, "Wall_Condition": "Poor", "Vegetation_Cover": "Clear (0-25% covered)", "Wall_Type": "Stacked (stones placed loosely)", "Stone_Shape": [ "Ball", "Slab" ], "Special_Features": [ ], "Surveyor_Name": "Steve", "Comments": "", "Photo_URL": "https://five.epicollect.net/api/internal/media/little-compton-wall-inventory-2025?type=photo&format=entry_original&name=831736dc-d249-4585-9073-35be94770b33_1777153270.jpg", "Photo_Filename": "831736dc-d249-4585-9073-35be94770b33_1777153270.jpg" }, "geometry": { "type": "Point", "coordinates": [ -71.13607, 41.551459 ] } },
{ "type": "Feature", "properties": { "entry_id": "57e809c5-5301-4be5-bc06-042dbf29d290", "created_at": "2026-04-25T21:40:47Z", "gps_accuracy_m": 6.0, "Wall_Condition": "Fair", "Vegetation_Cover": "Clear (0-25% covered)", "Wall_Type": "Stacked (stones placed loosely)", "Stone_Shape": [ "Ball", "Slab" ], "Special_Features": [ ], "Surveyor_Name": "Steve", "Comments": "", "Photo_URL": "https://five.epicollect.net/api/internal/media/little-compton-wall-inventory-2025?type=photo&format=entry_original&name=57e809c5-5301-4be5-bc06-042dbf29d290_1777153210.jpg", "Photo_Filename": "57e809c5-5301-4be5-bc06-042dbf29d290_1777153210.jpg" }, "geometry": { "type": "Point", "coordinates": [ -71.136102, 41.551481 ] } },
{ "type": "Feature", "properties": { "entry_id": "73add9f8-f7fc-4f45-9f14-df5c973f745e", "created_at": "2026-04-25T18:52:15Z", "gps_accuracy_m": 64.0, "Wall_Condition": "Fair", "Vegetation_Cover": "Hidden (75-100% covered)", "Wall_Type": "Stacked (stones placed loosely)", "Stone_Shape": [ "Ball" ], "Special_Features": [ "Good candidate for repair" ], "Surveyor_Name": "Perky", "Comments": "", "Photo_URL": "https://five.epicollect.net/api/internal/media/little-compton-wall-inventory-2025?type=photo&format=entry_original&name=73add9f8-f7fc-4f45-9f14-df5c973f745e_1777143104.jpg", "Photo_Filename": "73add9f8-f7fc-4f45-9f14-df5c973f745e_1777143104.jpg" }, "geometry": { "type": "Point", "coordinates": [ -71.176867, 41.480405 ] } },
{ "type": "Feature", "properties": { "entry_id": "d6cadc3d-9472-4c32-9af5-664bd97b1374", "created_at": "2026-04-25T18:50:09Z", "gps_accuracy_m": 37.0, "Wall_Condition": "Poor", "Vegetation_Cover": "Hidden (75-100% covered)", "Wall_Type": "Stacked (stones placed loosely)", "Stone_Shape": [ "Ball" ], "Special_Features": [ "Good candidate for repair" ], "Surveyor_Name": "Perky", "Comments": "", "Photo_URL": "https://five.epicollect.net/api/internal/media/little-compton-wall-inventory-2025?type=photo&format=entry_original&name=d6cadc3d-9472-4c32-9af5-664bd97b1374_1777142981.jpg", "Photo_Filename": "d6cadc3d-9472-4c32-9af5-664bd97b1374_1777142981.jpg" }, "geometry": { "type": "Point", "coordinates": [ -71.176411, 41.480391 ] } },
{ "type": "Feature", "properties": { "entry_id": "079c49b5-5059-4e6e-84cd-b651185fd232", "created_at": "2026-04-25T18:46:26Z", "gps_accuracy_m": 66.0, "Wall_Condition": "Poor", "Vegetation_Cover": "Hidden (75-100% covered)", "Wall_Type": "Stacked (stones placed loosely)", "Stone_Shape": [ "Ball" ], "Special_Features": [ "Good candidate for repair" ], "Surveyor_Name": "Perky", "Comments": "", "Photo_URL": "https://five.epicollect.net/api/internal/media/little-compton-wall-inventory-2025?type=photo&format=entry_original&name=079c49b5-5059-4e6e-84cd-b651185fd232_1777142755.jpg", "Photo_Filename": "079c49b5-5059-4e6e-84cd-b651185fd232_1777142755.jpg" }, "geometry": { "type": "Point", "coordinates": [ -71.176323, 41.480336 ] } },
{ "type": "Feature", "properties": { "entry_id": "092c332d-32b6-4021-9039-39af62869ac9", "created_at": "2026-04-25T18:44:33Z", "gps_accuracy_m": 10.0, "Wall_Condition": "Poor", "Vegetation_Cover": "Quite covered (50-75% covered)", "Wall_Type": "Stacked (stones placed loosely)", "Stone_Shape": [ "Ball" ], "Special_Features": [ "Good candidate for repair" ], "Surveyor_Name": "Perky", "Comments": "", "Photo_URL": "https://five.epicollect.net/api/internal/media/little-compton-wall-inventory-2025?type=photo&format=entry_original&name=092c332d-32b6-4021-9039-39af62869ac9_1777142645.jpg", "Photo_Filename": "092c332d-32b6-4021-9039-39af62869ac9_1777142645.jpg" }, "geometry": { "type": "Point", "coordinates": [ -71.17791, 41.479692 ] } },
{ "type": "Feature", "properties": { "entry_id": "565e8af8-9695-4a96-bba0-4edf0e3042d7", "created_at": "2026-04-25T18:43:02Z", "gps_accuracy_m": 10.0, "Wall_Condition": "Fair", "Vegetation_Cover": "Quite covered (50-75% covered)", "Wall_Type": "Stacked (stones placed loosely)", "Stone_Shape": [ "Ball" ], "Special_Features": [ "Other (add comment)" ], "Surveyor_Name": "Perky", "Comments": "Opposite side is more cleared than photo side", "Photo_URL": "https://five.epicollect.net/api/internal/media/little-compton-wall-inventory-2025?type=photo&format=entry_original&name=565e8af8-9695-4a96-bba0-4edf0e3042d7_1777142509.jpg", "Photo_Filename": "565e8af8-9695-4a96-bba0-4edf0e3042d7_1777142509.jpg" }, "geometry": { "type": "Point", "coordinates": [ -71.177907, 41.479814 ] } },
{ "type": "Feature", "properties": { "entry_id": "444e1207-0b64-447b-a259-7f3f83867817", "created_at": "2026-04-25T18:41:04Z", "gps_accuracy_m": 63.0, "Wall_Condition": "Fair", "Vegetation_Cover": "Quite covered (50-75% covered)", "Wall_Type": "Stacked (stones placed loosely)", "Stone_Shape": [ "Ball" ], "Special_Features": [ "Good candidate for repair" ], "Surveyor_Name": "Perky", "Comments": "", "Photo_URL": "https://five.epicollect.net/api/internal/media/little-compton-wall-inventory-2025?type=photo&format=entry_original&name=444e1207-0b64-447b-a259-7f3f83867817_1777142437.jpg", "Photo_Filename": "444e1207-0b64-447b-a259-7f3f83867817_1777142437.jpg" }, "geometry": { "type": "Point", "coordinates": [ -71.176545, 41.480262 ] } },
{ "type": "Feature", "properties": { "entry_id": "d800e860-df58-433e-9d42-f4ca18bc7df4", "created_at": "2026-04-25T18:39:53Z", "gps_accuracy_m": 47.0, "Wall_Condition": "Fair", "Vegetation_Cover": "Quite covered (50-75% covered)", "Wall_Type": "Stacked (stones placed loosely)", "Stone_Shape": [ "Ball" ], "Special_Features": [ "Good candidate for repair" ], "Surveyor_Name": "Perky", "Comments": "", "Photo_URL": "https://five.epicollect.net/api/internal/media/little-compton-wall-inventory-2025?type=photo&format=entry_original&name=d800e860-df58-433e-9d42-f4ca18bc7df4_1777142358.jpg", "Photo_Filename": "d800e860-df58-433e-9d42-f4ca18bc7df4_1777142358.jpg" }, "geometry": { "type": "Point", "coordinates": [ -71.177352, 41.480603 ] } },
{ "type": "Feature", "properties": { "entry_id": "a239b4bf-dac8-4843-a4a1-2d52a327b8bc", "created_at": "2026-04-25T18:38:22Z", "gps_accuracy_m": 37.0, "Wall_Condition": "Fair", "Vegetation_Cover": "Quite covered (50-75% covered)", "Wall_Type": "Stacked (stones placed loosely)", "Stone_Shape": [ "Ball" ], "Special_Features": [ "Good candidate for repair" ], "Surveyor_Name": "Perky", "Comments": "", "Photo_URL": "https://five.epicollect.net/api/internal/media/little-compton-wall-inventory-2025?type=photo&format=entry_original&name=a239b4bf-dac8-4843-a4a1-2d52a327b8bc_1777142270.jpg", "Photo_Filename": "a239b4bf-dac8-4843-a4a1-2d52a327b8bc_1777142270.jpg" }, "geometry": { "type": "Point", "coordinates": [ -71.176333, 41.480275 ] } },
{ "type": "Feature", "properties": { "entry_id": "e229e7ca-7ab8-455b-ab93-132279633956", "created_at": "2026-04-25T18:36:59Z", "gps_accuracy_m": 6.0, "Wall_Condition": "Fair", "Vegetation_Cover": "Clear (0-25% covered)", "Wall_Type": "Stacked (stones placed loosely)", "Stone_Shape": [ "Ball" ], "Special_Features": [ "Good candidate for repair" ], "Surveyor_Name": "Perky", "Comments": "", "Photo_URL": "https://five.epicollect.net/api/internal/media/little-compton-wall-inventory-2025?type=photo&format=entry_original&name=e229e7ca-7ab8-455b-ab93-132279633956_1777142182.jpg", "Photo_Filename": "e229e7ca-7ab8-455b-ab93-132279633956_1777142182.jpg" }, "geometry": { "type": "Point", "coordinates": [ -71.178149, 41.479647 ] } },
{ "type": "Feature", "properties": { "entry_id": "f2d8054f-2b26-4663-86ab-b3fd1cc23b31", "created_at": "2026-04-25T18:34:36Z", "gps_accuracy_m": 4.0, "Wall_Condition": "Fair", "Vegetation_Cover": "Clear (0-25% covered)", "Wall_Type": "Stacked (stones placed loosely)", "Stone_Shape": [ "Ball" ], "Special_Features": [ "Good candidate for repair" ], "Surveyor_Name": "Perky", "Comments": "", "Photo_URL": "https://five.epicollect.net/api/internal/media/little-compton-wall-inventory-2025?type=photo&format=entry_original&name=f2d8054f-2b26-4663-86ab-b3fd1cc23b31_1777142029.jpg", "Photo_Filename": "f2d8054f-2b26-4663-86ab-b3fd1cc23b31_1777142029.jpg" }, "geometry": { "type": "Point", "coordinates": [ -71.178205, 41.479651 ] } },
{ "type": "Feature", "properties": { "entry_id": "7930de0a-3e67-4835-b411-444ecdf26277", "created_at": "2026-04-23T19:38:49Z", "gps_accuracy_m": 5.0, "Wall_Condition": "Good", "Vegetation_Cover": "Clear (0-25% covered)", "Wall_Type": "Laid (carefully selected and fitted)", "Stone_Shape": [ "Ball", "Slab", "Pillow" ], "Special_Features": [ "Other (add comment)" ], "Surveyor_Name": "Steve", "Comments": "At cemetery", "Photo_URL": "https://five.epicollect.net/api/internal/media/little-compton-wall-inventory-2025?type=photo&format=entry_original&name=7930de0a-3e67-4835-b411-444ecdf26277_1776973075.jpg", "Photo_Filename": "7930de0a-3e67-4835-b411-444ecdf26277_1776973075.jpg" }, "geometry": { "type": "Point", "coordinates": [ -71.133244, 41.553147 ] } },
{ "type": "Feature", "properties": { "entry_id": "fac39e95-d92a-4815-9ddd-db98ab981698", "created_at": "2026-04-23T19:37:37Z", "gps_accuracy_m": 5.0, "Wall_Condition": "Good", "Vegetation_Cover": "Clear (0-25% covered)", "Wall_Type": "Laid (carefully selected and fitted)", "Stone_Shape": [ "Ball", "Slab" ], "Special_Features": [ "Other (add comment)", "Opening in wall" ], "Surveyor_Name": "Steve", "Comments": "At cemetery", "Photo_URL": "https://five.epicollect.net/api/internal/media/little-compton-wall-inventory-2025?type=photo&format=entry_original&name=fac39e95-d92a-4815-9ddd-db98ab981698_1776973013.jpg", "Photo_Filename": "fac39e95-d92a-4815-9ddd-db98ab981698_1776973013.jpg" }, "geometry": { "type": "Point", "coordinates": [ -71.13313, 41.553133 ] } },
{ "type": "Feature", "properties": { "entry_id": "ed0fef2b-b490-4b16-bcd5-5f6a75c15749", "created_at": "2026-04-23T19:36:20Z", "gps_accuracy_m": 5.0, "Wall_Condition": "Good", "Vegetation_Cover": "Clear (0-25% covered)", "Wall_Type": "Laid (carefully selected and fitted)", "Stone_Shape": [ "Ball", "Slab", "Pillow" ], "Special_Features": [ "Other (add comment)" ], "Surveyor_Name": "Steve", "Comments": "At cemetery", "Photo_URL": "https://five.epicollect.net/api/internal/media/little-compton-wall-inventory-2025?type=photo&format=entry_original&name=ed0fef2b-b490-4b16-bcd5-5f6a75c15749_1776972897.jpg", "Photo_Filename": "ed0fef2b-b490-4b16-bcd5-5f6a75c15749_1776972897.jpg" }, "geometry": { "type": "Point", "coordinates": [ -71.132879, 41.553308 ] } },
{ "type": "Feature", "properties": { "entry_id": "1ccf4c89-9282-40c1-9926-c6ead194ce4d", "created_at": "2026-04-23T19:34:26Z", "gps_accuracy_m": 3.0, "Wall_Condition": "Good", "Vegetation_Cover": "Clear (0-25% covered)", "Wall_Type": "Laid (carefully selected and fitted)", "Stone_Shape": [ "Slab", "Pillow", "Tablet" ], "Special_Features": [ "Retaining wall", "Opening in wall", "Other (add comment)" ], "Surveyor_Name": "Steve", "Comments": "Stairs with stone pillars in set into retaining wall. At old church site.", "Photo_URL": "https://five.epicollect.net/api/internal/media/little-compton-wall-inventory-2025?type=photo&format=entry_original&name=1ccf4c89-9282-40c1-9926-c6ead194ce4d_1776972717.jpg", "Photo_Filename": "1ccf4c89-9282-40c1-9926-c6ead194ce4d_1776972717.jpg" }, "geometry": { "type": "Point", "coordinates": [ -71.132929, 41.553356 ] } },
{ "type": "Feature", "properties": { "entry_id": "52d6f508-d9d1-4ef6-a369-a1340c1afc5f", "created_at": "2026-04-23T19:30:44Z", "gps_accuracy_m": 6.0, "Wall_Condition": "Good", "Vegetation_Cover": "Clear (0-25% covered)", "Wall_Type": "Laid (carefully selected and fitted)", "Stone_Shape": [ "Ball", "Slab", "Tablet", "Pillow" ], "Special_Features": [ "Retaining wall" ], "Surveyor_Name": "Steve", "Comments": "", "Photo_URL": "https://five.epicollect.net/api/internal/media/little-compton-wall-inventory-2025?type=photo&format=entry_original&name=52d6f508-d9d1-4ef6-a369-a1340c1afc5f_1776972598.jpg", "Photo_Filename": "52d6f508-d9d1-4ef6-a369-a1340c1afc5f_1776972598.jpg" }, "geometry": { "type": "Point", "coordinates": [ -71.133447, 41.553413 ] } },
{ "type": "Feature", "properties": { "entry_id": "18a93c17-79c2-471f-8603-369701d6749e", "created_at": "2026-04-23T19:29:04Z", "gps_accuracy_m": 5.0, "Wall_Condition": "Good", "Vegetation_Cover": "Clear (0-25% covered)", "Wall_Type": "Stacked (stones placed loosely)", "Stone_Shape": [ "Ball" ], "Special_Features": [ ], "Surveyor_Name": "Steve", "Comments": "", "Photo_URL": "https://five.epicollect.net/api/internal/media/little-compton-wall-inventory-2025?type=photo&format=entry_original&name=18a93c17-79c2-471f-8603-369701d6749e_1776972512.jpg", "Photo_Filename": "18a93c17-79c2-471f-8603-369701d6749e_1776972512.jpg" }, "geometry": { "type": "Point", "coordinates": [ -71.133501, 41.553205 ] } },
{ "type": "Feature", "properties": { "entry_id": "fe865632-f086-40a9-9588-b59247d77ece", "created_at": "2026-04-23T19:28:12Z", "gps_accuracy_m": 5.0, "Wall_Condition": "Good", "Vegetation_Cover": "Clear (0-25% covered)", "Wall_Type": "Stacked (stones placed loosely)", "Stone_Shape": [ "Ball", "Slab" ], "Special_Features": [ ], "Surveyor_Name": "Steve", "Comments": "", "Photo_URL": "https://five.epicollect.net/api/internal/media/little-compton-wall-inventory-2025?type=photo&format=entry_original&name=fe865632-f086-40a9-9588-b59247d77ece_1776972454.jpg", "Photo_Filename": "fe865632-f086-40a9-9588-b59247d77ece_1776972454.jpg" }, "geometry": { "type": "Point", "coordinates": [ -71.133576, 41.553215 ] } },
{ "type": "Feature", "properties": { "entry_id": "ebe2eb79-f61c-4370-8715-1fb48c38ef84", "created_at": "2026-04-23T19:26:37Z", "gps_accuracy_m": 5.0, "Wall_Condition": "Good", "Vegetation_Cover": "Clear (0-25% covered)", "Wall_Type": "Stacked (stones placed loosely)", "Stone_Shape": [ "Ball", "Slab" ], "Special_Features": [ ], "Surveyor_Name": "Steve", "Comments": "", "Photo_URL": "https://five.epicollect.net/api/internal/media/little-compton-wall-inventory-2025?type=photo&format=entry_original&name=ebe2eb79-f61c-4370-8715-1fb48c38ef84_1776972369.jpg", "Photo_Filename": "ebe2eb79-f61c-4370-8715-1fb48c38ef84_1776972369.jpg" }, "geometry": { "type": "Point", "coordinates": [ -71.13397, 41.553311 ] } },
{ "type": "Feature", "properties": { "entry_id": "10f157d4-2478-414a-93a8-97007caddc0d", "created_at": "2026-04-23T19:25:18Z", "gps_accuracy_m": 5.0, "Wall_Condition": "Poor", "Vegetation_Cover": "Some overgrowth (25-50% covered)", "Wall_Type": "Stacked (stones placed loosely)", "Stone_Shape": [ "Ball", "Prism" ], "Special_Features": [ ], "Surveyor_Name": "Steve", "Comments": "", "Photo_URL": "https://five.epicollect.net/api/internal/media/little-compton-wall-inventory-2025?type=photo&format=entry_original&name=10f157d4-2478-414a-93a8-97007caddc0d_1776972273.jpg", "Photo_Filename": "10f157d4-2478-414a-93a8-97007caddc0d_1776972273.jpg" }, "geometry": { "type": "Point", "coordinates": [ -71.134213, 41.553264 ] } },
{ "type": "Feature", "properties": { "entry_id": "7a75c7bb-45d1-4053-ad22-a5d7b9a2bf84", "created_at": "2026-04-23T19:24:11Z", "gps_accuracy_m": 5.0, "Wall_Condition": "Fair", "Vegetation_Cover": "Quite covered (50-75% covered)", "Wall_Type": "Stacked (stones placed loosely)", "Stone_Shape": [ "Ball", "Slab" ], "Special_Features": [ ], "Surveyor_Name": "Steve", "Comments": "", "Photo_URL": "https://five.epicollect.net/api/internal/media/little-compton-wall-inventory-2025?type=photo&format=entry_original&name=7a75c7bb-45d1-4053-ad22-a5d7b9a2bf84_1776972218.jpg", "Photo_Filename": "7a75c7bb-45d1-4053-ad22-a5d7b9a2bf84_1776972218.jpg" }, "geometry": { "type": "Point", "coordinates": [ -71.134266, 41.553192 ] } },
{ "type": "Feature", "properties": { "entry_id": "1a6cf1d8-dedb-46c3-bdb5-72714f82bae0", "created_at": "2026-04-23T19:23:18Z", "gps_accuracy_m": 7.0, "Wall_Condition": "Poor", "Vegetation_Cover": "Quite covered (50-75% covered)", "Wall_Type": "Stacked (stones placed loosely)", "Stone_Shape": [ "Ball", "Slab" ], "Special_Features": [ "Opening in wall", "Good candidate for repair" ], "Surveyor_Name": "Steve", "Comments": "", "Photo_URL": "https://five.epicollect.net/api/internal/media/little-compton-wall-inventory-2025?type=photo&format=entry_original&name=1a6cf1d8-dedb-46c3-bdb5-72714f82bae0_1776972159.jpg", "Photo_Filename": "1a6cf1d8-dedb-46c3-bdb5-72714f82bae0_1776972159.jpg" }, "geometry": { "type": "Point", "coordinates": [ -71.13428, 41.553127 ] } },
{ "type": "Feature", "properties": { "entry_id": "536700e7-e140-44d3-8e70-243d2fbe8433", "created_at": "2026-04-23T19:20:04Z", "gps_accuracy_m": 14.0, "Wall_Condition": "Fair", "Vegetation_Cover": "Quite covered (50-75% covered)", "Wall_Type": "Laid (carefully selected and fitted)", "Stone_Shape": [ "Ball", "Slab", "Pillow", "Prism" ], "Special_Features": [ ], "Surveyor_Name": "Steve", "Comments": "", "Photo_URL": "https://five.epicollect.net/api/internal/media/little-compton-wall-inventory-2025?type=photo&format=entry_original&name=536700e7-e140-44d3-8e70-243d2fbe8433_1776971953.jpg", "Photo_Filename": "536700e7-e140-44d3-8e70-243d2fbe8433_1776971953.jpg" }, "geometry": { "type": "Point", "coordinates": [ -71.133679, 41.553322 ] } },
{ "type": "Feature", "properties": { "entry_id": "076dfc55-644d-402a-a055-1e54fecf4123", "created_at": "2026-04-23T19:18:40Z", "gps_accuracy_m": 7.0, "Wall_Condition": "Poor", "Vegetation_Cover": "Quite covered (50-75% covered)", "Wall_Type": "Stacked (stones placed loosely)", "Stone_Shape": [ "Ball", "Slab" ], "Special_Features": [ "Good candidate for repair" ], "Surveyor_Name": "Steve", "Comments": "", "Photo_URL": "https://five.epicollect.net/api/internal/media/little-compton-wall-inventory-2025?type=photo&format=entry_original&name=076dfc55-644d-402a-a055-1e54fecf4123_1776971883.jpg", "Photo_Filename": "076dfc55-644d-402a-a055-1e54fecf4123_1776971883.jpg" }, "geometry": { "type": "Point", "coordinates": [ -71.133868, 41.553182 ] } },
{ "type": "Feature", "properties": { "entry_id": "c7183a64-2a78-4bd1-aea2-5627d04dacd6", "created_at": "2026-04-23T19:17:32Z", "gps_accuracy_m": 5.0, "Wall_Condition": "Poor", "Vegetation_Cover": "Some overgrowth (25-50% covered)", "Wall_Type": "Stacked (stones placed loosely)", "Stone_Shape": [ "Ball", "Slab" ], "Special_Features": [ "Good candidate for repair" ], "Surveyor_Name": "Steve", "Comments": "", "Photo_URL": "https://five.epicollect.net/api/internal/media/little-compton-wall-inventory-2025?type=photo&format=entry_original&name=c7183a64-2a78-4bd1-aea2-5627d04dacd6_1776971814.jpg", "Photo_Filename": "c7183a64-2a78-4bd1-aea2-5627d04dacd6_1776971814.jpg" }, "geometry": { "type": "Point", "coordinates": [ -71.133716, 41.552991 ] } },
{ "type": "Feature", "properties": { "entry_id": "72f4ad72-18c7-4b55-a281-f499de9d2866", "created_at": "2026-04-23T19:16:26Z", "gps_accuracy_m": 8.0, "Wall_Condition": "Fair", "Vegetation_Cover": "Some overgrowth (25-50% covered)", "Wall_Type": "Stacked (stones placed loosely)", "Stone_Shape": [ "Ball", "Slab" ], "Special_Features": [ "Opening in wall" ], "Surveyor_Name": "Steve", "Comments": "", "Photo_URL": "https://five.epicollect.net/api/internal/media/little-compton-wall-inventory-2025?type=photo&format=entry_original&name=72f4ad72-18c7-4b55-a281-f499de9d2866_1776971719.jpg", "Photo_Filename": "72f4ad72-18c7-4b55-a281-f499de9d2866_1776971719.jpg" }, "geometry": { "type": "Point", "coordinates": [ -71.133764, 41.552904 ] } },
{ "type": "Feature", "properties": { "entry_id": "dfd66703-c180-4e85-93d4-fe999e6ae831", "created_at": "2026-04-23T19:14:48Z", "gps_accuracy_m": 14.0, "Wall_Condition": "Poor", "Vegetation_Cover": "Quite covered (50-75% covered)", "Wall_Type": "Stacked (stones placed loosely)", "Stone_Shape": [ "Ball", "Slab", "Pillow" ], "Special_Features": [ "Opening in wall", "Recently rebuilt", "Good candidate for repair" ], "Surveyor_Name": "Steve", "Comments": "", "Photo_URL": "https://five.epicollect.net/api/internal/media/little-compton-wall-inventory-2025?type=photo&format=entry_original&name=dfd66703-c180-4e85-93d4-fe999e6ae831_1776971649.jpg", "Photo_Filename": "dfd66703-c180-4e85-93d4-fe999e6ae831_1776971649.jpg" }, "geometry": { "type": "Point", "coordinates": [ -71.133687, 41.552758 ] } },
{ "type": "Feature", "properties": { "entry_id": "97b66149-dbf8-484e-b1c5-062f7285314f", "created_at": "2026-04-23T19:13:44Z", "gps_accuracy_m": 14.0, "Wall_Condition": "Good", "Vegetation_Cover": "Some overgrowth (25-50% covered)", "Wall_Type": "Stacked (stones placed loosely)", "Stone_Shape": [ "Ball", "Slab" ], "Special_Features": [ "Recently rebuilt" ], "Surveyor_Name": "Steve", "Comments": "", "Photo_URL": "https://five.epicollect.net/api/internal/media/little-compton-wall-inventory-2025?type=photo&format=entry_original&name=97b66149-dbf8-484e-b1c5-062f7285314f_1776971585.jpg", "Photo_Filename": "97b66149-dbf8-484e-b1c5-062f7285314f_1776971585.jpg" }, "geometry": { "type": "Point", "coordinates": [ -71.133841, 41.552288 ] } },
{ "type": "Feature", "properties": { "entry_id": "961f65f4-fc67-4c5a-953f-84882c542da8", "created_at": "2026-04-23T19:12:23Z", "gps_accuracy_m": 4.0, "Wall_Condition": "Good", "Vegetation_Cover": "Some overgrowth (25-50% covered)", "Wall_Type": "Laid (carefully selected and fitted)", "Stone_Shape": [ "Ball", "Slab" ], "Special_Features": [ "Flat top", "Recently rebuilt" ], "Surveyor_Name": "Steve", "Comments": "", "Photo_URL": "https://five.epicollect.net/api/internal/media/little-compton-wall-inventory-2025?type=photo&format=entry_original&name=961f65f4-fc67-4c5a-953f-84882c542da8_1776971501.jpg", "Photo_Filename": "961f65f4-fc67-4c5a-953f-84882c542da8_1776971501.jpg" }, "geometry": { "type": "Point", "coordinates": [ -71.133738, 41.552424 ] } },
{ "type": "Feature", "properties": { "entry_id": "cfa5dba1-ae67-4c82-b578-716edaa8cea4", "created_at": "2026-04-23T19:11:14Z", "gps_accuracy_m": 5.0, "Wall_Condition": "Good", "Vegetation_Cover": "Some overgrowth (25-50% covered)", "Wall_Type": "Stacked (stones placed loosely)", "Stone_Shape": [ "Ball", "Slab" ], "Special_Features": [ "Flat top", "Recently rebuilt", "Opening in wall" ], "Surveyor_Name": "Steve", "Comments": "", "Photo_URL": "https://five.epicollect.net/api/internal/media/little-compton-wall-inventory-2025?type=photo&format=entry_original&name=cfa5dba1-ae67-4c82-b578-716edaa8cea4_1776971424.jpg", "Photo_Filename": "cfa5dba1-ae67-4c82-b578-716edaa8cea4_1776971424.jpg" }, "geometry": { "type": "Point", "coordinates": [ -71.133855, 41.552265 ] } },
{ "type": "Feature", "properties": { "entry_id": "cd9c9772-4740-4f12-829a-aeb7cd96ac03", "created_at": "2026-04-23T19:09:55Z", "gps_accuracy_m": 4.0, "Wall_Condition": "Good", "Vegetation_Cover": "Clear (0-25% covered)", "Wall_Type": "Stacked (stones placed loosely)", "Stone_Shape": [ "Ball", "Slab" ], "Special_Features": [ "Opening in wall" ], "Surveyor_Name": "Steve", "Comments": "", "Photo_URL": "https://five.epicollect.net/api/internal/media/little-compton-wall-inventory-2025?type=photo&format=entry_original&name=cd9c9772-4740-4f12-829a-aeb7cd96ac03_1776971346.jpg", "Photo_Filename": "cd9c9772-4740-4f12-829a-aeb7cd96ac03_1776971346.jpg" }, "geometry": { "type": "Point", "coordinates": [ -71.133702, 41.552115 ] } },
{ "type": "Feature", "properties": { "entry_id": "77e1936b-8c14-4b39-b0f3-aeb4a63828a3", "created_at": "2026-04-23T19:08:39Z", "gps_accuracy_m": 7.0, "Wall_Condition": "Fair", "Vegetation_Cover": "Some overgrowth (25-50% covered)", "Wall_Type": "Stacked (stones placed loosely)", "Stone_Shape": [ "Ball", "Slab" ], "Special_Features": [ ], "Surveyor_Name": "Steve", "Comments": "", "Photo_URL": "https://five.epicollect.net/api/internal/media/little-compton-wall-inventory-2025?type=photo&format=entry_original&name=77e1936b-8c14-4b39-b0f3-aeb4a63828a3_1776971272.jpg", "Photo_Filename": "77e1936b-8c14-4b39-b0f3-aeb4a63828a3_1776971272.jpg" }, "geometry": { "type": "Point", "coordinates": [ -71.133668, 41.551981 ] } },
{ "type": "Feature", "properties": { "entry_id": "7e33eeb1-873f-4c4f-90b1-6ecbdd88f6ab", "created_at": "2026-04-23T19:07:29Z", "gps_accuracy_m": 7.0, "Wall_Condition": "Poor", "Vegetation_Cover": "Quite covered (50-75% covered)", "Wall_Type": "Dumped (stones piled on ground)", "Stone_Shape": [ "Ball" ], "Special_Features": [ ], "Surveyor_Name": "Steve", "Comments": "", "Photo_URL": "https://five.epicollect.net/api/internal/media/little-compton-wall-inventory-2025?type=photo&format=entry_original&name=7e33eeb1-873f-4c4f-90b1-6ecbdd88f6ab_1776971214.jpg", "Photo_Filename": "7e33eeb1-873f-4c4f-90b1-6ecbdd88f6ab_1776971214.jpg" }, "geometry": { "type": "Point", "coordinates": [ -71.13375, 41.551792 ] } },
{ "type": "Feature", "properties": { "entry_id": "a777b6d0-111a-44a9-b818-1069b45eb6e9", "created_at": "2026-04-23T19:06:05Z", "gps_accuracy_m": 23.0, "Wall_Condition": "Poor", "Vegetation_Cover": "Clear (0-25% covered)", "Wall_Type": "Stacked (stones placed loosely)", "Stone_Shape": [ "Ball", "Slab" ], "Special_Features": [ ], "Surveyor_Name": "Steve", "Comments": "", "Photo_URL": "https://five.epicollect.net/api/internal/media/little-compton-wall-inventory-2025?type=photo&format=entry_original&name=a777b6d0-111a-44a9-b818-1069b45eb6e9_1776971100.jpg", "Photo_Filename": "a777b6d0-111a-44a9-b818-1069b45eb6e9_1776971100.jpg" }, "geometry": { "type": "Point", "coordinates": [ -71.133812, 41.552023 ] } },
{ "type": "Feature", "properties": { "entry_id": "9f85a412-4938-4ea6-a98d-6de1b3ba3c9c", "created_at": "2026-04-22T14:09:06Z", "gps_accuracy_m": 33.0, "Wall_Condition": "Fair", "Vegetation_Cover": "Some overgrowth (25-50% covered)", "Wall_Type": "Stacked (stones placed loosely)", "Stone_Shape": [ "Ball", "Slab", "Pillow" ], "Special_Features": [ "Good candidate for repair" ], "Surveyor_Name": "Jay Miller", "Comments": "", "Photo_URL": "https://five.epicollect.net/api/internal/media/little-compton-wall-inventory-2025?type=photo&format=entry_original&name=9f85a412-4938-4ea6-a98d-6de1b3ba3c9c_1776866863.jpg", "Photo_Filename": "9f85a412-4938-4ea6-a98d-6de1b3ba3c9c_1776866863.jpg" }, "geometry": { "type": "Point", "coordinates": [ -71.168013, 41.543285 ] } },
{ "type": "Feature", "properties": { "entry_id": "0236a0cb-b9e7-4fe4-a230-6033432b47f3", "created_at": "2026-04-20T22:57:50Z", "gps_accuracy_m": 44.0, "Wall_Condition": "Good", "Vegetation_Cover": "Clear (0-25% covered)", "Wall_Type": "Laid (carefully selected and fitted)", "Stone_Shape": [ "Ball", "Slab", "Prism", "Block", "Pillow", "Tablet" ], "Special_Features": [ "Flat top", "Double-sided", "Other (add comment)" ], "Surveyor_Name": "Lavinia Gadsden", "Comments": "Built by Joseph Stankewicz at age 70 plus surrounding his 10 acre property as well as two ponds. Circled by stone walls that he built.", "Photo_URL": "https://five.epicollect.net/api/internal/media/little-compton-wall-inventory-2025?type=photo&format=entry_original&name=0236a0cb-b9e7-4fe4-a230-6033432b47f3_1776725657.jpg", "Photo_Filename": "0236a0cb-b9e7-4fe4-a230-6033432b47f3_1776725657.jpg" }, "geometry": { "type": "Point", "coordinates": [ -71.154531, 41.535851 ] } },
{ "type": "Feature", "properties": { "entry_id": "0150f09d-0a5e-43e7-8cb5-3faf80424aa9", "created_at": "2026-04-20T22:48:33Z", "gps_accuracy_m": 39.0, "Wall_Condition": "Good", "Vegetation_Cover": "Clear (0-25% covered)", "Wall_Type": "Stacked (stones placed loosely)", "Stone_Shape": [ "Ball", "Slab", "Prism", "Block", "Tablet" ], "Special_Features": [ "Other (add comment)" ], "Surveyor_Name": "", "Comments": "This whole section lines a portion of Long Highway. There is not a wall across the street. A beautiful circular pond lined with a stacked wall of stone", "Photo_URL": "https://five.epicollect.net/api/internal/media/little-compton-wall-inventory-2025?type=photo&format=entry_original&name=0150f09d-0a5e-43e7-8cb5-3faf80424aa9_1776725157.jpg", "Photo_Filename": "0150f09d-0a5e-43e7-8cb5-3faf80424aa9_1776725157.jpg" }, "geometry": { "type": "Point", "coordinates": [ -71.154284, 41.534729 ] } },
{ "type": "Feature", "properties": { "entry_id": "3f80eec0-d10a-43eb-a67f-87f74d7b6e8a", "created_at": "2026-04-20T22:43:56Z", "gps_accuracy_m": 13.0, "Wall_Condition": "Good", "Vegetation_Cover": "Clear (0-25% covered)", "Wall_Type": "Laid (carefully selected and fitted)", "Stone_Shape": [ "Ball", "Slab", "Prism", "Block", "Tablet" ], "Special_Features": [ "Flat top", "Double-sided" ], "Surveyor_Name": "Lavinia Gadsden", "Comments": "", "Photo_URL": "https://five.epicollect.net/api/internal/media/little-compton-wall-inventory-2025?type=photo&format=entry_original&name=3f80eec0-d10a-43eb-a67f-87f74d7b6e8a_1776724967.jpg", "Photo_Filename": "3f80eec0-d10a-43eb-a67f-87f74d7b6e8a_1776724967.jpg" }, "geometry": { "type": "Point", "coordinates": [ -71.15425, 41.534709 ] } },
{ "type": "Feature", "properties": { "entry_id": "4af08896-13a2-47c5-b243-8d12b1ccad4f", "created_at": "2026-04-20T22:41:25Z", "gps_accuracy_m": 33.0, "Wall_Condition": "Good", "Vegetation_Cover": "Some overgrowth (25-50% covered)", "Wall_Type": "Laid (carefully selected and fitted)", "Stone_Shape": [ "Slab", "Block", "Tablet", "Prism" ], "Special_Features": [ "Flat top", "Double-sided" ], "Surveyor_Name": "Lavinia Gadsden", "Comments": "", "Photo_URL": "https://five.epicollect.net/api/internal/media/little-compton-wall-inventory-2025?type=photo&format=entry_original&name=4af08896-13a2-47c5-b243-8d12b1ccad4f_1776724790.jpg", "Photo_Filename": "4af08896-13a2-47c5-b243-8d12b1ccad4f_1776724790.jpg" }, "geometry": { "type": "Point", "coordinates": [ -71.154258, 41.534611 ] } },
{ "type": "Feature", "properties": { "entry_id": "61599d15-981f-4135-a300-9b02b7a8e024", "created_at": "2026-04-20T19:17:05Z", "gps_accuracy_m": 5.0, "Wall_Condition": "Good", "Vegetation_Cover": "Clear (0-25% covered)", "Wall_Type": "Laid (carefully selected and fitted)", "Stone_Shape": [ "Ball", "Slab", "Pillow", "Tablet" ], "Special_Features": [ "Flat top" ], "Surveyor_Name": "Marea Tumber", "Comments": "", "Photo_URL": "https://five.epicollect.net/api/internal/media/little-compton-wall-inventory-2025?type=photo&format=entry_original&name=61599d15-981f-4135-a300-9b02b7a8e024_1776712575.jpg", "Photo_Filename": "61599d15-981f-4135-a300-9b02b7a8e024_1776712575.jpg" }, "geometry": { "type": "Point", "coordinates": [ -71.155822, 41.488424 ] } },
{ "type": "Feature", "properties": { "entry_id": "df7a8ccd-2546-4d13-a746-c3ec0fb582d5", "created_at": "2026-04-20T19:15:50Z", "gps_accuracy_m": 13.0, "Wall_Condition": "Good", "Vegetation_Cover": "Clear (0-25% covered)", "Wall_Type": "Stacked (stones placed loosely)", "Stone_Shape": [ "Ball", "Slab", "Pillow", "Tablet" ], "Special_Features": [ ], "Surveyor_Name": "Marea Tumber", "Comments": "", "Photo_URL": "https://five.epicollect.net/api/internal/media/little-compton-wall-inventory-2025?type=photo&format=entry_original&name=df7a8ccd-2546-4d13-a746-c3ec0fb582d5_1776712516.jpg", "Photo_Filename": "df7a8ccd-2546-4d13-a746-c3ec0fb582d5_1776712516.jpg" }, "geometry": { "type": "Point", "coordinates": [ -71.15613, 41.488477 ] } },
{ "type": "Feature", "properties": { "entry_id": "b5c8e684-af17-4c9e-8030-838942aac8ea", "created_at": "2026-04-20T19:14:55Z", "gps_accuracy_m": 24.0, "Wall_Condition": "Good", "Vegetation_Cover": "Clear (0-25% covered)", "Wall_Type": "Stacked (stones placed loosely)", "Stone_Shape": [ "Ball", "Slab", "Pillow", "Tablet" ], "Special_Features": [ ], "Surveyor_Name": "Marea Tumber", "Comments": "", "Photo_URL": "https://five.epicollect.net/api/internal/media/little-compton-wall-inventory-2025?type=photo&format=entry_original&name=b5c8e684-af17-4c9e-8030-838942aac8ea_1776712461.jpg", "Photo_Filename": "b5c8e684-af17-4c9e-8030-838942aac8ea_1776712461.jpg" }, "geometry": { "type": "Point", "coordinates": [ -71.156236, 41.488574 ] } },
{ "type": "Feature", "properties": { "entry_id": "d07a1bca-4371-4682-be3c-fefd8e5f990f", "created_at": "2026-04-20T19:14:00Z", "gps_accuracy_m": 5.0, "Wall_Condition": "Good", "Vegetation_Cover": "Clear (0-25% covered)", "Wall_Type": "Stacked (stones placed loosely)", "Stone_Shape": [ "Ball", "Slab", "Pillow", "Tablet" ], "Special_Features": [ "Opening in wall" ], "Surveyor_Name": "Marea Tumber", "Comments": "", "Photo_URL": "https://five.epicollect.net/api/internal/media/little-compton-wall-inventory-2025?type=photo&format=entry_original&name=d07a1bca-4371-4682-be3c-fefd8e5f990f_1776712409.jpg", "Photo_Filename": "d07a1bca-4371-4682-be3c-fefd8e5f990f_1776712409.jpg" }, "geometry": { "type": "Point", "coordinates": [ -71.156448, 41.488737 ] } },
{ "type": "Feature", "properties": { "entry_id": "9d085159-5b90-4102-9cdb-cb17a2b45be1", "created_at": "2026-04-20T19:12:40Z", "gps_accuracy_m": 6.0, "Wall_Condition": "Good", "Vegetation_Cover": "Clear (0-25% covered)", "Wall_Type": "Stacked (stones placed loosely)", "Stone_Shape": [ "Ball", "Slab", "Pillow", "Tablet" ], "Special_Features": [ "Opening in wall" ], "Surveyor_Name": "Marea Tumber", "Comments": "", "Photo_URL": "https://five.epicollect.net/api/internal/media/little-compton-wall-inventory-2025?type=photo&format=entry_original&name=9d085159-5b90-4102-9cdb-cb17a2b45be1_1776712321.jpg", "Photo_Filename": "9d085159-5b90-4102-9cdb-cb17a2b45be1_1776712321.jpg" }, "geometry": { "type": "Point", "coordinates": [ -71.157103, 41.489355 ] } },
{ "type": "Feature", "properties": { "entry_id": "24ecc1bf-436b-4e12-bfb9-86dfc771a91c", "created_at": "2026-04-20T19:11:31Z", "gps_accuracy_m": 42.0, "Wall_Condition": "Good", "Vegetation_Cover": "Clear (0-25% covered)", "Wall_Type": "Stacked (stones placed loosely)", "Stone_Shape": [ "Ball", "Slab", "Pillow", "Tablet" ], "Special_Features": [ ], "Surveyor_Name": "Marea Tumber", "Comments": "", "Photo_URL": "https://five.epicollect.net/api/internal/media/little-compton-wall-inventory-2025?type=photo&format=entry_original&name=24ecc1bf-436b-4e12-bfb9-86dfc771a91c_1776712239.jpg", "Photo_Filename": "24ecc1bf-436b-4e12-bfb9-86dfc771a91c_1776712239.jpg" }, "geometry": { "type": "Point", "coordinates": [ -71.15745, 41.489696 ] } },
{ "type": "Feature", "properties": { "entry_id": "776b4d81-940b-4ec4-a59e-abc75827910e", "created_at": "2026-04-20T19:10:09Z", "gps_accuracy_m": 7.0, "Wall_Condition": "Good", "Vegetation_Cover": "Clear (0-25% covered)", "Wall_Type": "Laid (carefully selected and fitted)", "Stone_Shape": [ "Ball", "Slab", "Pillow", "Tablet" ], "Special_Features": [ "Recently rebuilt" ], "Surveyor_Name": "Marea Tumber", "Comments": "", "Photo_URL": "https://five.epicollect.net/api/internal/media/little-compton-wall-inventory-2025?type=photo&format=entry_original&name=776b4d81-940b-4ec4-a59e-abc75827910e_1776712178.jpg", "Photo_Filename": "776b4d81-940b-4ec4-a59e-abc75827910e_1776712178.jpg" }, "geometry": { "type": "Point", "coordinates": [ -71.157315, 41.489443 ] } },
{ "type": "Feature", "properties": { "entry_id": "a46356ef-9519-48f1-a8b4-b12748aa189e", "created_at": "2026-04-20T19:09:10Z", "gps_accuracy_m": 6.0, "Wall_Condition": "Good", "Vegetation_Cover": "Clear (0-25% covered)", "Wall_Type": "Laid (carefully selected and fitted)", "Stone_Shape": [ "Ball", "Slab", "Pillow", "Tablet" ], "Special_Features": [ "Recently rebuilt" ], "Surveyor_Name": "Marea Tumber", "Comments": "", "Photo_URL": "https://five.epicollect.net/api/internal/media/little-compton-wall-inventory-2025?type=photo&format=entry_original&name=a46356ef-9519-48f1-a8b4-b12748aa189e_1776712111.jpg", "Photo_Filename": "a46356ef-9519-48f1-a8b4-b12748aa189e_1776712111.jpg" }, "geometry": { "type": "Point", "coordinates": [ -71.157055, 41.489193 ] } },
{ "type": "Feature", "properties": { "entry_id": "d9776013-1968-4090-b3a9-2aaf32e3b3a4", "created_at": "2026-04-20T19:08:06Z", "gps_accuracy_m": 3.0, "Wall_Condition": "Good", "Vegetation_Cover": "Clear (0-25% covered)", "Wall_Type": "Laid (carefully selected and fitted)", "Stone_Shape": [ "Ball", "Slab", "Pillow", "Tablet" ], "Special_Features": [ "Opening in wall" ], "Surveyor_Name": "MareaTumber", "Comments": "", "Photo_URL": "https://five.epicollect.net/api/internal/media/little-compton-wall-inventory-2025?type=photo&format=entry_original&name=d9776013-1968-4090-b3a9-2aaf32e3b3a4_1776712046.jpg", "Photo_Filename": "d9776013-1968-4090-b3a9-2aaf32e3b3a4_1776712046.jpg" }, "geometry": { "type": "Point", "coordinates": [ -71.15685, 41.489003 ] } },
{ "type": "Feature", "properties": { "entry_id": "15b4791e-a55a-4bb1-871d-17bcbf5ed93e", "created_at": "2026-04-20T19:06:53Z", "gps_accuracy_m": 10.0, "Wall_Condition": "Good", "Vegetation_Cover": "Clear (0-25% covered)", "Wall_Type": "Stacked (stones placed loosely)", "Stone_Shape": [ "Ball", "Prism", "Pillow" ], "Special_Features": [ "Opening in wall" ], "Surveyor_Name": "Marea Tumber", "Comments": "", "Photo_URL": "https://five.epicollect.net/api/internal/media/little-compton-wall-inventory-2025?type=photo&format=entry_original&name=15b4791e-a55a-4bb1-871d-17bcbf5ed93e_1776711972.jpg", "Photo_Filename": "15b4791e-a55a-4bb1-871d-17bcbf5ed93e_1776711972.jpg" }, "geometry": { "type": "Point", "coordinates": [ -71.156598, 41.488714 ] } },
{ "type": "Feature", "properties": { "entry_id": "02039327-8783-415f-8156-e7c56dc453ef", "created_at": "2026-04-20T19:05:34Z", "gps_accuracy_m": 6.0, "Wall_Condition": "Good", "Vegetation_Cover": "Clear (0-25% covered)", "Wall_Type": "Stacked (stones placed loosely)", "Stone_Shape": [ "Ball", "Slab", "Pillow" ], "Special_Features": [ ], "Surveyor_Name": "Marea Tumber", "Comments": "", "Photo_URL": "https://five.epicollect.net/api/internal/media/little-compton-wall-inventory-2025?type=photo&format=entry_original&name=02039327-8783-415f-8156-e7c56dc453ef_1776711900.jpg", "Photo_Filename": "02039327-8783-415f-8156-e7c56dc453ef_1776711900.jpg" }, "geometry": { "type": "Point", "coordinates": [ -71.156303, 41.488612 ] } },
{ "type": "Feature", "properties": { "entry_id": "6f81e65d-a492-4aa4-bf69-ac9018574779", "created_at": "2026-04-20T19:04:35Z", "gps_accuracy_m": 16.0, "Wall_Condition": "Good", "Vegetation_Cover": "Clear (0-25% covered)", "Wall_Type": "Stacked (stones placed loosely)", "Stone_Shape": [ "Ball", "Slab", "Pillow", "Tablet" ], "Special_Features": [ ], "Surveyor_Name": "Marea Tumber", "Comments": "", "Photo_URL": "https://five.epicollect.net/api/internal/media/little-compton-wall-inventory-2025?type=photo&format=entry_original&name=6f81e65d-a492-4aa4-bf69-ac9018574779_1776711849.jpg", "Photo_Filename": "6f81e65d-a492-4aa4-bf69-ac9018574779_1776711849.jpg" }, "geometry": { "type": "Point", "coordinates": [ -71.156028, 41.488426 ] } },
{ "type": "Feature", "properties": { "entry_id": "1e442bd3-bbb3-4977-85f8-916bb063ee4a", "created_at": "2026-04-20T19:03:36Z", "gps_accuracy_m": 5.0, "Wall_Condition": "Good", "Vegetation_Cover": "Clear (0-25% covered)", "Wall_Type": "Laid (carefully selected and fitted)", "Stone_Shape": [ "Ball", "Slab", "Pillow", "Tablet" ], "Special_Features": [ "Flat top" ], "Surveyor_Name": "Marea Tumber", "Comments": "", "Photo_URL": "https://five.epicollect.net/api/internal/media/little-compton-wall-inventory-2025?type=photo&format=entry_original&name=1e442bd3-bbb3-4977-85f8-916bb063ee4a_1776711788.jpg", "Photo_Filename": "1e442bd3-bbb3-4977-85f8-916bb063ee4a_1776711788.jpg" }, "geometry": { "type": "Point", "coordinates": [ -71.155822, 41.488424 ] } },
{ "type": "Feature", "properties": { "entry_id": "a15600ac-8c24-4615-97e5-ffcbdbb7ead8", "created_at": "2026-04-20T19:02:43Z", "gps_accuracy_m": 5.0, "Wall_Condition": "Good", "Vegetation_Cover": "Clear (0-25% covered)", "Wall_Type": "Laid (carefully selected and fitted)", "Stone_Shape": [ "Slab", "Pillow", "Ball" ], "Special_Features": [ "Flat top" ], "Surveyor_Name": "Marea Tumber", "Comments": "", "Photo_URL": "https://five.epicollect.net/api/internal/media/little-compton-wall-inventory-2025?type=photo&format=entry_original&name=a15600ac-8c24-4615-97e5-ffcbdbb7ead8_1776711732.jpg", "Photo_Filename": "a15600ac-8c24-4615-97e5-ffcbdbb7ead8_1776711732.jpg" }, "geometry": { "type": "Point", "coordinates": [ -71.155822, 41.488424 ] } },
{ "type": "Feature", "properties": { "entry_id": "c846f6f9-fb2a-4390-aa01-b025dcd97c90", "created_at": "2026-04-20T19:01:32Z", "gps_accuracy_m": 5.0, "Wall_Condition": "Good", "Vegetation_Cover": "Clear (0-25% covered)", "Wall_Type": "Laid (carefully selected and fitted)", "Stone_Shape": [ "Slab", "Pillow", "Tablet" ], "Special_Features": [ "Flat top" ], "Surveyor_Name": "Marea Tumber", "Comments": "", "Photo_URL": "https://five.epicollect.net/api/internal/media/little-compton-wall-inventory-2025?type=photo&format=entry_original&name=c846f6f9-fb2a-4390-aa01-b025dcd97c90_1776711645.jpg", "Photo_Filename": "c846f6f9-fb2a-4390-aa01-b025dcd97c90_1776711645.jpg" }, "geometry": { "type": "Point", "coordinates": [ -71.155822, 41.488424 ] } },
{ "type": "Feature", "properties": { "entry_id": "a103a1b3-4631-4071-9692-1323c20b4a05", "created_at": "2026-04-20T18:35:29Z", "gps_accuracy_m": 9.0, "Wall_Condition": "Good", "Vegetation_Cover": "Clear (0-25% covered)", "Wall_Type": "Laid (carefully selected and fitted)", "Stone_Shape": [ "Ball", "Slab", "Tablet", "Pillow" ], "Special_Features": [ "Flat top" ], "Surveyor_Name": "Marea Tumber", "Comments": "", "Photo_URL": "https://five.epicollect.net/api/internal/media/little-compton-wall-inventory-2025?type=photo&format=entry_original&name=a103a1b3-4631-4071-9692-1323c20b4a05_1776710084.jpg", "Photo_Filename": "a103a1b3-4631-4071-9692-1323c20b4a05_1776710084.jpg" }, "geometry": { "type": "Point", "coordinates": [ -71.155109, 41.488444 ] } },
{ "type": "Feature", "properties": { "entry_id": "ae74f24a-3af7-485f-a4b6-e621f3134205", "created_at": "2026-04-20T18:34:24Z", "gps_accuracy_m": 3.0, "Wall_Condition": "Good", "Vegetation_Cover": "Clear (0-25% covered)", "Wall_Type": "Laid (carefully selected and fitted)", "Stone_Shape": [ "Ball", "Slab", "Pillow", "Tablet" ], "Special_Features": [ "Flat top" ], "Surveyor_Name": "Marea Tumber", "Comments": "", "Photo_URL": "https://five.epicollect.net/api/internal/media/little-compton-wall-inventory-2025?type=photo&format=entry_original&name=ae74f24a-3af7-485f-a4b6-e621f3134205_1776710021.jpg", "Photo_Filename": "ae74f24a-3af7-485f-a4b6-e621f3134205_1776710021.jpg" }, "geometry": { "type": "Point", "coordinates": [ -71.15496, 41.48859 ] } },
{ "type": "Feature", "properties": { "entry_id": "27210e34-48a7-4d3d-882c-5c85425d32e7", "created_at": "2026-04-20T18:33:04Z", "gps_accuracy_m": 5.0, "Wall_Condition": "Fair", "Vegetation_Cover": "Quite covered (50-75% covered)", "Wall_Type": "Stacked (stones placed loosely)", "Stone_Shape": [ "Ball", "Slab", "Pillow", "Tablet" ], "Special_Features": [ ], "Surveyor_Name": "Marea Tumber", "Comments": "", "Photo_URL": "https://five.epicollect.net/api/internal/media/little-compton-wall-inventory-2025?type=photo&format=entry_original&name=27210e34-48a7-4d3d-882c-5c85425d32e7_1776709949.jpg", "Photo_Filename": "27210e34-48a7-4d3d-882c-5c85425d32e7_1776709949.jpg" }, "geometry": { "type": "Point", "coordinates": [ -71.154578, 41.488901 ] } },
{ "type": "Feature", "properties": { "entry_id": "e312c239-ea91-4583-b427-38ebbaefb96b", "created_at": "2026-04-20T18:32:06Z", "gps_accuracy_m": 5.0, "Wall_Condition": "Fair", "Vegetation_Cover": "Quite covered (50-75% covered)", "Wall_Type": "Stacked (stones placed loosely)", "Stone_Shape": [ "Ball", "Slab", "Tablet", "Pillow" ], "Special_Features": [ ], "Surveyor_Name": "Marea Tumber", "Comments": "", "Photo_URL": "https://five.epicollect.net/api/internal/media/little-compton-wall-inventory-2025?type=photo&format=entry_original&name=e312c239-ea91-4583-b427-38ebbaefb96b_1776709895.jpg", "Photo_Filename": "e312c239-ea91-4583-b427-38ebbaefb96b_1776709895.jpg" }, "geometry": { "type": "Point", "coordinates": [ -71.15434, 41.489085 ] } },
{ "type": "Feature", "properties": { "entry_id": "bf25f4e5-56a3-46c7-bc45-c0f22666f73a", "created_at": "2026-04-20T18:31:00Z", "gps_accuracy_m": 5.0, "Wall_Condition": "Fair", "Vegetation_Cover": "Quite covered (50-75% covered)", "Wall_Type": "Stacked (stones placed loosely)", "Stone_Shape": [ "Ball", "Slab", "Pillow", "Tablet" ], "Special_Features": [ ], "Surveyor_Name": "Marea Tumber", "Comments": "", "Photo_URL": "https://five.epicollect.net/api/internal/media/little-compton-wall-inventory-2025?type=photo&format=entry_original&name=bf25f4e5-56a3-46c7-bc45-c0f22666f73a_1776709812.jpg", "Photo_Filename": "bf25f4e5-56a3-46c7-bc45-c0f22666f73a_1776709812.jpg" }, "geometry": { "type": "Point", "coordinates": [ -71.154177, 41.489177 ] } },
{ "type": "Feature", "properties": { "entry_id": "c4be5c0b-c35d-4411-81bb-d8c906ba09d8", "created_at": "2026-04-20T18:29:10Z", "gps_accuracy_m": 2.0, "Wall_Condition": "Poor", "Vegetation_Cover": "Quite covered (50-75% covered)", "Wall_Type": "Dumped (stones piled on ground)", "Stone_Shape": [ "Ball", "Block" ], "Special_Features": [ ], "Surveyor_Name": "Marea Tumber", "Comments": "", "Photo_URL": "https://five.epicollect.net/api/internal/media/little-compton-wall-inventory-2025?type=photo&format=entry_original&name=c4be5c0b-c35d-4411-81bb-d8c906ba09d8_1776709677.jpg", "Photo_Filename": "c4be5c0b-c35d-4411-81bb-d8c906ba09d8_1776709677.jpg" }, "geometry": { "type": "Point", "coordinates": [ -71.154572, 41.489021 ] } },
{ "type": "Feature", "properties": { "entry_id": "e77c31b9-4643-45db-97d2-39ec97493dee", "created_at": "2026-04-20T18:26:46Z", "gps_accuracy_m": 3.0, "Wall_Condition": "Good", "Vegetation_Cover": "Clear (0-25% covered)", "Wall_Type": "Laid (carefully selected and fitted)", "Stone_Shape": [ "Slab", "Pillow", "Tablet" ], "Special_Features": [ "Flat top" ], "Surveyor_Name": "Marea Tumber", "Comments": "", "Photo_URL": "https://five.epicollect.net/api/internal/media/little-compton-wall-inventory-2025?type=photo&format=entry_original&name=e77c31b9-4643-45db-97d2-39ec97493dee_1776709568.jpg", "Photo_Filename": "e77c31b9-4643-45db-97d2-39ec97493dee_1776709568.jpg" }, "geometry": { "type": "Point", "coordinates": [ -71.155054, 41.488584 ] } },
{ "type": "Feature", "properties": { "entry_id": "1ebbfeaa-9baf-4838-b09f-814ea334c469", "created_at": "2026-04-20T18:25:46Z", "gps_accuracy_m": 16.0, "Wall_Condition": "Good", "Vegetation_Cover": "Clear (0-25% covered)", "Wall_Type": "Stacked (stones placed loosely)", "Stone_Shape": [ "Ball", "Slab", "Pillow", "Tablet" ], "Special_Features": [ ], "Surveyor_Name": "Marea Tumber", "Comments": "", "Photo_URL": "https://five.epicollect.net/api/internal/media/little-compton-wall-inventory-2025?type=photo&format=entry_original&name=1ebbfeaa-9baf-4838-b09f-814ea334c469_1776709474.jpg", "Photo_Filename": "1ebbfeaa-9baf-4838-b09f-814ea334c469_1776709474.jpg" }, "geometry": { "type": "Point", "coordinates": [ -71.155217, 41.488454 ] } },
{ "type": "Feature", "properties": { "entry_id": "fe1bcfb0-c1e8-4895-b88c-af01b593d88f", "created_at": "2026-04-20T18:24:06Z", "gps_accuracy_m": 9.0, "Wall_Condition": "Good", "Vegetation_Cover": "Clear (0-25% covered)", "Wall_Type": "Stacked (stones placed loosely)", "Stone_Shape": [ "Ball", "Slab", "Tablet", "Pillow" ], "Special_Features": [ ], "Surveyor_Name": "Marea Tumber", "Comments": "", "Photo_URL": "https://five.epicollect.net/api/internal/media/little-compton-wall-inventory-2025?type=photo&format=entry_original&name=fe1bcfb0-c1e8-4895-b88c-af01b593d88f_1776709300.jpg", "Photo_Filename": "fe1bcfb0-c1e8-4895-b88c-af01b593d88f_1776709300.jpg" }, "geometry": { "type": "Point", "coordinates": [ -71.155398, 41.488442 ] } },
{ "type": "Feature", "properties": { "entry_id": "d4534e79-9d59-4409-956b-966d337b6d50", "created_at": "2026-04-20T18:21:11Z", "gps_accuracy_m": 6.0, "Wall_Condition": "Good", "Vegetation_Cover": "Clear (0-25% covered)", "Wall_Type": "Stacked (stones placed loosely)", "Stone_Shape": [ "Ball", "Slab", "Tablet" ], "Special_Features": [ "Flat top" ], "Surveyor_Name": "Marea Tumber", "Comments": "", "Photo_URL": "https://five.epicollect.net/api/internal/media/little-compton-wall-inventory-2025?type=photo&format=entry_original&name=d4534e79-9d59-4409-956b-966d337b6d50_1776709231.jpg", "Photo_Filename": "d4534e79-9d59-4409-956b-966d337b6d50_1776709231.jpg" }, "geometry": { "type": "Point", "coordinates": [ -71.155491, 41.488243 ] } },
{ "type": "Feature", "properties": { "entry_id": "8aa446f7-e17c-4b54-8c83-68192d9f8cf6", "created_at": "2026-04-20T18:19:57Z", "gps_accuracy_m": 5.0, "Wall_Condition": "Good", "Vegetation_Cover": "Clear (0-25% covered)", "Wall_Type": "Laid (carefully selected and fitted)", "Stone_Shape": [ "Ball", "Slab", "Tablet" ], "Special_Features": [ "Flat top" ], "Surveyor_Name": "Marea Tumber", "Comments": "", "Photo_URL": "https://five.epicollect.net/api/internal/media/little-compton-wall-inventory-2025?type=photo&format=entry_original&name=8aa446f7-e17c-4b54-8c83-68192d9f8cf6_1776709091.jpg", "Photo_Filename": "8aa446f7-e17c-4b54-8c83-68192d9f8cf6_1776709091.jpg" }, "geometry": { "type": "Point", "coordinates": [ -71.155822, 41.488424 ] } },
{ "type": "Feature", "properties": { "entry_id": "9c8de44f-58a3-43fa-b200-ab40ce4ff815", "created_at": "2026-04-18T22:18:22Z", "gps_accuracy_m": 5.0, "Wall_Condition": "Fair", "Vegetation_Cover": "Clear (0-25% covered)", "Wall_Type": "Stacked (stones placed loosely)", "Stone_Shape": [ "Ball", "Block", "Slab" ], "Special_Features": [ "Opening in wall", "Good candidate for repair", "Double-sided", "Other (add comment)" ], "Surveyor_Name": "Jay Miller", "Comments": "very long with 90 degree turn and continues", "Photo_URL": "https://five.epicollect.net/api/internal/media/little-compton-wall-inventory-2025?type=photo&format=entry_original&name=9c8de44f-58a3-43fa-b200-ab40ce4ff815_1776550571.jpg", "Photo_Filename": "9c8de44f-58a3-43fa-b200-ab40ce4ff815_1776550571.jpg" }, "geometry": { "type": "Point", "coordinates": [ -71.164006, 41.544209 ] } },
{ "type": "Feature", "properties": { "entry_id": "040fd836-eb03-4fe6-b9ba-86dca7958684", "created_at": "2026-04-18T22:05:53Z", "gps_accuracy_m": 9.0, "Wall_Condition": "Poor", "Vegetation_Cover": "Clear (0-25% covered)", "Wall_Type": "Stacked (stones placed loosely)", "Stone_Shape": [ "Ball", "Block", "Pillow" ], "Special_Features": [ "Good candidate for repair" ], "Surveyor_Name": "Jay Miller", "Comments": "", "Photo_URL": "https://five.epicollect.net/api/internal/media/little-compton-wall-inventory-2025?type=photo&format=entry_original&name=040fd836-eb03-4fe6-b9ba-86dca7958684_1776549758.jpg", "Photo_Filename": "040fd836-eb03-4fe6-b9ba-86dca7958684_1776549758.jpg" }, "geometry": { "type": "Point", "coordinates": [ -71.162081, 41.544156 ] } },
{ "type": "Feature", "properties": { "entry_id": "affcc615-5c8f-4c78-a9b8-eff626bedfb8", "created_at": "2026-04-18T20:43:49Z", "gps_accuracy_m": 2.0, "Wall_Condition": "Good", "Vegetation_Cover": "Clear (0-25% covered)", "Wall_Type": "Laid (carefully selected and fitted)", "Stone_Shape": [ "Ball", "Slab", "Tablet" ], "Special_Features": [ "Flat top" ], "Surveyor_Name": "Marea Tumber", "Comments": "", "Photo_URL": "https://five.epicollect.net/api/internal/media/little-compton-wall-inventory-2025?type=photo&format=entry_original&name=affcc615-5c8f-4c78-a9b8-eff626bedfb8_1776543421.jpg", "Photo_Filename": "affcc615-5c8f-4c78-a9b8-eff626bedfb8_1776543421.jpg" }, "geometry": { "type": "Point", "coordinates": [ -71.155781, 41.488417 ] } },
{ "type": "Feature", "properties": { "entry_id": "8c5f958b-b65a-4128-ada5-d4b8b7a82c12", "created_at": "2026-04-18T19:35:39Z", "gps_accuracy_m": 14.0, "Wall_Condition": "Good", "Vegetation_Cover": "Clear (0-25% covered)", "Wall_Type": "Laid (carefully selected and fitted)", "Stone_Shape": [ "Tablet", "Pillow", "Prism", "Slab" ], "Special_Features": [ "Recently rebuilt" ], "Surveyor_Name": "Mary Truslow", "Comments": "", "Photo_URL": "https://five.epicollect.net/api/internal/media/little-compton-wall-inventory-2025?type=photo&format=entry_original&name=8c5f958b-b65a-4128-ada5-d4b8b7a82c12_1776540905.jpg", "Photo_Filename": "8c5f958b-b65a-4128-ada5-d4b8b7a82c12_1776540905.jpg" }, "geometry": { "type": "Point", "coordinates": [ -71.187294, 41.507621 ] } },
{ "type": "Feature", "properties": { "entry_id": "ef5031f7-4fd3-4661-818c-8a5dba12d84b", "created_at": "2026-04-18T19:34:13Z", "gps_accuracy_m": 12.0, "Wall_Condition": "Good", "Vegetation_Cover": "Clear (0-25% covered)", "Wall_Type": "Laid (carefully selected and fitted)", "Stone_Shape": [ "Slab", "Pillow", "Tablet", "Prism" ], "Special_Features": [ "Recently rebuilt" ], "Surveyor_Name": "Mary Truslow", "Comments": "", "Photo_URL": "https://five.epicollect.net/api/internal/media/little-compton-wall-inventory-2025?type=photo&format=entry_original&name=ef5031f7-4fd3-4661-818c-8a5dba12d84b_1776540810.jpg", "Photo_Filename": "ef5031f7-4fd3-4661-818c-8a5dba12d84b_1776540810.jpg" }, "geometry": { "type": "Point", "coordinates": [ -71.187281, 41.507662 ] } },
{ "type": "Feature", "properties": { "entry_id": "bddd88e9-7e46-4eff-aa89-ea8ec85a8950", "created_at": "2026-04-18T19:33:33Z", "gps_accuracy_m": 12.0, "Wall_Condition": "Poor", "Vegetation_Cover": "Clear (0-25% covered)", "Wall_Type": "Dumped (stones piled on ground)", "Stone_Shape": [ "Ball", "Slab", "Block", "Pillow" ], "Special_Features": [ "Good candidate for repair" ], "Surveyor_Name": "Jay Miller", "Comments": "", "Photo_URL": "https://five.epicollect.net/api/internal/media/little-compton-wall-inventory-2025?type=photo&format=entry_original&name=bddd88e9-7e46-4eff-aa89-ea8ec85a8950_1776540740.jpg", "Photo_Filename": "bddd88e9-7e46-4eff-aa89-ea8ec85a8950_1776540740.jpg" }, "geometry": { "type": "Point", "coordinates": [ -71.164937, 41.54422 ] } },
{ "type": "Feature", "properties": { "entry_id": "f1d97bc0-28b7-474b-aeb3-ce3953845a00", "created_at": "2026-04-18T19:32:42Z", "gps_accuracy_m": 13.0, "Wall_Condition": "Good", "Vegetation_Cover": "Clear (0-25% covered)", "Wall_Type": "Laid (carefully selected and fitted)", "Stone_Shape": [ "Slab", "Pillow", "Tablet", "Prism" ], "Special_Features": [ "Recently rebuilt", "Other (add comment)" ], "Surveyor_Name": "Mary Truslow", "Comments": "Although categorized as good one section of Wall has crumbled", "Photo_URL": "https://five.epicollect.net/api/internal/media/little-compton-wall-inventory-2025?type=photo&format=entry_original&name=f1d97bc0-28b7-474b-aeb3-ce3953845a00_1776540717.jpg", "Photo_Filename": "f1d97bc0-28b7-474b-aeb3-ce3953845a00_1776540717.jpg" }, "geometry": { "type": "Point", "coordinates": [ -71.187321, 41.507653 ] } },
{ "type": "Feature", "properties": { "entry_id": "a2e7e670-8eaf-4e9f-af55-95bf90ecc062", "created_at": "2026-04-18T19:31:05Z", "gps_accuracy_m": 12.0, "Wall_Condition": "Good", "Vegetation_Cover": "Clear (0-25% covered)", "Wall_Type": "Laid (carefully selected and fitted)", "Stone_Shape": [ "Block", "Pillow", "Tablet", "Slab" ], "Special_Features": [ "Recently rebuilt" ], "Surveyor_Name": "Mary Truslow", "Comments": "", "Photo_URL": "https://five.epicollect.net/api/internal/media/little-compton-wall-inventory-2025?type=photo&format=entry_original&name=a2e7e670-8eaf-4e9f-af55-95bf90ecc062_1776540621.jpg", "Photo_Filename": "a2e7e670-8eaf-4e9f-af55-95bf90ecc062_1776540621.jpg" }, "geometry": { "type": "Point", "coordinates": [ -71.187344, 41.507688 ] } },
{ "type": "Feature", "properties": { "entry_id": "1a98e6c8-9e87-4830-b707-39890caa80d2", "created_at": "2026-04-18T19:29:37Z", "gps_accuracy_m": 13.0, "Wall_Condition": "Good", "Vegetation_Cover": "Some overgrowth (25-50% covered)", "Wall_Type": "Laid (carefully selected and fitted)", "Stone_Shape": [ "Ball", "Slab", "Prism", "Pillow", "Tablet" ], "Special_Features": [ "Other (add comment)" ], "Surveyor_Name": "Mary Truslow", "Comments": "Categorized as good because on Southern border resident has rebuilt wall", "Photo_URL": "https://five.epicollect.net/api/internal/media/little-compton-wall-inventory-2025?type=photo&format=entry_original&name=1a98e6c8-9e87-4830-b707-39890caa80d2_1776540502.jpg", "Photo_Filename": "1a98e6c8-9e87-4830-b707-39890caa80d2_1776540502.jpg" }, "geometry": { "type": "Point", "coordinates": [ -71.187374, 41.507744 ] } },
{ "type": "Feature", "properties": { "entry_id": "f645221c-7759-4e95-aab3-59741641b3a9", "created_at": "2026-04-18T19:29:31Z", "gps_accuracy_m": 20.0, "Wall_Condition": "Good", "Vegetation_Cover": "Clear (0-25% covered)", "Wall_Type": "Laid (carefully selected and fitted)", "Stone_Shape": [ "Ball", "Block", "Slab" ], "Special_Features": [ "Recently rebuilt", "Opening in wall" ], "Surveyor_Name": "Jay Miller", "Comments": "", "Photo_URL": "https://five.epicollect.net/api/internal/media/little-compton-wall-inventory-2025?type=photo&format=entry_original&name=f645221c-7759-4e95-aab3-59741641b3a9_1776540443.jpg", "Photo_Filename": "f645221c-7759-4e95-aab3-59741641b3a9_1776540443.jpg" }, "geometry": { "type": "Point", "coordinates": [ -71.164755, 41.543783 ] } },
{ "type": "Feature", "properties": { "entry_id": "4ac62c6c-efb9-4b3d-bdd9-736e9219d91d", "created_at": "2026-04-18T19:27:29Z", "gps_accuracy_m": 4.0, "Wall_Condition": "Fair", "Vegetation_Cover": "Some overgrowth (25-50% covered)", "Wall_Type": "Laid (carefully selected and fitted)", "Stone_Shape": [ "Tablet", "Pillow", "Prism", "Slab" ], "Special_Features": [ "Other (add comment)" ], "Surveyor_Name": "Mary Truslow", "Comments": "Sections of Wall seemed to have either stones removed or have fallen", "Photo_URL": "https://five.epicollect.net/api/internal/media/little-compton-wall-inventory-2025?type=photo&format=entry_original&name=4ac62c6c-efb9-4b3d-bdd9-736e9219d91d_1776540398.jpg", "Photo_Filename": "4ac62c6c-efb9-4b3d-bdd9-736e9219d91d_1776540398.jpg" }, "geometry": { "type": "Point", "coordinates": [ -71.187251, 41.507811 ] } },
{ "type": "Feature", "properties": { "entry_id": "32f2038a-52f8-491b-b32d-ee31f90bb48c", "created_at": "2026-04-18T19:25:46Z", "gps_accuracy_m": 10.0, "Wall_Condition": "Fair", "Vegetation_Cover": "Some overgrowth (25-50% covered)", "Wall_Type": "Laid (carefully selected and fitted)", "Stone_Shape": [ "Tablet", "Pillow", "Prism", "Block", "Slab", "Ball" ], "Special_Features": [ "Other (add comment)" ], "Surveyor_Name": "Mary Truslow", "Comments": "Sections of wall are compromised", "Photo_URL": "https://five.epicollect.net/api/internal/media/little-compton-wall-inventory-2025?type=photo&format=entry_original&name=32f2038a-52f8-491b-b32d-ee31f90bb48c_1776540282.jpg", "Photo_Filename": "32f2038a-52f8-491b-b32d-ee31f90bb48c_1776540282.jpg" }, "geometry": { "type": "Point", "coordinates": [ -71.18742, 41.507806 ] } },
{ "type": "Feature", "properties": { "entry_id": "ce04ab00-a2c4-4801-a591-d08a9b070ec9", "created_at": "2026-04-18T19:23:10Z", "gps_accuracy_m": 20.0, "Wall_Condition": "Fair", "Vegetation_Cover": "Some overgrowth (25-50% covered)", "Wall_Type": "Laid (carefully selected and fitted)", "Stone_Shape": [ "Tablet", "Pillow", "Prism", "Slab" ], "Special_Features": [ "Other (add comment)" ], "Surveyor_Name": "Mary Truslow", "Comments": "Again classified as fair because of portions of the wall in compromised state", "Photo_URL": "https://five.epicollect.net/api/internal/media/little-compton-wall-inventory-2025?type=photo&format=entry_original&name=ce04ab00-a2c4-4801-a591-d08a9b070ec9_1776540132.jpg", "Photo_Filename": "ce04ab00-a2c4-4801-a591-d08a9b070ec9_1776540132.jpg" }, "geometry": { "type": "Point", "coordinates": [ -71.187508, 41.50761 ] } },
{ "type": "Feature", "properties": { "entry_id": "c412876d-c10a-4ff0-84e4-4c843879c65d", "created_at": "2026-04-18T19:20:41Z", "gps_accuracy_m": 5.0, "Wall_Condition": "Fair", "Vegetation_Cover": "Clear (0-25% covered)", "Wall_Type": "Laid (carefully selected and fitted)", "Stone_Shape": [ "Ball", "Slab", "Prism", "Pillow", "Tablet" ], "Special_Features": [ "Other (add comment)" ], "Surveyor_Name": "Mary Truslow", "Comments": "Again classified as fair due to a section of the wall that has crumbled", "Photo_URL": "https://five.epicollect.net/api/internal/media/little-compton-wall-inventory-2025?type=photo&format=entry_original&name=c412876d-c10a-4ff0-84e4-4c843879c65d_1776539986.jpg", "Photo_Filename": "c412876d-c10a-4ff0-84e4-4c843879c65d_1776539986.jpg" }, "geometry": { "type": "Point", "coordinates": [ -71.1874, 41.50792 ] } },
{ "type": "Feature", "properties": { "entry_id": "17e1f360-d357-4d75-bd54-9a1b305b9273", "created_at": "2026-04-18T19:18:50Z", "gps_accuracy_m": 8.0, "Wall_Condition": "Good", "Vegetation_Cover": "Some overgrowth (25-50% covered)", "Wall_Type": "Stacked (stones placed loosely)", "Stone_Shape": [ "Ball", "Prism", "Pillow", "Tablet", "Slab" ], "Special_Features": [ "Other (add comment)" ], "Surveyor_Name": "Mary Truslow", "Comments": "Again he hazard of some of the placement of stones, although originally tightly constructed categorizes this as fair", "Photo_URL": "https://five.epicollect.net/api/internal/media/little-compton-wall-inventory-2025?type=photo&format=entry_original&name=17e1f360-d357-4d75-bd54-9a1b305b9273_1776539860.jpg", "Photo_Filename": "17e1f360-d357-4d75-bd54-9a1b305b9273_1776539860.jpg" }, "geometry": { "type": "Point", "coordinates": [ -71.187429, 41.507949 ] } },
{ "type": "Feature", "properties": { "entry_id": "40c9e818-ae41-4d03-8cb2-5ed9a46bc4cc", "created_at": "2026-04-18T19:16:43Z", "gps_accuracy_m": 5.0, "Wall_Condition": "Fair", "Vegetation_Cover": "Clear (0-25% covered)", "Wall_Type": "Laid (carefully selected and fitted)", "Stone_Shape": [ "Pillow", "Tablet", "Prism", "Slab" ], "Special_Features": [ "Opening in wall", "Other (add comment)" ], "Surveyor_Name": "Mary Truslow", "Comments": "Either side of opening are a bit different. One being taller than the other. Also big pile of stones behind one side of the wall on the south side.", "Photo_URL": "https://five.epicollect.net/api/internal/media/little-compton-wall-inventory-2025?type=photo&format=entry_original&name=40c9e818-ae41-4d03-8cb2-5ed9a46bc4cc_1776539700.jpg", "Photo_Filename": "40c9e818-ae41-4d03-8cb2-5ed9a46bc4cc_1776539700.jpg" }, "geometry": { "type": "Point", "coordinates": [ -71.187488, 41.507978 ] } },
{ "type": "Feature", "properties": { "entry_id": "579fc56e-5d89-4420-b9dc-ebad4dd91eb4", "created_at": "2026-04-18T19:14:05Z", "gps_accuracy_m": 5.0, "Wall_Condition": "Fair", "Vegetation_Cover": "Some overgrowth (25-50% covered)", "Wall_Type": "Stacked (stones placed loosely)", "Stone_Shape": [ "Pillow", "Tablet", "Slab", "Prism", "Ball" ], "Special_Features": [ "Opening in wall", "Other (add comment)" ], "Surveyor_Name": "Mary Truslow", "Comments": "Now no longer retaining wall. Height of wall in the section is reduced and in fair condition", "Photo_URL": "https://five.epicollect.net/api/internal/media/little-compton-wall-inventory-2025?type=photo&format=entry_original&name=579fc56e-5d89-4420-b9dc-ebad4dd91eb4_1776539540.jpg", "Photo_Filename": "579fc56e-5d89-4420-b9dc-ebad4dd91eb4_1776539540.jpg" }, "geometry": { "type": "Point", "coordinates": [ -71.187587, 41.508045 ] } },
{ "type": "Feature", "properties": { "entry_id": "80f0bd14-d07c-4241-9a28-7a1ffb235dfb", "created_at": "2026-04-18T19:11:24Z", "gps_accuracy_m": 5.0, "Wall_Condition": "Fair", "Vegetation_Cover": "Quite covered (50-75% covered)", "Wall_Type": "Laid (carefully selected and fitted)", "Stone_Shape": [ "Slab", "Prism", "Pillow", "Tablet", "Ball" ], "Special_Features": [ "Other (add comment)" ], "Surveyor_Name": "Mary Truslow", "Comments": "Classified as fair because section that intersect with a tree has fallen", "Photo_URL": "https://five.epicollect.net/api/internal/media/little-compton-wall-inventory-2025?type=photo&format=entry_original&name=80f0bd14-d07c-4241-9a28-7a1ffb235dfb_1776539412.jpg", "Photo_Filename": "80f0bd14-d07c-4241-9a28-7a1ffb235dfb_1776539412.jpg" }, "geometry": { "type": "Point", "coordinates": [ -71.187618, 41.508096 ] } },
{ "type": "Feature", "properties": { "entry_id": "d336a1f3-3aa8-4e4a-be61-2e646ca425eb", "created_at": "2026-04-18T19:09:26Z", "gps_accuracy_m": 4.0, "Wall_Condition": "Fair", "Vegetation_Cover": "Quite covered (50-75% covered)", "Wall_Type": "Laid (carefully selected and fitted)", "Stone_Shape": [ "Ball", "Slab", "Pillow" ], "Special_Features": [ "Other (add comment)" ], "Surveyor_Name": "Mary Truslow", "Comments": "Classified as fair because of an ill placed ball and a hole in the wall", "Photo_URL": "https://five.epicollect.net/api/internal/media/little-compton-wall-inventory-2025?type=photo&format=entry_original&name=d336a1f3-3aa8-4e4a-be61-2e646ca425eb_1776539295.jpg", "Photo_Filename": "d336a1f3-3aa8-4e4a-be61-2e646ca425eb_1776539295.jpg" }, "geometry": { "type": "Point", "coordinates": [ -71.18764, 41.508117 ] } },
{ "type": "Feature", "properties": { "entry_id": "fa726aec-6f47-4450-8460-ea3ce0c7de93", "created_at": "2026-04-18T19:07:01Z", "gps_accuracy_m": 5.0, "Wall_Condition": "Fair", "Vegetation_Cover": "Some overgrowth (25-50% covered)", "Wall_Type": "Laid (carefully selected and fitted)", "Stone_Shape": [ "Ball", "Slab", "Prism", "Pillow", "Tablet" ], "Special_Features": [ "Retaining wall", "Other (add comment)" ], "Surveyor_Name": "Mary Truslow", "Comments": "Categorized as fair because of a 3 yard section that has crumbled", "Photo_URL": "https://five.epicollect.net/api/internal/media/little-compton-wall-inventory-2025?type=photo&format=entry_original&name=fa726aec-6f47-4450-8460-ea3ce0c7de93_1776539155.jpg", "Photo_Filename": "fa726aec-6f47-4450-8460-ea3ce0c7de93_1776539155.jpg" }, "geometry": { "type": "Point", "coordinates": [ -71.187692, 41.508157 ] } },
{ "type": "Feature", "properties": { "entry_id": "db6f6230-536c-4996-8558-6467bfef02e0", "created_at": "2026-04-18T19:05:14Z", "gps_accuracy_m": 18.0, "Wall_Condition": "Good", "Vegetation_Cover": "Quite covered (50-75% covered)", "Wall_Type": "Laid (carefully selected and fitted)", "Stone_Shape": [ "Pillow", "Tablet", "Slab", "Ball", "Prism" ], "Special_Features": [ "Retaining wall" ], "Surveyor_Name": "Mary Truslow", "Comments": "", "Photo_URL": "https://five.epicollect.net/api/internal/media/little-compton-wall-inventory-2025?type=photo&format=entry_original&name=db6f6230-536c-4996-8558-6467bfef02e0_1776539075.jpg", "Photo_Filename": "db6f6230-536c-4996-8558-6467bfef02e0_1776539075.jpg" }, "geometry": { "type": "Point", "coordinates": [ -71.187612, 41.507731 ] } },
{ "type": "Feature", "properties": { "entry_id": "ac2eedf6-724c-4598-9a09-f16cbdc0adaa", "created_at": "2026-04-18T19:03:13Z", "gps_accuracy_m": 4.0, "Wall_Condition": "Good", "Vegetation_Cover": "Quite covered (50-75% covered)", "Wall_Type": "Laid (carefully selected and fitted)", "Stone_Shape": [ "Ball", "Slab", "Prism", "Pillow", "Tablet" ], "Special_Features": [ "Retaining wall" ], "Surveyor_Name": "Mary Truslow", "Comments": "", "Photo_URL": "https://five.epicollect.net/api/internal/media/little-compton-wall-inventory-2025?type=photo&format=entry_original&name=ac2eedf6-724c-4598-9a09-f16cbdc0adaa_1776538948.jpg", "Photo_Filename": "ac2eedf6-724c-4598-9a09-f16cbdc0adaa_1776538948.jpg" }, "geometry": { "type": "Point", "coordinates": [ -71.187775, 41.50824 ] } },
{ "type": "Feature", "properties": { "entry_id": "0bb66e16-7c14-462d-b808-863351490448", "created_at": "2026-04-18T19:01:28Z", "gps_accuracy_m": 3.0, "Wall_Condition": "Fair", "Vegetation_Cover": "Some overgrowth (25-50% covered)", "Wall_Type": "Stacked (stones placed loosely)", "Stone_Shape": [ "Slab", "Pillow", "Tablet", "Prism" ], "Special_Features": [ "Other (add comment)" ], "Surveyor_Name": "Mary Truslow", "Comments": "Left part of section has compromised integrity due to a dead tree stump", "Photo_URL": "https://five.epicollect.net/api/internal/media/little-compton-wall-inventory-2025?type=photo&format=entry_original&name=0bb66e16-7c14-462d-b808-863351490448_1776538808.jpg", "Photo_Filename": "0bb66e16-7c14-462d-b808-863351490448_1776538808.jpg" }, "geometry": { "type": "Point", "coordinates": [ -71.187814, 41.508282 ] } },
{ "type": "Feature", "properties": { "entry_id": "444336a5-a792-455d-bec5-a36684978fa7", "created_at": "2026-04-18T18:59:01Z", "gps_accuracy_m": 5.0, "Wall_Condition": "Good", "Vegetation_Cover": "Some overgrowth (25-50% covered)", "Wall_Type": "Laid (carefully selected and fitted)", "Stone_Shape": [ "Ball", "Slab", "Pillow", "Tablet", "Prism" ], "Special_Features": [ "Retaining wall" ], "Surveyor_Name": "Mary Truslow", "Comments": "", "Photo_URL": "https://five.epicollect.net/api/internal/media/little-compton-wall-inventory-2025?type=photo&format=entry_original&name=444336a5-a792-455d-bec5-a36684978fa7_1776538693.jpg", "Photo_Filename": "444336a5-a792-455d-bec5-a36684978fa7_1776538693.jpg" }, "geometry": { "type": "Point", "coordinates": [ -71.18789, 41.508328 ] } },
{ "type": "Feature", "properties": { "entry_id": "9e4bbfcf-08bb-4ae6-8086-8ce8c707a5a4", "created_at": "2026-04-18T18:54:04Z", "gps_accuracy_m": 5.0, "Wall_Condition": "Fair", "Vegetation_Cover": "Some overgrowth (25-50% covered)", "Wall_Type": "Laid (carefully selected and fitted)", "Stone_Shape": [ "Slab", "Prism", "Pillow", "Tablet" ], "Special_Features": [ "Other (add comment)" ], "Surveyor_Name": "Mary Truslow", "Comments": "Tree and image is intersecting with wall", "Photo_URL": "https://five.epicollect.net/api/internal/media/little-compton-wall-inventory-2025?type=photo&format=entry_original&name=9e4bbfcf-08bb-4ae6-8086-8ce8c707a5a4_1776538378.jpg", "Photo_Filename": "9e4bbfcf-08bb-4ae6-8086-8ce8c707a5a4_1776538378.jpg" }, "geometry": { "type": "Point", "coordinates": [ -71.187947, 41.508351 ] } },
{ "type": "Feature", "properties": { "entry_id": "d49af311-e9ca-443f-a081-889315d15006", "created_at": "2026-04-18T18:51:28Z", "gps_accuracy_m": 5.0, "Wall_Condition": "Fair", "Vegetation_Cover": "Clear (0-25% covered)", "Wall_Type": "Laid (carefully selected and fitted)", "Stone_Shape": [ "Pillow", "Tablet", "Slab", "Ball", "Prism" ], "Special_Features": [ "Retaining wall", "Other (add comment)" ], "Surveyor_Name": "Mary Truslow", "Comments": "Far right of section seems to be a bit unstable", "Photo_URL": "https://five.epicollect.net/api/internal/media/little-compton-wall-inventory-2025?type=photo&format=entry_original&name=d49af311-e9ca-443f-a081-889315d15006_1776538207.jpg", "Photo_Filename": "d49af311-e9ca-443f-a081-889315d15006_1776538207.jpg" }, "geometry": { "type": "Point", "coordinates": [ -71.187937, 41.508391 ] } },
{ "type": "Feature", "properties": { "entry_id": "b97d0a4b-ad69-403b-99a4-97838c2d5eb4", "created_at": "2026-04-18T18:48:10Z", "gps_accuracy_m": 5.0, "Wall_Condition": "Good", "Vegetation_Cover": "Clear (0-25% covered)", "Wall_Type": "Laid (carefully selected and fitted)", "Stone_Shape": [ "Tablet", "Pillow", "Prism", "Slab", "Ball" ], "Special_Features": [ "Retaining wall" ], "Surveyor_Name": "Mary Truslow", "Comments": "", "Photo_URL": "https://five.epicollect.net/api/internal/media/little-compton-wall-inventory-2025?type=photo&format=entry_original&name=b97d0a4b-ad69-403b-99a4-97838c2d5eb4_1776538052.jpg", "Photo_Filename": "b97d0a4b-ad69-403b-99a4-97838c2d5eb4_1776538052.jpg" }, "geometry": { "type": "Point", "coordinates": [ -71.187996, 41.508443 ] } },
{ "type": "Feature", "properties": { "entry_id": "b6276bd9-1084-4343-8f01-fd441328e6df", "created_at": "2026-04-18T18:46:44Z", "gps_accuracy_m": 5.0, "Wall_Condition": "Good", "Vegetation_Cover": "Clear (0-25% covered)", "Wall_Type": "Laid (carefully selected and fitted)", "Stone_Shape": [ "Tablet", "Pillow", "Prism", "Slab", "Ball" ], "Special_Features": [ "Retaining wall" ], "Surveyor_Name": "Mary Truslow", "Comments": "", "Photo_URL": "https://five.epicollect.net/api/internal/media/little-compton-wall-inventory-2025?type=photo&format=entry_original&name=b6276bd9-1084-4343-8f01-fd441328e6df_1776537964.jpg", "Photo_Filename": "b6276bd9-1084-4343-8f01-fd441328e6df_1776537964.jpg" }, "geometry": { "type": "Point", "coordinates": [ -71.188044, 41.508471 ] } },
{ "type": "Feature", "properties": { "entry_id": "951708f7-f7f5-40f5-a0a9-55efdc35844b", "created_at": "2026-04-18T18:44:42Z", "gps_accuracy_m": 5.0, "Wall_Condition": "Good", "Vegetation_Cover": "Clear (0-25% covered)", "Wall_Type": "Laid (carefully selected and fitted)", "Stone_Shape": [ "Slab", "Pillow", "Tablet" ], "Special_Features": [ "Retaining wall" ], "Surveyor_Name": "Mary Truslow", "Comments": "", "Photo_URL": "https://five.epicollect.net/api/internal/media/little-compton-wall-inventory-2025?type=photo&format=entry_original&name=951708f7-f7f5-40f5-a0a9-55efdc35844b_1776537844.jpg", "Photo_Filename": "951708f7-f7f5-40f5-a0a9-55efdc35844b_1776537844.jpg" }, "geometry": { "type": "Point", "coordinates": [ -71.188078, 41.508497 ] } },
{ "type": "Feature", "properties": { "entry_id": "9e9ea063-8b15-4f10-85d6-d0775fb71840", "created_at": "2026-04-18T18:42:56Z", "gps_accuracy_m": 5.0, "Wall_Condition": "Good", "Vegetation_Cover": "Some overgrowth (25-50% covered)", "Wall_Type": "Laid (carefully selected and fitted)", "Stone_Shape": [ "Prism", "Pillow", "Tablet", "Slab", "Ball" ], "Special_Features": [ ], "Surveyor_Name": "Mary Truslow", "Comments": "", "Photo_URL": "https://five.epicollect.net/api/internal/media/little-compton-wall-inventory-2025?type=photo&format=entry_original&name=9e9ea063-8b15-4f10-85d6-d0775fb71840_1776537736.jpg", "Photo_Filename": "9e9ea063-8b15-4f10-85d6-d0775fb71840_1776537736.jpg" }, "geometry": { "type": "Point", "coordinates": [ -71.188156, 41.508537 ] } },
{ "type": "Feature", "properties": { "entry_id": "650bbeb7-42be-4e2e-b2c1-807bfcf30c16", "created_at": "2026-04-18T18:41:16Z", "gps_accuracy_m": 2.0, "Wall_Condition": "Good", "Vegetation_Cover": "Some overgrowth (25-50% covered)", "Wall_Type": "Laid (carefully selected and fitted)", "Stone_Shape": [ "Prism", "Pillow", "Tablet", "Slab" ], "Special_Features": [ ], "Surveyor_Name": "Mary Truslow", "Comments": "", "Photo_URL": "https://five.epicollect.net/api/internal/media/little-compton-wall-inventory-2025?type=photo&format=entry_original&name=650bbeb7-42be-4e2e-b2c1-807bfcf30c16_1776537627.jpg", "Photo_Filename": "650bbeb7-42be-4e2e-b2c1-807bfcf30c16_1776537627.jpg" }, "geometry": { "type": "Point", "coordinates": [ -71.188198, 41.508583 ] } },
{ "type": "Feature", "properties": { "entry_id": "830e0b8c-e4b4-438d-a954-d4378bd51edd", "created_at": "2026-04-18T18:39:28Z", "gps_accuracy_m": 5.0, "Wall_Condition": "Good", "Vegetation_Cover": "Clear (0-25% covered)", "Wall_Type": "Laid (carefully selected and fitted)", "Stone_Shape": [ "Tablet", "Pillow", "Prism", "Slab" ], "Special_Features": [ "Opening in wall" ], "Surveyor_Name": "Mary Truslow", "Comments": "", "Photo_URL": "https://five.epicollect.net/api/internal/media/little-compton-wall-inventory-2025?type=photo&format=entry_original&name=830e0b8c-e4b4-438d-a954-d4378bd51edd_1776537523.jpg", "Photo_Filename": "830e0b8c-e4b4-438d-a954-d4378bd51edd_1776537523.jpg" }, "geometry": { "type": "Point", "coordinates": [ -71.188203, 41.508606 ] } },
{ "type": "Feature", "properties": { "entry_id": "840745ea-bca2-4387-bea7-3e0faab652ce", "created_at": "2026-04-18T18:37:56Z", "gps_accuracy_m": 14.0, "Wall_Condition": "Good", "Vegetation_Cover": "Quite covered (50-75% covered)", "Wall_Type": "Laid (carefully selected and fitted)", "Stone_Shape": [ "Slab", "Prism", "Pillow", "Tablet" ], "Special_Features": [ "Opening in wall" ], "Surveyor_Name": "Mary Truslow", "Comments": "", "Photo_URL": "https://five.epicollect.net/api/internal/media/little-compton-wall-inventory-2025?type=photo&format=entry_original&name=840745ea-bca2-4387-bea7-3e0faab652ce_1776537435.jpg", "Photo_Filename": "840745ea-bca2-4387-bea7-3e0faab652ce_1776537435.jpg" }, "geometry": { "type": "Point", "coordinates": [ -71.188232, 41.508508 ] } },
{ "type": "Feature", "properties": { "entry_id": "93f056cf-121f-4685-8321-810bc40246d8", "created_at": "2026-04-18T18:36:04Z", "gps_accuracy_m": 4.0, "Wall_Condition": "Good", "Vegetation_Cover": "Hidden (75-100% covered)", "Wall_Type": "Stacked (stones placed loosely)", "Stone_Shape": [ "Slab", "Prism", "Pillow", "Tablet" ], "Special_Features": [ ], "Surveyor_Name": "Mary Truslow", "Comments": "", "Photo_URL": "https://five.epicollect.net/api/internal/media/little-compton-wall-inventory-2025?type=photo&format=entry_original&name=93f056cf-121f-4685-8321-810bc40246d8_1776537317.jpg", "Photo_Filename": "93f056cf-121f-4685-8321-810bc40246d8_1776537317.jpg" }, "geometry": { "type": "Point", "coordinates": [ -71.188322, 41.50868 ] } },
{ "type": "Feature", "properties": { "entry_id": "db2efbb0-b569-4048-9b26-97827149d6fa", "created_at": "2026-04-18T18:31:40Z", "gps_accuracy_m": 4.0, "Wall_Condition": "Good", "Vegetation_Cover": "Some overgrowth (25-50% covered)", "Wall_Type": "Stacked (stones placed loosely)", "Stone_Shape": [ "Slab", "Prism", "Pillow", "Tablet" ], "Special_Features": [ "Opening in wall" ], "Surveyor_Name": "Mary Truslow", "Comments": "", "Photo_URL": "https://five.epicollect.net/api/internal/media/little-compton-wall-inventory-2025?type=photo&format=entry_original&name=db2efbb0-b569-4048-9b26-97827149d6fa_1776537056.jpg", "Photo_Filename": "db2efbb0-b569-4048-9b26-97827149d6fa_1776537056.jpg" }, "geometry": { "type": "Point", "coordinates": [ -71.188785, 41.509064 ] } },
{ "type": "Feature", "properties": { "entry_id": "4469d939-002f-464b-96cd-a93bdc7e7e72", "created_at": "2026-04-18T18:29:47Z", "gps_accuracy_m": 5.0, "Wall_Condition": "Good", "Vegetation_Cover": "Clear (0-25% covered)", "Wall_Type": "Laid (carefully selected and fitted)", "Stone_Shape": [ "Ball", "Slab", "Prism", "Pillow", "Tablet" ], "Special_Features": [ ], "Surveyor_Name": "Mary Truslow", "Comments": "", "Photo_URL": "https://five.epicollect.net/api/internal/media/little-compton-wall-inventory-2025?type=photo&format=entry_original&name=4469d939-002f-464b-96cd-a93bdc7e7e72_1776536944.jpg", "Photo_Filename": "4469d939-002f-464b-96cd-a93bdc7e7e72_1776536944.jpg" }, "geometry": { "type": "Point", "coordinates": [ -71.188831, 41.50909 ] } },
{ "type": "Feature", "properties": { "entry_id": "5e63e406-68b4-4c2c-985e-d1dfa77d1d2e", "created_at": "2026-04-18T18:28:12Z", "gps_accuracy_m": 5.0, "Wall_Condition": "Good", "Vegetation_Cover": "Clear (0-25% covered)", "Wall_Type": "Laid (carefully selected and fitted)", "Stone_Shape": [ "Slab", "Prism", "Pillow", "Tablet" ], "Special_Features": [ ], "Surveyor_Name": "Mary Truslow", "Comments": "", "Photo_URL": "https://five.epicollect.net/api/internal/media/little-compton-wall-inventory-2025?type=photo&format=entry_original&name=5e63e406-68b4-4c2c-985e-d1dfa77d1d2e_1776536858.jpg", "Photo_Filename": "5e63e406-68b4-4c2c-985e-d1dfa77d1d2e_1776536858.jpg" }, "geometry": { "type": "Point", "coordinates": [ -71.188907, 41.509152 ] } },
{ "type": "Feature", "properties": { "entry_id": "1607bda5-fcda-4439-bbbc-ed5cc7467c20", "created_at": "2026-04-18T18:25:55Z", "gps_accuracy_m": 5.0, "Wall_Condition": "Good", "Vegetation_Cover": "Clear (0-25% covered)", "Wall_Type": "Laid (carefully selected and fitted)", "Stone_Shape": [ "Ball", "Slab", "Prism", "Pillow", "Tablet" ], "Special_Features": [ ], "Surveyor_Name": "Mary Truslow", "Comments": "", "Photo_URL": "https://five.epicollect.net/api/internal/media/little-compton-wall-inventory-2025?type=photo&format=entry_original&name=1607bda5-fcda-4439-bbbc-ed5cc7467c20_1776536712.jpg", "Photo_Filename": "1607bda5-fcda-4439-bbbc-ed5cc7467c20_1776536712.jpg" }, "geometry": { "type": "Point", "coordinates": [ -71.188923, 41.509176 ] } },
{ "type": "Feature", "properties": { "entry_id": "39d8d875-bb0f-4e97-9784-a6c40eab87e6", "created_at": "2026-04-18T18:24:02Z", "gps_accuracy_m": 5.0, "Wall_Condition": "Good", "Vegetation_Cover": "Clear (0-25% covered)", "Wall_Type": "Laid (carefully selected and fitted)", "Stone_Shape": [ "Slab", "Prism", "Pillow", "Tablet" ], "Special_Features": [ ], "Surveyor_Name": "Mary Truslow", "Comments": "", "Photo_URL": "https://five.epicollect.net/api/internal/media/little-compton-wall-inventory-2025?type=photo&format=entry_original&name=39d8d875-bb0f-4e97-9784-a6c40eab87e6_1776536608.jpg", "Photo_Filename": "39d8d875-bb0f-4e97-9784-a6c40eab87e6_1776536608.jpg" }, "geometry": { "type": "Point", "coordinates": [ -71.188974, 41.509194 ] } },
{ "type": "Feature", "properties": { "entry_id": "486fa61d-8846-4129-b3c0-c3bae3245dac", "created_at": "2026-04-18T18:22:28Z", "gps_accuracy_m": 5.0, "Wall_Condition": "Good", "Vegetation_Cover": "Clear (0-25% covered)", "Wall_Type": "Laid (carefully selected and fitted)", "Stone_Shape": [ "Ball", "Slab", "Prism", "Pillow", "Tablet" ], "Special_Features": [ ], "Surveyor_Name": "Mary Truslow", "Comments": "", "Photo_URL": "https://five.epicollect.net/api/internal/media/little-compton-wall-inventory-2025?type=photo&format=entry_original&name=486fa61d-8846-4129-b3c0-c3bae3245dac_1776536500.jpg", "Photo_Filename": "486fa61d-8846-4129-b3c0-c3bae3245dac_1776536500.jpg" }, "geometry": { "type": "Point", "coordinates": [ -71.189009, 41.509237 ] } },
{ "type": "Feature", "properties": { "entry_id": "1e73574f-a600-4e17-99fe-74c00e388164", "created_at": "2026-04-18T18:20:15Z", "gps_accuracy_m": 5.0, "Wall_Condition": "Good", "Vegetation_Cover": "Clear (0-25% covered)", "Wall_Type": "Laid (carefully selected and fitted)", "Stone_Shape": [ "Ball", "Slab", "Pillow", "Tablet" ], "Special_Features": [ ], "Surveyor_Name": "Mary Truslow", "Comments": "", "Photo_URL": "https://five.epicollect.net/api/internal/media/little-compton-wall-inventory-2025?type=photo&format=entry_original&name=1e73574f-a600-4e17-99fe-74c00e388164_1776536385.jpg", "Photo_Filename": "1e73574f-a600-4e17-99fe-74c00e388164_1776536385.jpg" }, "geometry": { "type": "Point", "coordinates": [ -71.18902, 41.509218 ] } },
{ "type": "Feature", "properties": { "entry_id": "86f80169-caaf-4d2f-a6e3-7d581ac32c44", "created_at": "2026-04-18T18:18:51Z", "gps_accuracy_m": 4.0, "Wall_Condition": "Good", "Vegetation_Cover": "Clear (0-25% covered)", "Wall_Type": "Laid (carefully selected and fitted)", "Stone_Shape": [ "Slab", "Pillow", "Tablet", "Ball" ], "Special_Features": [ ], "Surveyor_Name": "Mary Truslow", "Comments": "", "Photo_URL": "https://five.epicollect.net/api/internal/media/little-compton-wall-inventory-2025?type=photo&format=entry_original&name=86f80169-caaf-4d2f-a6e3-7d581ac32c44_1776536294.jpg", "Photo_Filename": "86f80169-caaf-4d2f-a6e3-7d581ac32c44_1776536294.jpg" }, "geometry": { "type": "Point", "coordinates": [ -71.189116, 41.509304 ] } },
{ "type": "Feature", "properties": { "entry_id": "53044aed-bd33-428a-a37b-f68d4466a69c", "created_at": "2026-04-18T18:16:39Z", "gps_accuracy_m": 5.0, "Wall_Condition": "Good", "Vegetation_Cover": "Clear (0-25% covered)", "Wall_Type": "Laid (carefully selected and fitted)", "Stone_Shape": [ "Pillow", "Tablet", "Prism", "Slab" ], "Special_Features": [ ], "Surveyor_Name": "Mary Truslow", "Comments": "", "Photo_URL": "https://five.epicollect.net/api/internal/media/little-compton-wall-inventory-2025?type=photo&format=entry_original&name=53044aed-bd33-428a-a37b-f68d4466a69c_1776536147.jpg", "Photo_Filename": "53044aed-bd33-428a-a37b-f68d4466a69c_1776536147.jpg" }, "geometry": { "type": "Point", "coordinates": [ -71.189153, 41.509315 ] } },
{ "type": "Feature", "properties": { "entry_id": "21356b76-5113-4aa0-9f19-c116a83a5425", "created_at": "2026-04-18T18:14:41Z", "gps_accuracy_m": 5.0, "Wall_Condition": "Good", "Vegetation_Cover": "Quite covered (50-75% covered)", "Wall_Type": "Laid (carefully selected and fitted)", "Stone_Shape": [ "Slab", "Pillow", "Tablet" ], "Special_Features": [ ], "Surveyor_Name": "Mary Truslow", "Comments": "", "Photo_URL": "https://five.epicollect.net/api/internal/media/little-compton-wall-inventory-2025?type=photo&format=entry_original&name=21356b76-5113-4aa0-9f19-c116a83a5425_1776536032.jpg", "Photo_Filename": "21356b76-5113-4aa0-9f19-c116a83a5425_1776536032.jpg" }, "geometry": { "type": "Point", "coordinates": [ -71.189191, 41.509349 ] } },
{ "type": "Feature", "properties": { "entry_id": "700818ac-daa0-4853-a982-adb7c959174a", "created_at": "2026-04-18T18:12:22Z", "gps_accuracy_m": 5.0, "Wall_Condition": "Good", "Vegetation_Cover": "Clear (0-25% covered)", "Wall_Type": "Laid (carefully selected and fitted)", "Stone_Shape": [ "Slab", "Pillow", "Tablet" ], "Special_Features": [ "Opening in wall", "Other (add comment)" ], "Surveyor_Name": "Mary Truslow", "Comments": "Wall at driveway entrance, definite care taken in structure To keep it a stonewall", "Photo_URL": "https://five.epicollect.net/api/internal/media/little-compton-wall-inventory-2025?type=photo&format=entry_original&name=700818ac-daa0-4853-a982-adb7c959174a_1776535869.jpg", "Photo_Filename": "700818ac-daa0-4853-a982-adb7c959174a_1776535869.jpg" }, "geometry": { "type": "Point", "coordinates": [ -71.189232, 41.509393 ] } },
{ "type": "Feature", "properties": { "entry_id": "ea37c9d1-536c-4310-9b35-cf1de8701a12", "created_at": "2026-04-18T18:10:15Z", "gps_accuracy_m": 5.0, "Wall_Condition": "Fair", "Vegetation_Cover": "Hidden (75-100% covered)", "Wall_Type": "Stacked (stones placed loosely)", "Stone_Shape": [ "Slab", "Prism", "Pillow", "Tablet" ], "Special_Features": [ "Good candidate for repair", "Opening in wall" ], "Surveyor_Name": "Mary Truslow", "Comments": "", "Photo_URL": "https://five.epicollect.net/api/internal/media/little-compton-wall-inventory-2025?type=photo&format=entry_original&name=ea37c9d1-536c-4310-9b35-cf1de8701a12_1776535766.jpg", "Photo_Filename": "ea37c9d1-536c-4310-9b35-cf1de8701a12_1776535766.jpg" }, "geometry": { "type": "Point", "coordinates": [ -71.189308, 41.50944 ] } },
{ "type": "Feature", "properties": { "entry_id": "4ed13eff-a103-439f-9468-5dafbcd33f41", "created_at": "2026-04-18T18:08:21Z", "gps_accuracy_m": 5.0, "Wall_Condition": "Fair", "Vegetation_Cover": "Hidden (75-100% covered)", "Wall_Type": "Stacked (stones placed loosely)", "Stone_Shape": [ "Slab", "Prism", "Pillow", "Tablet" ], "Special_Features": [ "Good candidate for repair", "Other (add comment)" ], "Surveyor_Name": "Mary Truslow", "Comments": "A bit more defined as a stonewall than the first 20 feet of this side of the road recorded. See last entry", "Photo_URL": "https://five.epicollect.net/api/internal/media/little-compton-wall-inventory-2025?type=photo&format=entry_original&name=4ed13eff-a103-439f-9468-5dafbcd33f41_1776535629.jpg", "Photo_Filename": "4ed13eff-a103-439f-9468-5dafbcd33f41_1776535629.jpg" }, "geometry": { "type": "Point", "coordinates": [ -71.189323, 41.509403 ] } },
{ "type": "Feature", "properties": { "entry_id": "55f3855e-b1b4-4bcb-8122-0df8615813de", "created_at": "2026-04-18T18:04:47Z", "gps_accuracy_m": 5.0, "Wall_Condition": "Poor", "Vegetation_Cover": "Hidden (75-100% covered)", "Wall_Type": "Dumped (stones piled on ground)", "Stone_Shape": [ "Slab", "Prism", "Pillow" ], "Special_Features": [ "Other (add comment)", "Good candidate for repair" ], "Surveyor_Name": "Mary Truslow", "Comments": "Hard to really even classify this as a wall because it is no more than one or two stones high.", "Photo_URL": "https://five.epicollect.net/api/internal/media/little-compton-wall-inventory-2025?type=photo&format=entry_original&name=55f3855e-b1b4-4bcb-8122-0df8615813de_1776535404.jpg", "Photo_Filename": "55f3855e-b1b4-4bcb-8122-0df8615813de_1776535404.jpg" }, "geometry": { "type": "Point", "coordinates": [ -71.189415, 41.509502 ] } },
{ "type": "Feature", "properties": { "entry_id": "d6b11931-1b6a-4aac-9c7b-309286a3fee0", "created_at": "2026-04-18T18:01:36Z", "gps_accuracy_m": 5.0, "Wall_Condition": "Good", "Vegetation_Cover": "Clear (0-25% covered)", "Wall_Type": "Laid (carefully selected and fitted)", "Stone_Shape": [ "Slab", "Prism", "Pillow", "Tablet" ], "Special_Features": [ "Flat top", "Other (add comment)" ], "Surveyor_Name": "Mary Truslow", "Comments": "Last photo of west wall  taken by me before entrance to Treaty Rock Farm.", "Photo_URL": "https://five.epicollect.net/api/internal/media/little-compton-wall-inventory-2025?type=photo&format=entry_original&name=d6b11931-1b6a-4aac-9c7b-309286a3fee0_1776535215.jpg", "Photo_Filename": "d6b11931-1b6a-4aac-9c7b-309286a3fee0_1776535215.jpg" }, "geometry": { "type": "Point", "coordinates": [ -71.189422, 41.509331 ] } },
{ "type": "Feature", "properties": { "entry_id": "5d5e6f52-e5d3-4e42-87cf-cadc1ed7286b", "created_at": "2026-04-18T17:59:23Z", "gps_accuracy_m": 5.0, "Wall_Condition": "Fair", "Vegetation_Cover": "Clear (0-25% covered)", "Wall_Type": "Laid (carefully selected and fitted)", "Stone_Shape": [ "Ball", "Slab", "Block", "Pillow", "Tablet" ], "Special_Features": [ "Flat top", "Other (add comment)" ], "Surveyor_Name": "Mary Truslow", "Comments": "Very small section of wall has fallen down. See far left of photo.", "Photo_URL": "https://five.epicollect.net/api/internal/media/little-compton-wall-inventory-2025?type=photo&format=entry_original&name=5d5e6f52-e5d3-4e42-87cf-cadc1ed7286b_1776535076.jpg", "Photo_Filename": "5d5e6f52-e5d3-4e42-87cf-cadc1ed7286b_1776535076.jpg" }, "geometry": { "type": "Point", "coordinates": [ -71.189389, 41.509286 ] } },
{ "type": "Feature", "properties": { "entry_id": "59a191f8-2765-4fd8-a111-35bc03e5abbf", "created_at": "2026-04-18T17:56:31Z", "gps_accuracy_m": 5.0, "Wall_Condition": "Good", "Vegetation_Cover": "Clear (0-25% covered)", "Wall_Type": "Laid (carefully selected and fitted)", "Stone_Shape": [ "Ball", "Slab", "Block", "Pillow", "Tablet" ], "Special_Features": [ "Flat top" ], "Surveyor_Name": "Mary Truslow", "Comments": "", "Photo_URL": "https://five.epicollect.net/api/internal/media/little-compton-wall-inventory-2025?type=photo&format=entry_original&name=59a191f8-2765-4fd8-a111-35bc03e5abbf_1776534946.jpg", "Photo_Filename": "59a191f8-2765-4fd8-a111-35bc03e5abbf_1776534946.jpg" }, "geometry": { "type": "Point", "coordinates": [ -71.189383, 41.509289 ] } },
{ "type": "Feature", "properties": { "entry_id": "46fb4774-9936-472b-b6b0-13e548195ab3", "created_at": "2026-04-18T17:54:30Z", "gps_accuracy_m": 5.0, "Wall_Condition": "Good", "Vegetation_Cover": "Clear (0-25% covered)", "Wall_Type": "Laid (carefully selected and fitted)", "Stone_Shape": [ "Ball", "Slab", "Block", "Pillow", "Tablet" ], "Special_Features": [ "Flat top" ], "Surveyor_Name": "Mary Truslow", "Comments": "", "Photo_URL": "https://five.epicollect.net/api/internal/media/little-compton-wall-inventory-2025?type=photo&format=entry_original&name=46fb4774-9936-472b-b6b0-13e548195ab3_1776534831.jpg", "Photo_Filename": "46fb4774-9936-472b-b6b0-13e548195ab3_1776534831.jpg" }, "geometry": { "type": "Point", "coordinates": [ -71.189346, 41.509251 ] } },
{ "type": "Feature", "properties": { "entry_id": "dee42f1e-2179-4405-9999-eed046e066c6", "created_at": "2026-04-18T17:51:19Z", "gps_accuracy_m": 5.0, "Wall_Condition": "Good", "Vegetation_Cover": "Clear (0-25% covered)", "Wall_Type": "Laid (carefully selected and fitted)", "Stone_Shape": [ "Ball", "Slab", "Block", "Pillow", "Tablet" ], "Special_Features": [ "Flat top" ], "Surveyor_Name": "Mary Truslow", "Comments": "", "Photo_URL": "https://five.epicollect.net/api/internal/media/little-compton-wall-inventory-2025?type=photo&format=entry_original&name=dee42f1e-2179-4405-9999-eed046e066c6_1776534645.jpg", "Photo_Filename": "dee42f1e-2179-4405-9999-eed046e066c6_1776534645.jpg" }, "geometry": { "type": "Point", "coordinates": [ -71.189312, 41.509197 ] } },
{ "type": "Feature", "properties": { "entry_id": "cbbe9fe0-d011-4e32-abf0-f072edbda04d", "created_at": "2026-04-18T17:49:36Z", "gps_accuracy_m": 5.0, "Wall_Condition": "Good", "Vegetation_Cover": "Clear (0-25% covered)", "Wall_Type": "Laid (carefully selected and fitted)", "Stone_Shape": [ "Ball", "Slab", "Block", "Pillow", "Tablet" ], "Special_Features": [ "Flat top" ], "Surveyor_Name": "Mary Truslow", "Comments": "", "Photo_URL": "https://five.epicollect.net/api/internal/media/little-compton-wall-inventory-2025?type=photo&format=entry_original&name=cbbe9fe0-d011-4e32-abf0-f072edbda04d_1776534539.jpg", "Photo_Filename": "cbbe9fe0-d011-4e32-abf0-f072edbda04d_1776534539.jpg" }, "geometry": { "type": "Point", "coordinates": [ -71.189251, 41.509169 ] } },
{ "type": "Feature", "properties": { "entry_id": "97197cc1-bd90-4e6c-a9c6-f6790da43ee7", "created_at": "2026-04-18T17:48:04Z", "gps_accuracy_m": 5.0, "Wall_Condition": "Good", "Vegetation_Cover": "Clear (0-25% covered)", "Wall_Type": "Laid (carefully selected and fitted)", "Stone_Shape": [ "Ball", "Slab", "Block", "Pillow", "Tablet" ], "Special_Features": [ "Flat top" ], "Surveyor_Name": "Mary Truslow", "Comments": "", "Photo_URL": "https://five.epicollect.net/api/internal/media/little-compton-wall-inventory-2025?type=photo&format=entry_original&name=97197cc1-bd90-4e6c-a9c6-f6790da43ee7_1776534438.jpg", "Photo_Filename": "97197cc1-bd90-4e6c-a9c6-f6790da43ee7_1776534438.jpg" }, "geometry": { "type": "Point", "coordinates": [ -71.189181, 41.509147 ] } },
{ "type": "Feature", "properties": { "entry_id": "e7c35970-13cf-4498-a623-a2d9e233ecd0", "created_at": "2026-04-18T17:45:18Z", "gps_accuracy_m": 5.0, "Wall_Condition": "Good", "Vegetation_Cover": "Clear (0-25% covered)", "Wall_Type": "Laid (carefully selected and fitted)", "Stone_Shape": [ "Ball", "Slab", "Block", "Pillow", "Tablet" ], "Special_Features": [ "Flat top" ], "Surveyor_Name": "Mary Truslow", "Comments": "", "Photo_URL": "https://five.epicollect.net/api/internal/media/little-compton-wall-inventory-2025?type=photo&format=entry_original&name=e7c35970-13cf-4498-a623-a2d9e233ecd0_1776534266.jpg", "Photo_Filename": "e7c35970-13cf-4498-a623-a2d9e233ecd0_1776534266.jpg" }, "geometry": { "type": "Point", "coordinates": [ -71.189112, 41.50909 ] } },
{ "type": "Feature", "properties": { "entry_id": "309a0232-7e0b-41b5-970d-f6c03740f19c", "created_at": "2026-04-18T17:42:38Z", "gps_accuracy_m": 5.0, "Wall_Condition": "Good", "Vegetation_Cover": "Clear (0-25% covered)", "Wall_Type": "Laid (carefully selected and fitted)", "Stone_Shape": [ "Ball", "Slab", "Block", "Pillow", "Tablet" ], "Special_Features": [ "Flat top" ], "Surveyor_Name": "Mary Truslow", "Comments": "", "Photo_URL": "https://five.epicollect.net/api/internal/media/little-compton-wall-inventory-2025?type=photo&format=entry_original&name=309a0232-7e0b-41b5-970d-f6c03740f19c_1776534110.jpg", "Photo_Filename": "309a0232-7e0b-41b5-970d-f6c03740f19c_1776534110.jpg" }, "geometry": { "type": "Point", "coordinates": [ -71.189101, 41.509054 ] } },
{ "type": "Feature", "properties": { "entry_id": "a33d80f6-36ed-420f-9eb2-7e50221f54f8", "created_at": "2026-04-18T17:40:35Z", "gps_accuracy_m": 5.0, "Wall_Condition": "Good", "Vegetation_Cover": "Clear (0-25% covered)", "Wall_Type": "Laid (carefully selected and fitted)", "Stone_Shape": [ "Ball", "Slab", "Block", "Pillow", "Tablet" ], "Special_Features": [ "Flat top" ], "Surveyor_Name": "Mary Truslow", "Comments": "", "Photo_URL": "https://five.epicollect.net/api/internal/media/little-compton-wall-inventory-2025?type=photo&format=entry_original&name=a33d80f6-36ed-420f-9eb2-7e50221f54f8_1776533987.jpg", "Photo_Filename": "a33d80f6-36ed-420f-9eb2-7e50221f54f8_1776533987.jpg" }, "geometry": { "type": "Point", "coordinates": [ -71.189061, 41.509011 ] } },
{ "type": "Feature", "properties": { "entry_id": "08f839cf-7107-4409-910b-2af476a7ccd5", "created_at": "2026-04-18T17:38:20Z", "gps_accuracy_m": 4.0, "Wall_Condition": "Good", "Vegetation_Cover": "Clear (0-25% covered)", "Wall_Type": "Laid (carefully selected and fitted)", "Stone_Shape": [ "Slab", "Block", "Pillow", "Tablet" ], "Special_Features": [ ], "Surveyor_Name": "Mary Truslow", "Comments": "", "Photo_URL": "https://five.epicollect.net/api/internal/media/little-compton-wall-inventory-2025?type=photo&format=entry_original&name=08f839cf-7107-4409-910b-2af476a7ccd5_1776533857.jpg", "Photo_Filename": "08f839cf-7107-4409-910b-2af476a7ccd5_1776533857.jpg" }, "geometry": { "type": "Point", "coordinates": [ -71.18883, 41.508993 ] } },
{ "type": "Feature", "properties": { "entry_id": "d4c4152a-49b3-4b1a-956f-b11e9f3cb7a3", "created_at": "2026-04-18T17:34:25Z", "gps_accuracy_m": 5.0, "Wall_Condition": "Good", "Vegetation_Cover": "Clear (0-25% covered)", "Wall_Type": "Laid (carefully selected and fitted)", "Stone_Shape": [ "Slab", "Block", "Tablet", "Pillow" ], "Special_Features": [ "Flat top" ], "Surveyor_Name": "Mary Truslow", "Comments": "", "Photo_URL": "https://five.epicollect.net/api/internal/media/little-compton-wall-inventory-2025?type=photo&format=entry_original&name=d4c4152a-49b3-4b1a-956f-b11e9f3cb7a3_1776533621.jpg", "Photo_Filename": "d4c4152a-49b3-4b1a-956f-b11e9f3cb7a3_1776533621.jpg" }, "geometry": { "type": "Point", "coordinates": [ -71.188895, 41.508889 ] } },
{ "type": "Feature", "properties": { "entry_id": "6425bd91-c7ba-4e9c-90b1-dad67ad2fb1c", "created_at": "2026-04-18T17:32:38Z", "gps_accuracy_m": 4.0, "Wall_Condition": "Good", "Vegetation_Cover": "Clear (0-25% covered)", "Wall_Type": "Laid (carefully selected and fitted)", "Stone_Shape": [ "Slab", "Pillow", "Tablet" ], "Special_Features": [ "Flat top" ], "Surveyor_Name": "Mary Truslow", "Comments": "", "Photo_URL": "https://five.epicollect.net/api/internal/media/little-compton-wall-inventory-2025?type=photo&format=entry_original&name=6425bd91-c7ba-4e9c-90b1-dad67ad2fb1c_1776533515.jpg", "Photo_Filename": "6425bd91-c7ba-4e9c-90b1-dad67ad2fb1c_1776533515.jpg" }, "geometry": { "type": "Point", "coordinates": [ -71.188861, 41.508868 ] } },
{ "type": "Feature", "properties": { "entry_id": "41d2b9ca-9e68-4dbf-8f72-e39a7105e9a2", "created_at": "2026-04-18T17:30:39Z", "gps_accuracy_m": 4.0, "Wall_Condition": "Good", "Vegetation_Cover": "Clear (0-25% covered)", "Wall_Type": "Laid (carefully selected and fitted)", "Stone_Shape": [ "Ball", "Slab", "Pillow" ], "Special_Features": [ "Flat top" ], "Surveyor_Name": "Mary Truslow", "Comments": "", "Photo_URL": "https://five.epicollect.net/api/internal/media/little-compton-wall-inventory-2025?type=photo&format=entry_original&name=41d2b9ca-9e68-4dbf-8f72-e39a7105e9a2_1776533401.jpg", "Photo_Filename": "41d2b9ca-9e68-4dbf-8f72-e39a7105e9a2_1776533401.jpg" }, "geometry": { "type": "Point", "coordinates": [ -71.188768, 41.508816 ] } },
{ "type": "Feature", "properties": { "entry_id": "3e6f3d42-6480-46cd-93e2-ded767e69df5", "created_at": "2026-04-18T17:26:57Z", "gps_accuracy_m": 4.0, "Wall_Condition": "Good", "Vegetation_Cover": "Clear (0-25% covered)", "Wall_Type": "Laid (carefully selected and fitted)", "Stone_Shape": [ "Ball", "Slab", "Pillow", "Tablet" ], "Special_Features": [ "Flat top" ], "Surveyor_Name": "Mary Truslow", "Comments": "", "Photo_URL": "https://five.epicollect.net/api/internal/media/little-compton-wall-inventory-2025?type=photo&format=entry_original&name=3e6f3d42-6480-46cd-93e2-ded767e69df5_1776533163.jpg", "Photo_Filename": "3e6f3d42-6480-46cd-93e2-ded767e69df5_1776533163.jpg" }, "geometry": { "type": "Point", "coordinates": [ -71.18825, 41.508349 ] } },
{ "type": "Feature", "properties": { "entry_id": "78f94b37-5797-436c-ae7b-c3ec58186346", "created_at": "2026-04-17T15:42:01Z", "gps_accuracy_m": 4.0, "Wall_Condition": "Poor", "Vegetation_Cover": "Some overgrowth (25-50% covered)", "Wall_Type": "Stacked (stones placed loosely)", "Stone_Shape": [ "Prism" ], "Special_Features": [ "Opening in wall" ], "Surveyor_Name": "Patrick", "Comments": "", "Photo_URL": "https://five.epicollect.net/api/internal/media/little-compton-wall-inventory-2025?type=photo&format=entry_original&name=78f94b37-5797-436c-ae7b-c3ec58186346_1776440500.jpg", "Photo_Filename": "78f94b37-5797-436c-ae7b-c3ec58186346_1776440500.jpg" }, "geometry": { "type": "Point", "coordinates": [ -71.162263, 41.541849 ] } },
{ "type": "Feature", "properties": { "entry_id": "fa1bfa55-0bce-4188-8a31-b65584fc6d3f", "created_at": "2026-04-17T15:41:06Z", "gps_accuracy_m": 31.0, "Wall_Condition": "Poor", "Vegetation_Cover": "Some overgrowth (25-50% covered)", "Wall_Type": "Stacked (stones placed loosely)", "Stone_Shape": [ "Prism" ], "Special_Features": [ "Opening in wall" ], "Surveyor_Name": "Patrick", "Comments": "", "Photo_URL": "https://five.epicollect.net/api/internal/media/little-compton-wall-inventory-2025?type=photo&format=entry_original&name=fa1bfa55-0bce-4188-8a31-b65584fc6d3f_1776440446.jpg", "Photo_Filename": "fa1bfa55-0bce-4188-8a31-b65584fc6d3f_1776440446.jpg" }, "geometry": { "type": "Point", "coordinates": [ -71.161598, 41.543399 ] } },
{ "type": "Feature", "properties": { "entry_id": "1385dbe3-913b-4a04-8950-33009e0a2cb3", "created_at": "2026-04-17T15:39:50Z", "gps_accuracy_m": 5.0, "Wall_Condition": "Poor", "Vegetation_Cover": "Some overgrowth (25-50% covered)", "Wall_Type": "Stacked (stones placed loosely)", "Stone_Shape": [ "Prism" ], "Special_Features": [ "Opening in wall" ], "Surveyor_Name": "Patrick", "Comments": "", "Photo_URL": "https://five.epicollect.net/api/internal/media/little-compton-wall-inventory-2025?type=photo&format=entry_original&name=1385dbe3-913b-4a04-8950-33009e0a2cb3_1776440367.jpg", "Photo_Filename": "1385dbe3-913b-4a04-8950-33009e0a2cb3_1776440367.jpg" }, "geometry": { "type": "Point", "coordinates": [ -71.162252, 41.541835 ] } },
{ "type": "Feature", "properties": { "entry_id": "21a429b9-d8b3-4376-bfcc-54dc2b5c8e2d", "created_at": "2026-04-17T15:37:01Z", "gps_accuracy_m": 3.0, "Wall_Condition": "Poor", "Vegetation_Cover": "Some overgrowth (25-50% covered)", "Wall_Type": "Stacked (stones placed loosely)", "Stone_Shape": [ "Prism" ], "Special_Features": [ "Opening in wall" ], "Surveyor_Name": "Patrick", "Comments": "", "Photo_URL": "https://five.epicollect.net/api/internal/media/little-compton-wall-inventory-2025?type=photo&format=entry_original&name=21a429b9-d8b3-4376-bfcc-54dc2b5c8e2d_1776440198.jpg", "Photo_Filename": "21a429b9-d8b3-4376-bfcc-54dc2b5c8e2d_1776440198.jpg" }, "geometry": { "type": "Point", "coordinates": [ -71.162291, 41.541972 ] } },
{ "type": "Feature", "properties": { "entry_id": "97bad6e9-4824-465a-bb2d-1c58e9d1c615", "created_at": "2026-04-17T15:36:06Z", "gps_accuracy_m": 6.0, "Wall_Condition": "Poor", "Vegetation_Cover": "Some overgrowth (25-50% covered)", "Wall_Type": "Stacked (stones placed loosely)", "Stone_Shape": [ "Prism" ], "Special_Features": [ "Opening in wall" ], "Surveyor_Name": "Patrick", "Comments": "", "Photo_URL": "https://five.epicollect.net/api/internal/media/little-compton-wall-inventory-2025?type=photo&format=entry_original&name=97bad6e9-4824-465a-bb2d-1c58e9d1c615_1776440142.jpg", "Photo_Filename": "97bad6e9-4824-465a-bb2d-1c58e9d1c615_1776440142.jpg" }, "geometry": { "type": "Point", "coordinates": [ -71.162309, 41.542091 ] } },
{ "type": "Feature", "properties": { "entry_id": "ec379831-1222-4dab-8d39-3914af85ed70", "created_at": "2026-04-17T15:35:08Z", "gps_accuracy_m": 4.0, "Wall_Condition": "Poor", "Vegetation_Cover": "Some overgrowth (25-50% covered)", "Wall_Type": "Stacked (stones placed loosely)", "Stone_Shape": [ "Prism" ], "Special_Features": [ "Opening in wall" ], "Surveyor_Name": "Patrick", "Comments": "", "Photo_URL": "https://five.epicollect.net/api/internal/media/little-compton-wall-inventory-2025?type=photo&format=entry_original&name=ec379831-1222-4dab-8d39-3914af85ed70_1776440085.jpg", "Photo_Filename": "ec379831-1222-4dab-8d39-3914af85ed70_1776440085.jpg" }, "geometry": { "type": "Point", "coordinates": [ -71.162315, 41.542092 ] } },
{ "type": "Feature", "properties": { "entry_id": "668c62d5-4e3f-4ed0-8c4c-bea76d2ef2e3", "created_at": "2026-04-17T15:34:29Z", "gps_accuracy_m": 7.0, "Wall_Condition": "Poor", "Vegetation_Cover": "Some overgrowth (25-50% covered)", "Wall_Type": "Stacked (stones placed loosely)", "Stone_Shape": [ "Prism" ], "Special_Features": [ "Opening in wall" ], "Surveyor_Name": "Patrick", "Comments": "", "Photo_URL": "https://five.epicollect.net/api/internal/media/little-compton-wall-inventory-2025?type=photo&format=entry_original&name=668c62d5-4e3f-4ed0-8c4c-bea76d2ef2e3_1776440048.jpg", "Photo_Filename": "668c62d5-4e3f-4ed0-8c4c-bea76d2ef2e3_1776440048.jpg" }, "geometry": { "type": "Point", "coordinates": [ -71.162455, 41.54207 ] } },
{ "type": "Feature", "properties": { "entry_id": "7eff9f18-e314-48aa-bf66-7982cbe063b1", "created_at": "2026-04-17T15:33:27Z", "gps_accuracy_m": 68.0, "Wall_Condition": "Poor", "Vegetation_Cover": "Some overgrowth (25-50% covered)", "Wall_Type": "Stacked (stones placed loosely)", "Stone_Shape": [ "Prism" ], "Special_Features": [ "Opening in wall" ], "Surveyor_Name": "Patrick", "Comments": "", "Photo_URL": "https://five.epicollect.net/api/internal/media/little-compton-wall-inventory-2025?type=photo&format=entry_original&name=7eff9f18-e314-48aa-bf66-7982cbe063b1_1776439988.jpg", "Photo_Filename": "7eff9f18-e314-48aa-bf66-7982cbe063b1_1776439988.jpg" }, "geometry": { "type": "Point", "coordinates": [ -71.162555, 41.543232 ] } },
{ "type": "Feature", "properties": { "entry_id": "16b3e593-ccca-4936-a694-24b7f4946773", "created_at": "2026-04-17T15:32:23Z", "gps_accuracy_m": 4.0, "Wall_Condition": "Poor", "Vegetation_Cover": "Some overgrowth (25-50% covered)", "Wall_Type": "Stacked (stones placed loosely)", "Stone_Shape": [ "Prism" ], "Special_Features": [ "Opening in wall" ], "Surveyor_Name": "Patrick", "Comments": "", "Photo_URL": "https://five.epicollect.net/api/internal/media/little-compton-wall-inventory-2025?type=photo&format=entry_original&name=16b3e593-ccca-4936-a694-24b7f4946773_1776439919.jpg", "Photo_Filename": "16b3e593-ccca-4936-a694-24b7f4946773_1776439919.jpg" }, "geometry": { "type": "Point", "coordinates": [ -71.162542, 41.54205 ] } },
{ "type": "Feature", "properties": { "entry_id": "d5f67ddc-9cb0-4cc3-9308-9db344bd1667", "created_at": "2026-04-17T15:28:03Z", "gps_accuracy_m": 5.0, "Wall_Condition": "Poor", "Vegetation_Cover": "Some overgrowth (25-50% covered)", "Wall_Type": "Stacked (stones placed loosely)", "Stone_Shape": [ "Prism" ], "Special_Features": [ "Opening in wall" ], "Surveyor_Name": "Patrick", "Comments": "", "Photo_URL": "https://five.epicollect.net/api/internal/media/little-compton-wall-inventory-2025?type=photo&format=entry_original&name=d5f67ddc-9cb0-4cc3-9308-9db344bd1667_1776439662.jpg", "Photo_Filename": "d5f67ddc-9cb0-4cc3-9308-9db344bd1667_1776439662.jpg" }, "geometry": { "type": "Point", "coordinates": [ -71.162609, 41.542056 ] } },
{ "type": "Feature", "properties": { "entry_id": "37371efc-926c-485b-b844-02bfb8a861c4", "created_at": "2026-04-17T15:24:10Z", "gps_accuracy_m": 5.0, "Wall_Condition": "Poor", "Vegetation_Cover": "Some overgrowth (25-50% covered)", "Wall_Type": "Stacked (stones placed loosely)", "Stone_Shape": [ "Prism" ], "Special_Features": [ "Opening in wall" ], "Surveyor_Name": "Patrick", "Comments": "", "Photo_URL": "https://five.epicollect.net/api/internal/media/little-compton-wall-inventory-2025?type=photo&format=entry_original&name=37371efc-926c-485b-b844-02bfb8a861c4_1776439429.jpg", "Photo_Filename": "37371efc-926c-485b-b844-02bfb8a861c4_1776439429.jpg" }, "geometry": { "type": "Point", "coordinates": [ -71.162774, 41.542026 ] } },
{ "type": "Feature", "properties": { "entry_id": "8e7b9b7c-44a4-4a52-89fd-633f5e8e02e6", "created_at": "2026-04-17T15:23:01Z", "gps_accuracy_m": 4.0, "Wall_Condition": "Poor", "Vegetation_Cover": "Some overgrowth (25-50% covered)", "Wall_Type": "Stacked (stones placed loosely)", "Stone_Shape": [ "Prism" ], "Special_Features": [ "Opening in wall" ], "Surveyor_Name": "Patrick", "Comments": "", "Photo_URL": "https://five.epicollect.net/api/internal/media/little-compton-wall-inventory-2025?type=photo&format=entry_original&name=8e7b9b7c-44a4-4a52-89fd-633f5e8e02e6_1776439362.jpg", "Photo_Filename": "8e7b9b7c-44a4-4a52-89fd-633f5e8e02e6_1776439362.jpg" }, "geometry": { "type": "Point", "coordinates": [ -71.162759, 41.541983 ] } },
{ "type": "Feature", "properties": { "entry_id": "e5148aa8-99f2-41b1-ad53-3b09d5925f42", "created_at": "2026-04-17T15:21:41Z", "gps_accuracy_m": 5.0, "Wall_Condition": "Poor", "Vegetation_Cover": "Some overgrowth (25-50% covered)", "Wall_Type": "Stacked (stones placed loosely)", "Stone_Shape": [ "Prism" ], "Special_Features": [ "Opening in wall" ], "Surveyor_Name": "Patrick", "Comments": "", "Photo_URL": "https://five.epicollect.net/api/internal/media/little-compton-wall-inventory-2025?type=photo&format=entry_original&name=e5148aa8-99f2-41b1-ad53-3b09d5925f42_1776439280.jpg", "Photo_Filename": "e5148aa8-99f2-41b1-ad53-3b09d5925f42_1776439280.jpg" }, "geometry": { "type": "Point", "coordinates": [ -71.16307, 41.541948 ] } },
{ "type": "Feature", "properties": { "entry_id": "fcd35131-ba6d-4d2e-aae0-66e41229d607", "created_at": "2026-04-17T15:20:33Z", "gps_accuracy_m": 5.0, "Wall_Condition": "Poor", "Vegetation_Cover": "Some overgrowth (25-50% covered)", "Wall_Type": "Stacked (stones placed loosely)", "Stone_Shape": [ "Prism" ], "Special_Features": [ "Opening in wall" ], "Surveyor_Name": "Patrick", "Comments": "", "Photo_URL": "https://five.epicollect.net/api/internal/media/little-compton-wall-inventory-2025?type=photo&format=entry_original&name=fcd35131-ba6d-4d2e-aae0-66e41229d607_1776439210.jpg", "Photo_Filename": "fcd35131-ba6d-4d2e-aae0-66e41229d607_1776439210.jpg" }, "geometry": { "type": "Point", "coordinates": [ -71.163092, 41.541916 ] } },
{ "type": "Feature", "properties": { "entry_id": "0941113a-0be4-4297-bb3e-726ea307d4c6", "created_at": "2026-04-17T15:18:15Z", "gps_accuracy_m": 7.0, "Wall_Condition": "Poor", "Vegetation_Cover": "Some overgrowth (25-50% covered)", "Wall_Type": "Stacked (stones placed loosely)", "Stone_Shape": [ "Prism" ], "Special_Features": [ "Opening in wall" ], "Surveyor_Name": "Patrick", "Comments": "", "Photo_URL": "https://five.epicollect.net/api/internal/media/little-compton-wall-inventory-2025?type=photo&format=entry_original&name=0941113a-0be4-4297-bb3e-726ea307d4c6_1776439072.jpg", "Photo_Filename": "0941113a-0be4-4297-bb3e-726ea307d4c6_1776439072.jpg" }, "geometry": { "type": "Point", "coordinates": [ -71.163436, 41.541893 ] } },
{ "type": "Feature", "properties": { "entry_id": "9c531703-05b8-447c-9323-50d6bf7ade76", "created_at": "2026-04-17T15:16:55Z", "gps_accuracy_m": 27.0, "Wall_Condition": "Poor", "Vegetation_Cover": "Some overgrowth (25-50% covered)", "Wall_Type": "Stacked (stones placed loosely)", "Stone_Shape": [ "Prism" ], "Special_Features": [ "Opening in wall" ], "Surveyor_Name": "Patrick", "Comments": "", "Photo_URL": "https://five.epicollect.net/api/internal/media/little-compton-wall-inventory-2025?type=photo&format=entry_original&name=9c531703-05b8-447c-9323-50d6bf7ade76_1776438985.jpg", "Photo_Filename": "9c531703-05b8-447c-9323-50d6bf7ade76_1776438985.jpg" }, "geometry": { "type": "Point", "coordinates": [ -71.16347, 41.541888 ] } },
{ "type": "Feature", "properties": { "entry_id": "2b7a4a17-47b8-44d9-9304-aa62c819b365", "created_at": "2026-04-17T15:15:37Z", "gps_accuracy_m": 48.0, "Wall_Condition": "Poor", "Vegetation_Cover": "Some overgrowth (25-50% covered)", "Wall_Type": "Stacked (stones placed loosely)", "Stone_Shape": [ "Prism" ], "Special_Features": [ "Opening in wall" ], "Surveyor_Name": "Patrick", "Comments": "", "Photo_URL": "https://five.epicollect.net/api/internal/media/little-compton-wall-inventory-2025?type=photo&format=entry_original&name=2b7a4a17-47b8-44d9-9304-aa62c819b365_1776438912.jpg", "Photo_Filename": "2b7a4a17-47b8-44d9-9304-aa62c819b365_1776438912.jpg" }, "geometry": { "type": "Point", "coordinates": [ -71.163641, 41.541627 ] } },
{ "type": "Feature", "properties": { "entry_id": "99f39427-e920-4a22-9b08-adac649a66c3", "created_at": "2026-04-17T15:14:01Z", "gps_accuracy_m": 36.0, "Wall_Condition": "Poor", "Vegetation_Cover": "Some overgrowth (25-50% covered)", "Wall_Type": "Stacked (stones placed loosely)", "Stone_Shape": [ "Prism" ], "Special_Features": [ "Opening in wall" ], "Surveyor_Name": "Patrick", "Comments": "", "Photo_URL": "https://five.epicollect.net/api/internal/media/little-compton-wall-inventory-2025?type=photo&format=entry_original&name=99f39427-e920-4a22-9b08-adac649a66c3_1776438816.jpg", "Photo_Filename": "99f39427-e920-4a22-9b08-adac649a66c3_1776438816.jpg" }, "geometry": { "type": "Point", "coordinates": [ -71.163724, 41.541643 ] } },
{ "type": "Feature", "properties": { "entry_id": "630ac64a-fbd9-4df0-9126-4831747fc46e", "created_at": "2026-04-17T15:12:21Z", "gps_accuracy_m": 45.0, "Wall_Condition": "Poor", "Vegetation_Cover": "Some overgrowth (25-50% covered)", "Wall_Type": "Stacked (stones placed loosely)", "Stone_Shape": [ "Prism" ], "Special_Features": [ "Opening in wall" ], "Surveyor_Name": "Patrick", "Comments": "", "Photo_URL": "https://five.epicollect.net/api/internal/media/little-compton-wall-inventory-2025?type=photo&format=entry_original&name=630ac64a-fbd9-4df0-9126-4831747fc46e_1776438716.jpg", "Photo_Filename": "630ac64a-fbd9-4df0-9126-4831747fc46e_1776438716.jpg" }, "geometry": { "type": "Point", "coordinates": [ -71.163615, 41.541797 ] } },
{ "type": "Feature", "properties": { "entry_id": "5bfb4a90-cf7a-4e57-85b8-174bd1fbd1d7", "created_at": "2026-04-17T15:11:23Z", "gps_accuracy_m": 6.0, "Wall_Condition": "Poor", "Vegetation_Cover": "Some overgrowth (25-50% covered)", "Wall_Type": "Stacked (stones placed loosely)", "Stone_Shape": [ "Prism" ], "Special_Features": [ "Opening in wall" ], "Surveyor_Name": "Patrick", "Comments": "", "Photo_URL": "https://five.epicollect.net/api/internal/media/little-compton-wall-inventory-2025?type=photo&format=entry_original&name=5bfb4a90-cf7a-4e57-85b8-174bd1fbd1d7_1776438648.jpg", "Photo_Filename": "5bfb4a90-cf7a-4e57-85b8-174bd1fbd1d7_1776438648.jpg" }, "geometry": { "type": "Point", "coordinates": [ -71.163564, 41.54186 ] } },
{ "type": "Feature", "properties": { "entry_id": "82bb3f67-6c79-490d-987e-e724f4ea788a", "created_at": "2026-04-17T15:10:21Z", "gps_accuracy_m": 4.0, "Wall_Condition": "Fair", "Vegetation_Cover": "Some overgrowth (25-50% covered)", "Wall_Type": "Stacked (stones placed loosely)", "Stone_Shape": [ "Prism" ], "Special_Features": [ "Opening in wall" ], "Surveyor_Name": "Patrick", "Comments": "", "Photo_URL": "https://five.epicollect.net/api/internal/media/little-compton-wall-inventory-2025?type=photo&format=entry_original&name=82bb3f67-6c79-490d-987e-e724f4ea788a_1776438551.jpg", "Photo_Filename": "82bb3f67-6c79-490d-987e-e724f4ea788a_1776438551.jpg" }, "geometry": { "type": "Point", "coordinates": [ -71.163551, 41.541774 ] } },
{ "type": "Feature", "properties": { "entry_id": "32229b1a-0fe0-4e67-b6ee-f570bfae0a41", "created_at": "2026-04-17T15:08:52Z", "gps_accuracy_m": 22.0, "Wall_Condition": "Fair", "Vegetation_Cover": "Quite covered (50-75% covered)", "Wall_Type": "Stacked (stones placed loosely)", "Stone_Shape": [ "Prism" ], "Special_Features": [ "Opening in wall" ], "Surveyor_Name": "Patrick", "Comments": "", "Photo_URL": "https://five.epicollect.net/api/internal/media/little-compton-wall-inventory-2025?type=photo&format=entry_original&name=32229b1a-0fe0-4e67-b6ee-f570bfae0a41_1776438470.jpg", "Photo_Filename": "32229b1a-0fe0-4e67-b6ee-f570bfae0a41_1776438470.jpg" }, "geometry": { "type": "Point", "coordinates": [ -71.163634, 41.541652 ] } },
{ "type": "Feature", "properties": { "entry_id": "fdb47f1a-c0e0-47f1-88b6-b967595a19d2", "created_at": "2026-04-15T19:13:45Z", "gps_accuracy_m": 4.0, "Wall_Condition": "Poor", "Vegetation_Cover": "Some overgrowth (25-50% covered)", "Wall_Type": "Stacked (stones placed loosely)", "Stone_Shape": [ "Prism" ], "Special_Features": [ "Opening in wall" ], "Surveyor_Name": "Patrick", "Comments": "", "Photo_URL": "https://five.epicollect.net/api/internal/media/little-compton-wall-inventory-2025?type=photo&format=entry_original&name=fdb47f1a-c0e0-47f1-88b6-b967595a19d2_1776280405.jpg", "Photo_Filename": "fdb47f1a-c0e0-47f1-88b6-b967595a19d2_1776280405.jpg" }, "geometry": { "type": "Point", "coordinates": [ -71.163691, 41.541806 ] } },
{ "type": "Feature", "properties": { "entry_id": "b3a00aef-199d-426f-845d-f813b0895036", "created_at": "2026-04-15T19:13:00Z", "gps_accuracy_m": 7.0, "Wall_Condition": "Poor", "Vegetation_Cover": "Some overgrowth (25-50% covered)", "Wall_Type": "Stacked (stones placed loosely)", "Stone_Shape": [ "Prism" ], "Special_Features": [ "Opening in wall" ], "Surveyor_Name": "Patrick", "Comments": "", "Photo_URL": "https://five.epicollect.net/api/internal/media/little-compton-wall-inventory-2025?type=photo&format=entry_original&name=b3a00aef-199d-426f-845d-f813b0895036_1776280361.jpg", "Photo_Filename": "b3a00aef-199d-426f-845d-f813b0895036_1776280361.jpg" }, "geometry": { "type": "Point", "coordinates": [ -71.163701, 41.541811 ] } },
{ "type": "Feature", "properties": { "entry_id": "b9a415fd-2d24-44b2-9320-5c3d8fc06bab", "created_at": "2026-04-15T19:12:02Z", "gps_accuracy_m": 7.0, "Wall_Condition": "Poor", "Vegetation_Cover": "Some overgrowth (25-50% covered)", "Wall_Type": "Stacked (stones placed loosely)", "Stone_Shape": [ "Prism" ], "Special_Features": [ "Opening in wall" ], "Surveyor_Name": "Patrick", "Comments": "", "Photo_URL": "https://five.epicollect.net/api/internal/media/little-compton-wall-inventory-2025?type=photo&format=entry_original&name=b9a415fd-2d24-44b2-9320-5c3d8fc06bab_1776280300.jpg", "Photo_Filename": "b9a415fd-2d24-44b2-9320-5c3d8fc06bab_1776280300.jpg" }, "geometry": { "type": "Point", "coordinates": [ -71.163712, 41.541815 ] } },
{ "type": "Feature", "properties": { "entry_id": "625b93ff-c1a0-4f1f-860a-3d27aa092bf1", "created_at": "2026-04-15T19:11:12Z", "gps_accuracy_m": 6.0, "Wall_Condition": "Poor", "Vegetation_Cover": "Clear (0-25% covered)", "Wall_Type": "Stacked (stones placed loosely)", "Stone_Shape": [ "Prism" ], "Special_Features": [ "Opening in wall" ], "Surveyor_Name": "Patrick", "Comments": "", "Photo_URL": "https://five.epicollect.net/api/internal/media/little-compton-wall-inventory-2025?type=photo&format=entry_original&name=625b93ff-c1a0-4f1f-860a-3d27aa092bf1_1776280244.jpg", "Photo_Filename": "625b93ff-c1a0-4f1f-860a-3d27aa092bf1_1776280244.jpg" }, "geometry": { "type": "Point", "coordinates": [ -71.163718, 41.541818 ] } },
{ "type": "Feature", "properties": { "entry_id": "9d549da6-a281-4a0b-882c-208236526a31", "created_at": "2026-04-15T19:10:20Z", "gps_accuracy_m": 5.0, "Wall_Condition": "Poor", "Vegetation_Cover": "Some overgrowth (25-50% covered)", "Wall_Type": "Stacked (stones placed loosely)", "Stone_Shape": [ "Prism" ], "Special_Features": [ "Opening in wall" ], "Surveyor_Name": "Patrick", "Comments": "", "Photo_URL": "https://five.epicollect.net/api/internal/media/little-compton-wall-inventory-2025?type=photo&format=entry_original&name=9d549da6-a281-4a0b-882c-208236526a31_1776280193.jpg", "Photo_Filename": "9d549da6-a281-4a0b-882c-208236526a31_1776280193.jpg" }, "geometry": { "type": "Point", "coordinates": [ -71.163732, 41.54182 ] } },
{ "type": "Feature", "properties": { "entry_id": "da557706-e11a-4168-b29b-6898a10c8f08", "created_at": "2026-04-15T19:09:31Z", "gps_accuracy_m": 7.0, "Wall_Condition": "Poor", "Vegetation_Cover": "Some overgrowth (25-50% covered)", "Wall_Type": "Stacked (stones placed loosely)", "Stone_Shape": [ "Prism" ], "Special_Features": [ "Opening in wall" ], "Surveyor_Name": "Patrick", "Comments": "", "Photo_URL": "https://five.epicollect.net/api/internal/media/little-compton-wall-inventory-2025?type=photo&format=entry_original&name=da557706-e11a-4168-b29b-6898a10c8f08_1776280146.jpg", "Photo_Filename": "da557706-e11a-4168-b29b-6898a10c8f08_1776280146.jpg" }, "geometry": { "type": "Point", "coordinates": [ -71.163758, 41.541812 ] } },
{ "type": "Feature", "properties": { "entry_id": "e68a7da2-2a3d-4269-905f-3993754dc22c", "created_at": "2026-04-15T19:08:34Z", "gps_accuracy_m": 5.0, "Wall_Condition": "Poor", "Vegetation_Cover": "Clear (0-25% covered)", "Wall_Type": "Stacked (stones placed loosely)", "Stone_Shape": [ "Prism" ], "Special_Features": [ "Opening in wall" ], "Surveyor_Name": "Patrick", "Comments": "", "Photo_URL": "https://five.epicollect.net/api/internal/media/little-compton-wall-inventory-2025?type=photo&format=entry_original&name=e68a7da2-2a3d-4269-905f-3993754dc22c_1776280095.jpg", "Photo_Filename": "e68a7da2-2a3d-4269-905f-3993754dc22c_1776280095.jpg" }, "geometry": { "type": "Point", "coordinates": [ -71.163772, 41.541809 ] } },
{ "type": "Feature", "properties": { "entry_id": "efeff429-f655-406e-b15b-bc62917c30d4", "created_at": "2026-04-15T19:07:49Z", "gps_accuracy_m": 6.0, "Wall_Condition": "Poor", "Vegetation_Cover": "Clear (0-25% covered)", "Wall_Type": "Stacked (stones placed loosely)", "Stone_Shape": [ "Prism" ], "Special_Features": [ "Opening in wall" ], "Surveyor_Name": "Patrick", "Comments": "", "Photo_URL": "https://five.epicollect.net/api/internal/media/little-compton-wall-inventory-2025?type=photo&format=entry_original&name=efeff429-f655-406e-b15b-bc62917c30d4_1776280045.jpg", "Photo_Filename": "efeff429-f655-406e-b15b-bc62917c30d4_1776280045.jpg" }, "geometry": { "type": "Point", "coordinates": [ -71.163789, 41.541788 ] } },
{ "type": "Feature", "properties": { "entry_id": "9d698add-b2e9-4af0-b649-a8dcec1ffdc8", "created_at": "2026-04-15T19:06:56Z", "gps_accuracy_m": 8.0, "Wall_Condition": "Poor", "Vegetation_Cover": "Clear (0-25% covered)", "Wall_Type": "Stacked (stones placed loosely)", "Stone_Shape": [ "Prism" ], "Special_Features": [ "Opening in wall" ], "Surveyor_Name": "Patrick", "Comments": "", "Photo_URL": "https://five.epicollect.net/api/internal/media/little-compton-wall-inventory-2025?type=photo&format=entry_original&name=9d698add-b2e9-4af0-b649-a8dcec1ffdc8_1776279990.jpg", "Photo_Filename": "9d698add-b2e9-4af0-b649-a8dcec1ffdc8_1776279990.jpg" }, "geometry": { "type": "Point", "coordinates": [ -71.163879, 41.541757 ] } },
{ "type": "Feature", "properties": { "entry_id": "c6b72b03-a474-423a-812f-a60fec7df47f", "created_at": "2026-04-15T19:05:56Z", "gps_accuracy_m": 6.0, "Wall_Condition": "Poor", "Vegetation_Cover": "Clear (0-25% covered)", "Wall_Type": "Stacked (stones placed loosely)", "Stone_Shape": [ "Prism" ], "Special_Features": [ "Opening in wall" ], "Surveyor_Name": "Patrick", "Comments": "", "Photo_URL": "https://five.epicollect.net/api/internal/media/little-compton-wall-inventory-2025?type=photo&format=entry_original&name=c6b72b03-a474-423a-812f-a60fec7df47f_1776279932.jpg", "Photo_Filename": "c6b72b03-a474-423a-812f-a60fec7df47f_1776279932.jpg" }, "geometry": { "type": "Point", "coordinates": [ -71.163894, 41.541746 ] } },
{ "type": "Feature", "properties": { "entry_id": "16fa6992-4682-4ce1-b4cd-880cb2dd4198", "created_at": "2026-04-15T19:05:01Z", "gps_accuracy_m": 5.0, "Wall_Condition": "Poor", "Vegetation_Cover": "Clear (0-25% covered)", "Wall_Type": "Stacked (stones placed loosely)", "Stone_Shape": [ "Prism" ], "Special_Features": [ "Opening in wall" ], "Surveyor_Name": "Patrick", "Comments": "", "Photo_URL": "https://five.epicollect.net/api/internal/media/little-compton-wall-inventory-2025?type=photo&format=entry_original&name=16fa6992-4682-4ce1-b4cd-880cb2dd4198_1776279870.jpg", "Photo_Filename": "16fa6992-4682-4ce1-b4cd-880cb2dd4198_1776279870.jpg" }, "geometry": { "type": "Point", "coordinates": [ -71.16389, 41.541737 ] } },
{ "type": "Feature", "properties": { "entry_id": "37a2a85d-0f49-430c-807d-39f3f5fef43a", "created_at": "2026-04-15T19:03:53Z", "gps_accuracy_m": 5.0, "Wall_Condition": "Good", "Vegetation_Cover": "Clear (0-25% covered)", "Wall_Type": "Laid (carefully selected and fitted)", "Stone_Shape": [ "Prism" ], "Special_Features": [ "Opening in wall" ], "Surveyor_Name": "Patrick", "Comments": "", "Photo_URL": "https://five.epicollect.net/api/internal/media/little-compton-wall-inventory-2025?type=photo&format=entry_original&name=37a2a85d-0f49-430c-807d-39f3f5fef43a_1776279811.jpg", "Photo_Filename": "37a2a85d-0f49-430c-807d-39f3f5fef43a_1776279811.jpg" }, "geometry": { "type": "Point", "coordinates": [ -71.163874, 41.54174 ] } },
{ "type": "Feature", "properties": { "entry_id": "eb32eaa3-9ff7-4315-9274-cd9eb0b500e9", "created_at": "2026-04-15T19:02:59Z", "gps_accuracy_m": 7.0, "Wall_Condition": "Good", "Vegetation_Cover": "Clear (0-25% covered)", "Wall_Type": "Laid (carefully selected and fitted)", "Stone_Shape": [ "Prism" ], "Special_Features": [ "Opening in wall" ], "Surveyor_Name": "Patrick", "Comments": "", "Photo_URL": "https://five.epicollect.net/api/internal/media/little-compton-wall-inventory-2025?type=photo&format=entry_original&name=eb32eaa3-9ff7-4315-9274-cd9eb0b500e9_1776279756.jpg", "Photo_Filename": "eb32eaa3-9ff7-4315-9274-cd9eb0b500e9_1776279756.jpg" }, "geometry": { "type": "Point", "coordinates": [ -71.163905, 41.541583 ] } },
{ "type": "Feature", "properties": { "entry_id": "e5f2c11e-7436-4029-8e79-5ddff6954a11", "created_at": "2026-04-15T19:00:23Z", "gps_accuracy_m": 6.0, "Wall_Condition": "Good", "Vegetation_Cover": "Clear (0-25% covered)", "Wall_Type": "Laid (carefully selected and fitted)", "Stone_Shape": [ "Prism" ], "Special_Features": [ "Opening in wall" ], "Surveyor_Name": "Patrick", "Comments": "", "Photo_URL": "https://five.epicollect.net/api/internal/media/little-compton-wall-inventory-2025?type=photo&format=entry_original&name=e5f2c11e-7436-4029-8e79-5ddff6954a11_1776279600.jpg", "Photo_Filename": "e5f2c11e-7436-4029-8e79-5ddff6954a11_1776279600.jpg" }, "geometry": { "type": "Point", "coordinates": [ -71.163935, 41.541593 ] } },
{ "type": "Feature", "properties": { "entry_id": "7486500e-08d0-46e8-a1a4-cd3514cf93f9", "created_at": "2026-04-15T18:59:14Z", "gps_accuracy_m": 3.0, "Wall_Condition": "Good", "Vegetation_Cover": "Clear (0-25% covered)", "Wall_Type": "Laid (carefully selected and fitted)", "Stone_Shape": [ "Prism" ], "Special_Features": [ "Opening in wall" ], "Surveyor_Name": "Patrick", "Comments": "", "Photo_URL": "https://five.epicollect.net/api/internal/media/little-compton-wall-inventory-2025?type=photo&format=entry_original&name=7486500e-08d0-46e8-a1a4-cd3514cf93f9_1776279530.jpg", "Photo_Filename": "7486500e-08d0-46e8-a1a4-cd3514cf93f9_1776279530.jpg" }, "geometry": { "type": "Point", "coordinates": [ -71.163935, 41.541583 ] } },
{ "type": "Feature", "properties": { "entry_id": "1e8ff677-1447-4013-9264-5f1ce76f0b10", "created_at": "2026-04-15T18:58:30Z", "gps_accuracy_m": 4.0, "Wall_Condition": "Good", "Vegetation_Cover": "Clear (0-25% covered)", "Wall_Type": "Laid (carefully selected and fitted)", "Stone_Shape": [ "Prism" ], "Special_Features": [ "Opening in wall" ], "Surveyor_Name": "Patrick", "Comments": "", "Photo_URL": "https://five.epicollect.net/api/internal/media/little-compton-wall-inventory-2025?type=photo&format=entry_original&name=1e8ff677-1447-4013-9264-5f1ce76f0b10_1776279483.jpg", "Photo_Filename": "1e8ff677-1447-4013-9264-5f1ce76f0b10_1776279483.jpg" }, "geometry": { "type": "Point", "coordinates": [ -71.163985, 41.541578 ] } },
{ "type": "Feature", "properties": { "entry_id": "49400e2b-ea02-449a-ac48-2ee0d4e6350d", "created_at": "2026-04-15T18:57:31Z", "gps_accuracy_m": 6.0, "Wall_Condition": "Good", "Vegetation_Cover": "Clear (0-25% covered)", "Wall_Type": "Laid (carefully selected and fitted)", "Stone_Shape": [ "Prism" ], "Special_Features": [ "Opening in wall" ], "Surveyor_Name": "Patrick", "Comments": "", "Photo_URL": "https://five.epicollect.net/api/internal/media/little-compton-wall-inventory-2025?type=photo&format=entry_original&name=49400e2b-ea02-449a-ac48-2ee0d4e6350d_1776279423.jpg", "Photo_Filename": "49400e2b-ea02-449a-ac48-2ee0d4e6350d_1776279423.jpg" }, "geometry": { "type": "Point", "coordinates": [ -71.164071, 41.541579 ] } },
{ "type": "Feature", "properties": { "entry_id": "cc868fa2-7ed8-46c2-bc2b-f8f4c9cdbb5b", "created_at": "2026-04-15T18:56:01Z", "gps_accuracy_m": 4.0, "Wall_Condition": "Good", "Vegetation_Cover": "Clear (0-25% covered)", "Wall_Type": "Laid (carefully selected and fitted)", "Stone_Shape": [ "Prism" ], "Special_Features": [ "Opening in wall" ], "Surveyor_Name": "Patrick", "Comments": "", "Photo_URL": "https://five.epicollect.net/api/internal/media/little-compton-wall-inventory-2025?type=photo&format=entry_original&name=cc868fa2-7ed8-46c2-bc2b-f8f4c9cdbb5b_1776279337.jpg", "Photo_Filename": "cc868fa2-7ed8-46c2-bc2b-f8f4c9cdbb5b_1776279337.jpg" }, "geometry": { "type": "Point", "coordinates": [ -71.163682, 41.541593 ] } },
{ "type": "Feature", "properties": { "entry_id": "d53ff5dd-f297-4519-a9d9-d9900d302a63", "created_at": "2026-04-15T18:55:17Z", "gps_accuracy_m": 4.0, "Wall_Condition": "Good", "Vegetation_Cover": "Clear (0-25% covered)", "Wall_Type": "Laid (carefully selected and fitted)", "Stone_Shape": [ "Prism" ], "Special_Features": [ "Opening in wall" ], "Surveyor_Name": "Patrick", "Comments": "", "Photo_URL": "https://five.epicollect.net/api/internal/media/little-compton-wall-inventory-2025?type=photo&format=entry_original&name=d53ff5dd-f297-4519-a9d9-d9900d302a63_1776279288.jpg", "Photo_Filename": "d53ff5dd-f297-4519-a9d9-d9900d302a63_1776279288.jpg" }, "geometry": { "type": "Point", "coordinates": [ -71.163594, 41.54161 ] } },
{ "type": "Feature", "properties": { "entry_id": "287e0a75-2bbc-4e30-a52e-7b05be2c441e", "created_at": "2026-04-15T18:54:25Z", "gps_accuracy_m": 8.0, "Wall_Condition": "Good", "Vegetation_Cover": "Clear (0-25% covered)", "Wall_Type": "Laid (carefully selected and fitted)", "Stone_Shape": [ "Prism" ], "Special_Features": [ "Opening in wall" ], "Surveyor_Name": "Patrick", "Comments": "", "Photo_URL": "https://five.epicollect.net/api/internal/media/little-compton-wall-inventory-2025?type=photo&format=entry_original&name=287e0a75-2bbc-4e30-a52e-7b05be2c441e_1776279237.jpg", "Photo_Filename": "287e0a75-2bbc-4e30-a52e-7b05be2c441e_1776279237.jpg" }, "geometry": { "type": "Point", "coordinates": [ -71.16357, 41.541612 ] } },
{ "type": "Feature", "properties": { "entry_id": "3359415a-6a05-468b-bb20-5152ff974738", "created_at": "2026-04-15T18:53:19Z", "gps_accuracy_m": 4.0, "Wall_Condition": "Good", "Vegetation_Cover": "Clear (0-25% covered)", "Wall_Type": "Laid (carefully selected and fitted)", "Stone_Shape": [ "Prism" ], "Special_Features": [ "Opening in wall" ], "Surveyor_Name": "Patrick", "Comments": "", "Photo_URL": "https://five.epicollect.net/api/internal/media/little-compton-wall-inventory-2025?type=photo&format=entry_original&name=3359415a-6a05-468b-bb20-5152ff974738_1776279174.jpg", "Photo_Filename": "3359415a-6a05-468b-bb20-5152ff974738_1776279174.jpg" }, "geometry": { "type": "Point", "coordinates": [ -71.163572, 41.541621 ] } },
{ "type": "Feature", "properties": { "entry_id": "a7431b45-2f28-432b-b593-2f7938b75cc5", "created_at": "2026-04-15T18:52:37Z", "gps_accuracy_m": 5.0, "Wall_Condition": "Good", "Vegetation_Cover": "Clear (0-25% covered)", "Wall_Type": "Laid (carefully selected and fitted)", "Stone_Shape": [ "Prism" ], "Special_Features": [ "Opening in wall" ], "Surveyor_Name": "Patrick", "Comments": "", "Photo_URL": "https://five.epicollect.net/api/internal/media/little-compton-wall-inventory-2025?type=photo&format=entry_original&name=a7431b45-2f28-432b-b593-2f7938b75cc5_1776279130.jpg", "Photo_Filename": "a7431b45-2f28-432b-b593-2f7938b75cc5_1776279130.jpg" }, "geometry": { "type": "Point", "coordinates": [ -71.163545, 41.541623 ] } },
{ "type": "Feature", "properties": { "entry_id": "0c3cb03d-5857-45ef-b7b7-3de4f05e76f6", "created_at": "2026-04-15T18:51:36Z", "gps_accuracy_m": 26.0, "Wall_Condition": "Good", "Vegetation_Cover": "Clear (0-25% covered)", "Wall_Type": "Laid (carefully selected and fitted)", "Stone_Shape": [ "Prism" ], "Special_Features": [ "Opening in wall" ], "Surveyor_Name": "Patrick", "Comments": "", "Photo_URL": "https://five.epicollect.net/api/internal/media/little-compton-wall-inventory-2025?type=photo&format=entry_original&name=0c3cb03d-5857-45ef-b7b7-3de4f05e76f6_1776279072.jpg", "Photo_Filename": "0c3cb03d-5857-45ef-b7b7-3de4f05e76f6_1776279072.jpg" }, "geometry": { "type": "Point", "coordinates": [ -71.163654, 41.541538 ] } },
{ "type": "Feature", "properties": { "entry_id": "330e87ce-6d98-45f1-840b-528f194822a4", "created_at": "2026-04-15T18:50:29Z", "gps_accuracy_m": 5.0, "Wall_Condition": "Good", "Vegetation_Cover": "Clear (0-25% covered)", "Wall_Type": "Laid (carefully selected and fitted)", "Stone_Shape": [ "Prism" ], "Special_Features": [ "Opening in wall" ], "Surveyor_Name": "Patrick", "Comments": "", "Photo_URL": "https://five.epicollect.net/api/internal/media/little-compton-wall-inventory-2025?type=photo&format=entry_original&name=330e87ce-6d98-45f1-840b-528f194822a4_1776279005.jpg", "Photo_Filename": "330e87ce-6d98-45f1-840b-528f194822a4_1776279005.jpg" }, "geometry": { "type": "Point", "coordinates": [ -71.163547, 41.541548 ] } },
{ "type": "Feature", "properties": { "entry_id": "dc4cea84-cc8f-4d77-84e6-3615ecda0965", "created_at": "2026-04-15T18:49:32Z", "gps_accuracy_m": 7.0, "Wall_Condition": "Good", "Vegetation_Cover": "Clear (0-25% covered)", "Wall_Type": "Laid (carefully selected and fitted)", "Stone_Shape": [ "Prism" ], "Special_Features": [ "Opening in wall" ], "Surveyor_Name": "Patrick", "Comments": "", "Photo_URL": "https://five.epicollect.net/api/internal/media/little-compton-wall-inventory-2025?type=photo&format=entry_original&name=dc4cea84-cc8f-4d77-84e6-3615ecda0965_1776278946.jpg", "Photo_Filename": "dc4cea84-cc8f-4d77-84e6-3615ecda0965_1776278946.jpg" }, "geometry": { "type": "Point", "coordinates": [ -71.163477, 41.54145 ] } },
{ "type": "Feature", "properties": { "entry_id": "ea5fb95d-e02a-488f-9755-f0608fdedffe", "created_at": "2026-04-15T18:48:37Z", "gps_accuracy_m": 5.0, "Wall_Condition": "Good", "Vegetation_Cover": "Clear (0-25% covered)", "Wall_Type": "Laid (carefully selected and fitted)", "Stone_Shape": [ "Prism" ], "Special_Features": [ "Opening in wall" ], "Surveyor_Name": "Patrick", "Comments": "", "Photo_URL": "https://five.epicollect.net/api/internal/media/little-compton-wall-inventory-2025?type=photo&format=entry_original&name=ea5fb95d-e02a-488f-9755-f0608fdedffe_1776278885.jpg", "Photo_Filename": "ea5fb95d-e02a-488f-9755-f0608fdedffe_1776278885.jpg" }, "geometry": { "type": "Point", "coordinates": [ -71.163472, 41.541432 ] } },
{ "type": "Feature", "properties": { "entry_id": "3b80b53e-4098-40d7-ab72-6713496a85bb", "created_at": "2026-04-15T18:47:22Z", "gps_accuracy_m": 5.0, "Wall_Condition": "Good", "Vegetation_Cover": "Clear (0-25% covered)", "Wall_Type": "Laid (carefully selected and fitted)", "Stone_Shape": [ "Prism" ], "Special_Features": [ "Opening in wall" ], "Surveyor_Name": "Patrick", "Comments": "", "Photo_URL": "https://five.epicollect.net/api/internal/media/little-compton-wall-inventory-2025?type=photo&format=entry_original&name=3b80b53e-4098-40d7-ab72-6713496a85bb_1776278815.jpg", "Photo_Filename": "3b80b53e-4098-40d7-ab72-6713496a85bb_1776278815.jpg" }, "geometry": { "type": "Point", "coordinates": [ -71.163468, 41.54142 ] } },
{ "type": "Feature", "properties": { "entry_id": "1a73aca7-386b-428d-8acf-1e7d7c16e372", "created_at": "2026-04-15T18:46:30Z", "gps_accuracy_m": 32.0, "Wall_Condition": "Good", "Vegetation_Cover": "Some overgrowth (25-50% covered)", "Wall_Type": "Laid (carefully selected and fitted)", "Stone_Shape": [ "Prism" ], "Special_Features": [ "Opening in wall" ], "Surveyor_Name": "Patrick", "Comments": "", "Photo_URL": "https://five.epicollect.net/api/internal/media/little-compton-wall-inventory-2025?type=photo&format=entry_original&name=1a73aca7-386b-428d-8acf-1e7d7c16e372_1776278743.jpg", "Photo_Filename": "1a73aca7-386b-428d-8acf-1e7d7c16e372_1776278743.jpg" }, "geometry": { "type": "Point", "coordinates": [ -71.163625, 41.541495 ] } },
{ "type": "Feature", "properties": { "entry_id": "8f438425-cc26-4bab-af5b-50dd9b60af68", "created_at": "2026-04-15T18:45:09Z", "gps_accuracy_m": 7.0, "Wall_Condition": "Good", "Vegetation_Cover": "Quite covered (50-75% covered)", "Wall_Type": "Laid (carefully selected and fitted)", "Stone_Shape": [ "Prism" ], "Special_Features": [ "Opening in wall" ], "Surveyor_Name": "Patrick", "Comments": "", "Photo_URL": "https://five.epicollect.net/api/internal/media/little-compton-wall-inventory-2025?type=photo&format=entry_original&name=8f438425-cc26-4bab-af5b-50dd9b60af68_1776278680.jpg", "Photo_Filename": "8f438425-cc26-4bab-af5b-50dd9b60af68_1776278680.jpg" }, "geometry": { "type": "Point", "coordinates": [ -71.163359, 41.541208 ] } },
{ "type": "Feature", "properties": { "entry_id": "aabe4ad1-3a0e-4836-9f7a-56e314c6aaf1", "created_at": "2026-04-15T18:44:13Z", "gps_accuracy_m": 4.0, "Wall_Condition": "Good", "Vegetation_Cover": "Some overgrowth (25-50% covered)", "Wall_Type": "Laid (carefully selected and fitted)", "Stone_Shape": [ "Prism" ], "Special_Features": [ "Opening in wall" ], "Surveyor_Name": "Patrick", "Comments": "", "Photo_URL": "https://five.epicollect.net/api/internal/media/little-compton-wall-inventory-2025?type=photo&format=entry_original&name=aabe4ad1-3a0e-4836-9f7a-56e314c6aaf1_1776278627.jpg", "Photo_Filename": "aabe4ad1-3a0e-4836-9f7a-56e314c6aaf1_1776278627.jpg" }, "geometry": { "type": "Point", "coordinates": [ -71.163352, 41.541196 ] } },
{ "type": "Feature", "properties": { "entry_id": "4bfb6f31-4029-471f-97a1-814d6435a308", "created_at": "2026-04-15T18:43:23Z", "gps_accuracy_m": 4.0, "Wall_Condition": "Good", "Vegetation_Cover": "Clear (0-25% covered)", "Wall_Type": "Laid (carefully selected and fitted)", "Stone_Shape": [ "Prism" ], "Special_Features": [ "Opening in wall" ], "Surveyor_Name": "Patrick", "Comments": "", "Photo_URL": "https://five.epicollect.net/api/internal/media/little-compton-wall-inventory-2025?type=photo&format=entry_original&name=4bfb6f31-4029-471f-97a1-814d6435a308_1776278577.jpg", "Photo_Filename": "4bfb6f31-4029-471f-97a1-814d6435a308_1776278577.jpg" }, "geometry": { "type": "Point", "coordinates": [ -71.163344, 41.541184 ] } },
{ "type": "Feature", "properties": { "entry_id": "8a21dbdb-bc97-4e6d-b22c-3c72548e57da", "created_at": "2026-04-15T18:42:30Z", "gps_accuracy_m": 6.0, "Wall_Condition": "Good", "Vegetation_Cover": "Clear (0-25% covered)", "Wall_Type": "Laid (carefully selected and fitted)", "Stone_Shape": [ "Prism" ], "Special_Features": [ "Opening in wall" ], "Surveyor_Name": "Patrick", "Comments": "", "Photo_URL": "https://five.epicollect.net/api/internal/media/little-compton-wall-inventory-2025?type=photo&format=entry_original&name=8a21dbdb-bc97-4e6d-b22c-3c72548e57da_1776278525.jpg", "Photo_Filename": "8a21dbdb-bc97-4e6d-b22c-3c72548e57da_1776278525.jpg" }, "geometry": { "type": "Point", "coordinates": [ -71.163334, 41.541164 ] } },
{ "type": "Feature", "properties": { "entry_id": "c4c17226-19a8-4d95-889f-f421d9595d15", "created_at": "2026-04-15T18:41:31Z", "gps_accuracy_m": 8.0, "Wall_Condition": "Good", "Vegetation_Cover": "Clear (0-25% covered)", "Wall_Type": "Laid (carefully selected and fitted)", "Stone_Shape": [ "Prism" ], "Special_Features": [ "Opening in wall" ], "Surveyor_Name": "Patrick", "Comments": "", "Photo_URL": "https://five.epicollect.net/api/internal/media/little-compton-wall-inventory-2025?type=photo&format=entry_original&name=c4c17226-19a8-4d95-889f-f421d9595d15_1776278436.jpg", "Photo_Filename": "c4c17226-19a8-4d95-889f-f421d9595d15_1776278436.jpg" }, "geometry": { "type": "Point", "coordinates": [ -71.163318, 41.54111 ] } },
{ "type": "Feature", "properties": { "entry_id": "2b66dc6d-7703-465b-8452-0aa8ca34c79e", "created_at": "2026-04-15T18:39:58Z", "gps_accuracy_m": 58.0, "Wall_Condition": "Good", "Vegetation_Cover": "Clear (0-25% covered)", "Wall_Type": "Laid (carefully selected and fitted)", "Stone_Shape": [ "Prism" ], "Special_Features": [ "Opening in wall" ], "Surveyor_Name": "Patrick", "Comments": "", "Photo_URL": "https://five.epicollect.net/api/internal/media/little-compton-wall-inventory-2025?type=photo&format=entry_original&name=2b66dc6d-7703-465b-8452-0aa8ca34c79e_1776278370.jpg", "Photo_Filename": "2b66dc6d-7703-465b-8452-0aa8ca34c79e_1776278370.jpg" }, "geometry": { "type": "Point", "coordinates": [ -71.163328, 41.541102 ] } },
{ "type": "Feature", "properties": { "entry_id": "5226ef45-4246-4b04-8216-c2e56e945e59", "created_at": "2026-04-15T18:38:09Z", "gps_accuracy_m": 5.0, "Wall_Condition": "Good", "Vegetation_Cover": "Clear (0-25% covered)", "Wall_Type": "Laid (carefully selected and fitted)", "Stone_Shape": [ "Prism" ], "Special_Features": [ "Opening in wall" ], "Surveyor_Name": "Patrick", "Comments": "", "Photo_URL": "https://five.epicollect.net/api/internal/media/little-compton-wall-inventory-2025?type=photo&format=entry_original&name=5226ef45-4246-4b04-8216-c2e56e945e59_1776278262.jpg", "Photo_Filename": "5226ef45-4246-4b04-8216-c2e56e945e59_1776278262.jpg" }, "geometry": { "type": "Point", "coordinates": [ -71.163887, 41.541101 ] } },
{ "type": "Feature", "properties": { "entry_id": "88909392-ad2c-4d59-9e60-c5d53b05843a", "created_at": "2026-04-15T18:37:13Z", "gps_accuracy_m": 6.0, "Wall_Condition": "Good", "Vegetation_Cover": "Clear (0-25% covered)", "Wall_Type": "Laid (carefully selected and fitted)", "Stone_Shape": [ "Prism" ], "Special_Features": [ "Opening in wall" ], "Surveyor_Name": "Patrick", "Comments": "", "Photo_URL": "https://five.epicollect.net/api/internal/media/little-compton-wall-inventory-2025?type=photo&format=entry_original&name=88909392-ad2c-4d59-9e60-c5d53b05843a_1776278208.jpg", "Photo_Filename": "88909392-ad2c-4d59-9e60-c5d53b05843a_1776278208.jpg" }, "geometry": { "type": "Point", "coordinates": [ -71.163899, 41.541111 ] } },
{ "type": "Feature", "properties": { "entry_id": "5dfc092c-0772-4f8e-a69f-22bbd72e3ef7", "created_at": "2026-04-15T18:36:17Z", "gps_accuracy_m": 7.0, "Wall_Condition": "Good", "Vegetation_Cover": "Clear (0-25% covered)", "Wall_Type": "Laid (carefully selected and fitted)", "Stone_Shape": [ "Prism" ], "Special_Features": [ "Opening in wall" ], "Surveyor_Name": "Patrick", "Comments": "", "Photo_URL": "https://five.epicollect.net/api/internal/media/little-compton-wall-inventory-2025?type=photo&format=entry_original&name=5dfc092c-0772-4f8e-a69f-22bbd72e3ef7_1776278148.jpg", "Photo_Filename": "5dfc092c-0772-4f8e-a69f-22bbd72e3ef7_1776278148.jpg" }, "geometry": { "type": "Point", "coordinates": [ -71.163914, 41.541289 ] } },
{ "type": "Feature", "properties": { "entry_id": "f2226223-d1c4-442c-abb6-f4d883669ef7", "created_at": "2026-04-15T18:34:58Z", "gps_accuracy_m": 6.0, "Wall_Condition": "Good", "Vegetation_Cover": "Clear (0-25% covered)", "Wall_Type": "Laid (carefully selected and fitted)", "Stone_Shape": [ "Prism" ], "Special_Features": [ "Opening in wall" ], "Surveyor_Name": "Patrick", "Comments": "", "Photo_URL": "https://five.epicollect.net/api/internal/media/little-compton-wall-inventory-2025?type=photo&format=entry_original&name=f2226223-d1c4-442c-abb6-f4d883669ef7_1776278031.jpg", "Photo_Filename": "f2226223-d1c4-442c-abb6-f4d883669ef7_1776278031.jpg" }, "geometry": { "type": "Point", "coordinates": [ -71.163934, 41.541315 ] } },
{ "type": "Feature", "properties": { "entry_id": "4e320f3a-80cd-4850-8af6-95a8467d452e", "created_at": "2026-04-15T18:33:23Z", "gps_accuracy_m": 3.0, "Wall_Condition": "Good", "Vegetation_Cover": "Clear (0-25% covered)", "Wall_Type": "Laid (carefully selected and fitted)", "Stone_Shape": [ "Prism" ], "Special_Features": [ "Opening in wall" ], "Surveyor_Name": "Patrick", "Comments": "", "Photo_URL": "https://five.epicollect.net/api/internal/media/little-compton-wall-inventory-2025?type=photo&format=entry_original&name=4e320f3a-80cd-4850-8af6-95a8467d452e_1776277963.jpg", "Photo_Filename": "4e320f3a-80cd-4850-8af6-95a8467d452e_1776277963.jpg" }, "geometry": { "type": "Point", "coordinates": [ -71.16392, 41.541362 ] } },
{ "type": "Feature", "properties": { "entry_id": "7a9b8259-2e15-4073-a905-a389d50c5bda", "created_at": "2026-04-15T18:32:14Z", "gps_accuracy_m": 24.0, "Wall_Condition": "Good", "Vegetation_Cover": "Some overgrowth (25-50% covered)", "Wall_Type": "Laid (carefully selected and fitted)", "Stone_Shape": [ "Prism" ], "Special_Features": [ "Opening in wall" ], "Surveyor_Name": "Patrick", "Comments": "", "Photo_URL": "https://five.epicollect.net/api/internal/media/little-compton-wall-inventory-2025?type=photo&format=entry_original&name=7a9b8259-2e15-4073-a905-a389d50c5bda_1776277870.jpg", "Photo_Filename": "7a9b8259-2e15-4073-a905-a389d50c5bda_1776277870.jpg" }, "geometry": { "type": "Point", "coordinates": [ -71.163887, 41.541509 ] } },
{ "type": "Feature", "properties": { "entry_id": "7ef86069-1b0d-48ef-84e1-e674494b7b0a", "created_at": "2026-04-14T20:28:42Z", "gps_accuracy_m": 13.0, "Wall_Condition": "Good", "Vegetation_Cover": "Clear (0-25% covered)", "Wall_Type": "Laid (carefully selected and fitted)", "Stone_Shape": [ "Ball", "Slab", "Pillow", "Tablet" ], "Special_Features": [ ], "Surveyor_Name": "Mary Truslow", "Comments": "", "Photo_URL": "https://five.epicollect.net/api/internal/media/little-compton-wall-inventory-2025?type=photo&format=entry_original&name=7ef86069-1b0d-48ef-84e1-e674494b7b0a_1776198477.jpg", "Photo_Filename": "7ef86069-1b0d-48ef-84e1-e674494b7b0a_1776198477.jpg" }, "geometry": { "type": "Point", "coordinates": [ -71.188137, 41.508267 ] } },
{ "type": "Feature", "properties": { "entry_id": "2ae72d24-a667-44bd-9e9b-4098d17b99c8", "created_at": "2026-04-14T20:16:55Z", "gps_accuracy_m": 5.0, "Wall_Condition": "Good", "Vegetation_Cover": "Clear (0-25% covered)", "Wall_Type": "Stacked (stones placed loosely)", "Stone_Shape": [ "Ball", "Slab", "Pillow", "Tablet" ], "Special_Features": [ ], "Surveyor_Name": "Mary Truslow", "Comments": "", "Photo_URL": "https://five.epicollect.net/api/internal/media/little-compton-wall-inventory-2025?type=photo&format=entry_original&name=2ae72d24-a667-44bd-9e9b-4098d17b99c8_1776197783.jpg", "Photo_Filename": "2ae72d24-a667-44bd-9e9b-4098d17b99c8_1776197783.jpg" }, "geometry": { "type": "Point", "coordinates": [ -71.188103, 41.508251 ] } },
{ "type": "Feature", "properties": { "entry_id": "afc7f009-46f0-4a87-acae-8b09e6a04dcf", "created_at": "2026-04-14T20:15:39Z", "gps_accuracy_m": 4.0, "Wall_Condition": "Good", "Vegetation_Cover": "Clear (0-25% covered)", "Wall_Type": "Laid (carefully selected and fitted)", "Stone_Shape": [ "Ball", "Slab", "Pillow", "Tablet" ], "Special_Features": [ ], "Surveyor_Name": "Mary Truslow", "Comments": "", "Photo_URL": "https://five.epicollect.net/api/internal/media/little-compton-wall-inventory-2025?type=photo&format=entry_original&name=afc7f009-46f0-4a87-acae-8b09e6a04dcf_1776197704.jpg", "Photo_Filename": "afc7f009-46f0-4a87-acae-8b09e6a04dcf_1776197704.jpg" }, "geometry": { "type": "Point", "coordinates": [ -71.188031, 41.508268 ] } },
{ "type": "Feature", "properties": { "entry_id": "d23368de-ea1f-442d-8759-6e5b142feffa", "created_at": "2026-04-14T20:14:14Z", "gps_accuracy_m": 7.0, "Wall_Condition": "Good", "Vegetation_Cover": "Clear (0-25% covered)", "Wall_Type": "Laid (carefully selected and fitted)", "Stone_Shape": [ "Ball", "Slab", "Pillow", "Tablet" ], "Special_Features": [ ], "Surveyor_Name": "Mary Truslow", "Comments": "", "Photo_URL": "https://five.epicollect.net/api/internal/media/little-compton-wall-inventory-2025?type=photo&format=entry_original&name=d23368de-ea1f-442d-8759-6e5b142feffa_1776197620.jpg", "Photo_Filename": "d23368de-ea1f-442d-8759-6e5b142feffa_1776197620.jpg" }, "geometry": { "type": "Point", "coordinates": [ -71.188031, 41.508227 ] } },
{ "type": "Feature", "properties": { "entry_id": "4b100ddd-329a-40fd-b43d-deb46b36eaf6", "created_at": "2026-04-14T20:12:53Z", "gps_accuracy_m": 5.0, "Wall_Condition": "Good", "Vegetation_Cover": "Clear (0-25% covered)", "Wall_Type": "Stacked (stones placed loosely)", "Stone_Shape": [ "Ball", "Slab", "Pillow", "Tablet" ], "Special_Features": [ "Opening in wall" ], "Surveyor_Name": "Mary Truslow", "Comments": "", "Photo_URL": "https://five.epicollect.net/api/internal/media/little-compton-wall-inventory-2025?type=photo&format=entry_original&name=4b100ddd-329a-40fd-b43d-deb46b36eaf6_1776197542.jpg", "Photo_Filename": "4b100ddd-329a-40fd-b43d-deb46b36eaf6_1776197542.jpg" }, "geometry": { "type": "Point", "coordinates": [ -71.187884, 41.508141 ] } },
{ "type": "Feature", "properties": { "entry_id": "88e79859-6ffd-455e-a66e-54a436908406", "created_at": "2026-04-14T20:11:36Z", "gps_accuracy_m": 5.0, "Wall_Condition": "Good", "Vegetation_Cover": "Some overgrowth (25-50% covered)", "Wall_Type": "Stacked (stones placed loosely)", "Stone_Shape": [ "Ball", "Slab", "Pillow", "Tablet" ], "Special_Features": [ ], "Surveyor_Name": "Mary Truslow", "Comments": "", "Photo_URL": "https://five.epicollect.net/api/internal/media/little-compton-wall-inventory-2025?type=photo&format=entry_original&name=88e79859-6ffd-455e-a66e-54a436908406_1776197454.jpg", "Photo_Filename": "88e79859-6ffd-455e-a66e-54a436908406_1776197454.jpg" }, "geometry": { "type": "Point", "coordinates": [ -71.187908, 41.508105 ] } },
{ "type": "Feature", "properties": { "entry_id": "33cc4744-cfd0-4666-bbc0-95423ab41237", "created_at": "2026-04-14T20:05:12Z", "gps_accuracy_m": 5.0, "Wall_Condition": "Good", "Vegetation_Cover": "Clear (0-25% covered)", "Wall_Type": "Stacked (stones placed loosely)", "Stone_Shape": [ "Ball", "Slab", "Pillow", "Tablet" ], "Special_Features": [ ], "Surveyor_Name": "Mary Truslow", "Comments": "", "Photo_URL": "https://five.epicollect.net/api/internal/media/little-compton-wall-inventory-2025?type=photo&format=entry_original&name=33cc4744-cfd0-4666-bbc0-95423ab41237_1776197064.jpg", "Photo_Filename": "33cc4744-cfd0-4666-bbc0-95423ab41237_1776197064.jpg" }, "geometry": { "type": "Point", "coordinates": [ -71.187844, 41.50806 ] } },
{ "type": "Feature", "properties": { "entry_id": "5ccb963b-9dc9-4cbc-a504-ccff3d408a82", "created_at": "2026-04-14T20:03:35Z", "gps_accuracy_m": 5.0, "Wall_Condition": "Good", "Vegetation_Cover": "Some overgrowth (25-50% covered)", "Wall_Type": "Stacked (stones placed loosely)", "Stone_Shape": [ "Ball", "Slab", "Pillow", "Tablet" ], "Special_Features": [ ], "Surveyor_Name": "Mary Truslow", "Comments": "", "Photo_URL": "https://five.epicollect.net/api/internal/media/little-compton-wall-inventory-2025?type=photo&format=entry_original&name=5ccb963b-9dc9-4cbc-a504-ccff3d408a82_1776196978.jpg", "Photo_Filename": "5ccb963b-9dc9-4cbc-a504-ccff3d408a82_1776196978.jpg" }, "geometry": { "type": "Point", "coordinates": [ -71.187828, 41.508028 ] } },
{ "type": "Feature", "properties": { "entry_id": "c7a18f8d-71de-471e-9769-3e9c075426ba", "created_at": "2026-04-14T20:02:02Z", "gps_accuracy_m": 5.0, "Wall_Condition": "Good", "Vegetation_Cover": "Some overgrowth (25-50% covered)", "Wall_Type": "Stacked (stones placed loosely)", "Stone_Shape": [ "Slab", "Ball", "Pillow", "Tablet" ], "Special_Features": [ ], "Surveyor_Name": "Mary Truslow", "Comments": "", "Photo_URL": "https://five.epicollect.net/api/internal/media/little-compton-wall-inventory-2025?type=photo&format=entry_original&name=c7a18f8d-71de-471e-9769-3e9c075426ba_1776196875.jpg", "Photo_Filename": "c7a18f8d-71de-471e-9769-3e9c075426ba_1776196875.jpg" }, "geometry": { "type": "Point", "coordinates": [ -71.18781, 41.50797 ] } },
{ "type": "Feature", "properties": { "entry_id": "a4c81996-c9d4-4347-92b9-5e0007c5dc6c", "created_at": "2026-04-14T20:00:15Z", "gps_accuracy_m": 4.0, "Wall_Condition": "Good", "Vegetation_Cover": "Some overgrowth (25-50% covered)", "Wall_Type": "Stacked (stones placed loosely)", "Stone_Shape": [ "Ball", "Pillow", "Tablet", "Slab" ], "Special_Features": [ "Flat top", "Other (add comment)" ], "Surveyor_Name": "Mary Truslow", "Comments": "50/50 split at property line between well fitted and loose", "Photo_URL": "https://five.epicollect.net/api/internal/media/little-compton-wall-inventory-2025?type=photo&format=entry_original&name=a4c81996-c9d4-4347-92b9-5e0007c5dc6c_1776196741.jpg", "Photo_Filename": "a4c81996-c9d4-4347-92b9-5e0007c5dc6c_1776196741.jpg" }, "geometry": { "type": "Point", "coordinates": [ -71.187732, 41.507955 ] } },
{ "type": "Feature", "properties": { "entry_id": "bb25229b-289e-404c-8792-206e44472061", "created_at": "2026-04-14T19:57:51Z", "gps_accuracy_m": 11.0, "Wall_Condition": "Good", "Vegetation_Cover": "Clear (0-25% covered)", "Wall_Type": "Laid (carefully selected and fitted)", "Stone_Shape": [ "Ball", "Slab", "Pillow", "Tablet" ], "Special_Features": [ "Flat top" ], "Surveyor_Name": "Mary Truslow", "Comments": "", "Photo_URL": "https://five.epicollect.net/api/internal/media/little-compton-wall-inventory-2025?type=photo&format=entry_original&name=bb25229b-289e-404c-8792-206e44472061_1776196636.jpg", "Photo_Filename": "bb25229b-289e-404c-8792-206e44472061_1776196636.jpg" }, "geometry": { "type": "Point", "coordinates": [ -71.187595, 41.507729 ] } },
{ "type": "Feature", "properties": { "entry_id": "ff91f4c5-c57a-4697-a6d7-ab336e12e306", "created_at": "2026-04-14T19:56:23Z", "gps_accuracy_m": 12.0, "Wall_Condition": "Good", "Vegetation_Cover": "Clear (0-25% covered)", "Wall_Type": "Laid (carefully selected and fitted)", "Stone_Shape": [ "Ball", "Slab", "Pillow", "Tablet" ], "Special_Features": [ "Flat top" ], "Surveyor_Name": "Mary Truslow", "Comments": "", "Photo_URL": "https://five.epicollect.net/api/internal/media/little-compton-wall-inventory-2025?type=photo&format=entry_original&name=ff91f4c5-c57a-4697-a6d7-ab336e12e306_1776196555.jpg", "Photo_Filename": "ff91f4c5-c57a-4697-a6d7-ab336e12e306_1776196555.jpg" }, "geometry": { "type": "Point", "coordinates": [ -71.18755, 41.507715 ] } },
{ "type": "Feature", "properties": { "entry_id": "d4f27229-ed60-4485-a737-940a2364cfbb", "created_at": "2026-04-14T19:55:09Z", "gps_accuracy_m": 13.0, "Wall_Condition": "Good", "Vegetation_Cover": "Clear (0-25% covered)", "Wall_Type": "Laid (carefully selected and fitted)", "Stone_Shape": [ "Ball", "Slab", "Pillow", "Tablet" ], "Special_Features": [ "Flat top" ], "Surveyor_Name": "Mary Truslow", "Comments": "", "Photo_URL": "https://five.epicollect.net/api/internal/media/little-compton-wall-inventory-2025?type=photo&format=entry_original&name=d4f27229-ed60-4485-a737-940a2364cfbb_1776196474.jpg", "Photo_Filename": "d4f27229-ed60-4485-a737-940a2364cfbb_1776196474.jpg" }, "geometry": { "type": "Point", "coordinates": [ -71.187572, 41.507721 ] } },
{ "type": "Feature", "properties": { "entry_id": "adc1eaf0-4113-41ee-b94b-fb2fac571257", "created_at": "2026-04-14T19:53:39Z", "gps_accuracy_m": 3.0, "Wall_Condition": "Good", "Vegetation_Cover": "Some overgrowth (25-50% covered)", "Wall_Type": "Laid (carefully selected and fitted)", "Stone_Shape": [ "Ball", "Slab", "Pillow", "Tablet" ], "Special_Features": [ "Flat top" ], "Surveyor_Name": "Mary Truslow", "Comments": "", "Photo_URL": "https://five.epicollect.net/api/internal/media/little-compton-wall-inventory-2025?type=photo&format=entry_original&name=adc1eaf0-4113-41ee-b94b-fb2fac571257_1776196336.jpg", "Photo_Filename": "adc1eaf0-4113-41ee-b94b-fb2fac571257_1776196336.jpg" }, "geometry": { "type": "Point", "coordinates": [ -71.187508, 41.507787 ] } },
{ "type": "Feature", "properties": { "entry_id": "40e02df9-f201-4de7-9419-436cca501d5f", "created_at": "2026-04-14T19:51:30Z", "gps_accuracy_m": 3.0, "Wall_Condition": "Good", "Vegetation_Cover": "Clear (0-25% covered)", "Wall_Type": "Laid (carefully selected and fitted)", "Stone_Shape": [ "Ball", "Slab", "Pillow", "Tablet" ], "Special_Features": [ "Flat top" ], "Surveyor_Name": "Mary Truslow", "Comments": "", "Photo_URL": "https://five.epicollect.net/api/internal/media/little-compton-wall-inventory-2025?type=photo&format=entry_original&name=40e02df9-f201-4de7-9419-436cca501d5f_1776196263.jpg", "Photo_Filename": "40e02df9-f201-4de7-9419-436cca501d5f_1776196263.jpg" }, "geometry": { "type": "Point", "coordinates": [ -71.187479, 41.507687 ] } },
{ "type": "Feature", "properties": { "entry_id": "85ea9ed2-157c-4cdc-99f2-8f4eb2b899b4", "created_at": "2026-04-14T19:49:49Z", "gps_accuracy_m": 2.0, "Wall_Condition": "Good", "Vegetation_Cover": "Clear (0-25% covered)", "Wall_Type": "Laid (carefully selected and fitted)", "Stone_Shape": [ "Ball", "Slab", "Pillow", "Tablet" ], "Special_Features": [ "Flat top" ], "Surveyor_Name": "Mary Truslow", "Comments": "", "Photo_URL": "https://five.epicollect.net/api/internal/media/little-compton-wall-inventory-2025?type=photo&format=entry_original&name=85ea9ed2-157c-4cdc-99f2-8f4eb2b899b4_1776196144.jpg", "Photo_Filename": "85ea9ed2-157c-4cdc-99f2-8f4eb2b899b4_1776196144.jpg" }, "geometry": { "type": "Point", "coordinates": [ -71.187367, 41.507702 ] } },
{ "type": "Feature", "properties": { "entry_id": "79fa6ec2-a30a-4554-9aab-aa2ee183e2bb", "created_at": "2026-04-14T19:48:09Z", "gps_accuracy_m": 17.0, "Wall_Condition": "Good", "Vegetation_Cover": "Clear (0-25% covered)", "Wall_Type": "Laid (carefully selected and fitted)", "Stone_Shape": [ "Ball", "Slab", "Pillow", "Tablet" ], "Special_Features": [ "Flat top", "Opening in wall" ], "Surveyor_Name": "Mary Truslow", "Comments": "", "Photo_URL": "https://five.epicollect.net/api/internal/media/little-compton-wall-inventory-2025?type=photo&format=entry_original&name=79fa6ec2-a30a-4554-9aab-aa2ee183e2bb_1776196060.jpg", "Photo_Filename": "79fa6ec2-a30a-4554-9aab-aa2ee183e2bb_1776196060.jpg" }, "geometry": { "type": "Point", "coordinates": [ -71.18751, 41.507602 ] } },
{ "type": "Feature", "properties": { "entry_id": "2f018fa0-c17d-4c38-aedd-2125ac03a279", "created_at": "2026-04-14T19:46:48Z", "gps_accuracy_m": 4.0, "Wall_Condition": "Good", "Vegetation_Cover": "Clear (0-25% covered)", "Wall_Type": "Laid (carefully selected and fitted)", "Stone_Shape": [ "Ball", "Slab", "Pillow", "Tablet" ], "Special_Features": [ "Flat top", "Opening in wall" ], "Surveyor_Name": "Mary Truslow", "Comments": "", "Photo_URL": "https://five.epicollect.net/api/internal/media/little-compton-wall-inventory-2025?type=photo&format=entry_original&name=2f018fa0-c17d-4c38-aedd-2125ac03a279_1776195974.jpg", "Photo_Filename": "2f018fa0-c17d-4c38-aedd-2125ac03a279_1776195974.jpg" }, "geometry": { "type": "Point", "coordinates": [ -71.187344, 41.507613 ] } },
{ "type": "Feature", "properties": { "entry_id": "3fca72a6-ce05-4811-8731-a5a52e16173b", "created_at": "2026-04-14T19:45:21Z", "gps_accuracy_m": 8.0, "Wall_Condition": "Good", "Vegetation_Cover": "Clear (0-25% covered)", "Wall_Type": "Laid (carefully selected and fitted)", "Stone_Shape": [ "Ball", "Slab", "Pillow", "Tablet" ], "Special_Features": [ "Flat top", "Opening in wall" ], "Surveyor_Name": "Mary Truslow", "Comments": "", "Photo_URL": "https://five.epicollect.net/api/internal/media/little-compton-wall-inventory-2025?type=photo&format=entry_original&name=3fca72a6-ce05-4811-8731-a5a52e16173b_1776195892.jpg", "Photo_Filename": "3fca72a6-ce05-4811-8731-a5a52e16173b_1776195892.jpg" }, "geometry": { "type": "Point", "coordinates": [ -71.187299, 41.50756 ] } },
{ "type": "Feature", "properties": { "entry_id": "b9883cb1-a852-42e1-abfc-057aeda1c9bd", "created_at": "2026-04-14T19:43:53Z", "gps_accuracy_m": 4.0, "Wall_Condition": "Good", "Vegetation_Cover": "Clear (0-25% covered)", "Wall_Type": "Laid (carefully selected and fitted)", "Stone_Shape": [ "Ball", "Slab", "Pillow", "Tablet" ], "Special_Features": [ "Flat top" ], "Surveyor_Name": "Mary Truslow", "Comments": "", "Photo_URL": "https://five.epicollect.net/api/internal/media/little-compton-wall-inventory-2025?type=photo&format=entry_original&name=b9883cb1-a852-42e1-abfc-057aeda1c9bd_1776195801.jpg", "Photo_Filename": "b9883cb1-a852-42e1-abfc-057aeda1c9bd_1776195801.jpg" }, "geometry": { "type": "Point", "coordinates": [ -71.187257, 41.507598 ] } },
{ "type": "Feature", "properties": { "entry_id": "f20b0300-5853-41b1-b0c2-5b1816cd5894", "created_at": "2026-04-14T19:39:28Z", "gps_accuracy_m": 13.0, "Wall_Condition": "Good", "Vegetation_Cover": "Clear (0-25% covered)", "Wall_Type": "Laid (carefully selected and fitted)", "Stone_Shape": [ "Ball", "Slab", "Pillow", "Tablet" ], "Special_Features": [ "Flat top" ], "Surveyor_Name": "Mary Truslow", "Comments": "", "Photo_URL": "https://five.epicollect.net/api/internal/media/little-compton-wall-inventory-2025?type=photo&format=entry_original&name=f20b0300-5853-41b1-b0c2-5b1816cd5894_1776195537.jpg", "Photo_Filename": "f20b0300-5853-41b1-b0c2-5b1816cd5894_1776195537.jpg" }, "geometry": { "type": "Point", "coordinates": [ -71.18733, 41.507555 ] } },
{ "type": "Feature", "properties": { "entry_id": "a1537f1a-8976-41c4-b273-8fc48fc6ce51", "created_at": "2026-04-14T19:38:10Z", "gps_accuracy_m": 9.0, "Wall_Condition": "Good", "Vegetation_Cover": "Clear (0-25% covered)", "Wall_Type": "Stacked (stones placed loosely)", "Stone_Shape": [ "Ball", "Slab", "Pillow", "Tablet" ], "Special_Features": [ ], "Surveyor_Name": "Mary Truslow", "Comments": "", "Photo_URL": "https://five.epicollect.net/api/internal/media/little-compton-wall-inventory-2025?type=photo&format=entry_original&name=a1537f1a-8976-41c4-b273-8fc48fc6ce51_1776195456.jpg", "Photo_Filename": "a1537f1a-8976-41c4-b273-8fc48fc6ce51_1776195456.jpg" }, "geometry": { "type": "Point", "coordinates": [ -71.187256, 41.507504 ] } },
{ "type": "Feature", "properties": { "entry_id": "bb065011-84bf-4de3-a16d-d64965b4ff2b", "created_at": "2026-04-14T19:36:43Z", "gps_accuracy_m": 9.0, "Wall_Condition": "Good", "Vegetation_Cover": "Clear (0-25% covered)", "Wall_Type": "Stacked (stones placed loosely)", "Stone_Shape": [ "Ball", "Slab", "Pillow", "Tablet" ], "Special_Features": [ ], "Surveyor_Name": "Mary Truslow", "Comments": "", "Photo_URL": "https://five.epicollect.net/api/internal/media/little-compton-wall-inventory-2025?type=photo&format=entry_original&name=bb065011-84bf-4de3-a16d-d64965b4ff2b_1776195370.jpg", "Photo_Filename": "bb065011-84bf-4de3-a16d-d64965b4ff2b_1776195370.jpg" }, "geometry": { "type": "Point", "coordinates": [ -71.187245, 41.507473 ] } },
{ "type": "Feature", "properties": { "entry_id": "45e4e869-e245-4438-9db4-c50d2719dbb9", "created_at": "2026-04-14T19:35:30Z", "gps_accuracy_m": 9.0, "Wall_Condition": "Good", "Vegetation_Cover": "Clear (0-25% covered)", "Wall_Type": "Stacked (stones placed loosely)", "Stone_Shape": [ "Ball", "Slab", "Pillow", "Tablet" ], "Special_Features": [ ], "Surveyor_Name": "Mary Truslow", "Comments": "", "Photo_URL": "https://five.epicollect.net/api/internal/media/little-compton-wall-inventory-2025?type=photo&format=entry_original&name=45e4e869-e245-4438-9db4-c50d2719dbb9_1776195302.jpg", "Photo_Filename": "45e4e869-e245-4438-9db4-c50d2719dbb9_1776195302.jpg" }, "geometry": { "type": "Point", "coordinates": [ -71.187157, 41.507457 ] } },
{ "type": "Feature", "properties": { "entry_id": "aedffebd-a1e9-4592-ba31-27a6885d7714", "created_at": "2026-04-14T19:34:17Z", "gps_accuracy_m": 13.0, "Wall_Condition": "Good", "Vegetation_Cover": "Clear (0-25% covered)", "Wall_Type": "Stacked (stones placed loosely)", "Stone_Shape": [ "Ball", "Slab", "Pillow", "Tablet" ], "Special_Features": [ ], "Surveyor_Name": "Mary Truslow", "Comments": "", "Photo_URL": "https://five.epicollect.net/api/internal/media/little-compton-wall-inventory-2025?type=photo&format=entry_original&name=aedffebd-a1e9-4592-ba31-27a6885d7714_1776195229.jpg", "Photo_Filename": "aedffebd-a1e9-4592-ba31-27a6885d7714_1776195229.jpg" }, "geometry": { "type": "Point", "coordinates": [ -71.187554, 41.507581 ] } },
{ "type": "Feature", "properties": { "entry_id": "56c6f810-ec44-406d-adff-ff1c8e2c06ca", "created_at": "2026-04-14T19:32:59Z", "gps_accuracy_m": 12.0, "Wall_Condition": "Good", "Vegetation_Cover": "Clear (0-25% covered)", "Wall_Type": "Stacked (stones placed loosely)", "Stone_Shape": [ "Ball", "Slab", "Pillow", "Tablet" ], "Special_Features": [ ], "Surveyor_Name": "Mary Truslow", "Comments": "", "Photo_URL": "https://five.epicollect.net/api/internal/media/little-compton-wall-inventory-2025?type=photo&format=entry_original&name=56c6f810-ec44-406d-adff-ff1c8e2c06ca_1776195147.jpg", "Photo_Filename": "56c6f810-ec44-406d-adff-ff1c8e2c06ca_1776195147.jpg" }, "geometry": { "type": "Point", "coordinates": [ -71.187554, 41.507581 ] } },
{ "type": "Feature", "properties": { "entry_id": "b148ee7d-7590-4c2a-92e5-3d165f9ee770", "created_at": "2026-04-14T19:31:30Z", "gps_accuracy_m": 16.0, "Wall_Condition": "Good", "Vegetation_Cover": "Clear (0-25% covered)", "Wall_Type": "Laid (carefully selected and fitted)", "Stone_Shape": [ "Ball", "Slab", "Pillow", "Tablet" ], "Special_Features": [ "Opening in wall" ], "Surveyor_Name": "Mary Truslow", "Comments": "", "Photo_URL": "https://five.epicollect.net/api/internal/media/little-compton-wall-inventory-2025?type=photo&format=entry_original&name=b148ee7d-7590-4c2a-92e5-3d165f9ee770_1776195061.jpg", "Photo_Filename": "b148ee7d-7590-4c2a-92e5-3d165f9ee770_1776195061.jpg" }, "geometry": { "type": "Point", "coordinates": [ -71.187554, 41.507581 ] } },
{ "type": "Feature", "properties": { "entry_id": "10aaca62-42a6-4352-90de-b51476c27ae7", "created_at": "2026-04-14T19:30:15Z", "gps_accuracy_m": 14.0, "Wall_Condition": "Good", "Vegetation_Cover": "Clear (0-25% covered)", "Wall_Type": "Laid (carefully selected and fitted)", "Stone_Shape": [ "Ball", "Slab", "Pillow", "Tablet" ], "Special_Features": [ "Other (add comment)" ], "Surveyor_Name": "Mary Truslow", "Comments": "Slight vegetation on top", "Photo_URL": "https://five.epicollect.net/api/internal/media/little-compton-wall-inventory-2025?type=photo&format=entry_original&name=10aaca62-42a6-4352-90de-b51476c27ae7_1776194973.jpg", "Photo_Filename": "10aaca62-42a6-4352-90de-b51476c27ae7_1776194973.jpg" }, "geometry": { "type": "Point", "coordinates": [ -71.187554, 41.507581 ] } },
{ "type": "Feature", "properties": { "entry_id": "5c0edd4d-1c4d-4869-b732-bd0f124e62c4", "created_at": "2026-04-14T19:28:32Z", "gps_accuracy_m": 5.0, "Wall_Condition": "Good", "Vegetation_Cover": "Clear (0-25% covered)", "Wall_Type": "Laid (carefully selected and fitted)", "Stone_Shape": [ "Ball", "Slab", "Pillow", "Tablet" ], "Special_Features": [ "Other (add comment)" ], "Surveyor_Name": "Mary Truslow", "Comments": "Some highlights and climbing vines on wall", "Photo_URL": "https://five.epicollect.net/api/internal/media/little-compton-wall-inventory-2025?type=photo&format=entry_original&name=5c0edd4d-1c4d-4869-b732-bd0f124e62c4_1776194855.jpg", "Photo_Filename": "5c0edd4d-1c4d-4869-b732-bd0f124e62c4_1776194855.jpg" }, "geometry": { "type": "Point", "coordinates": [ -71.18689, 41.507206 ] } },
{ "type": "Feature", "properties": { "entry_id": "73fc75ab-015e-4330-ba80-d5cd7349090a", "created_at": "2026-04-14T19:26:16Z", "gps_accuracy_m": 5.0, "Wall_Condition": "Fair", "Vegetation_Cover": "Some overgrowth (25-50% covered)", "Wall_Type": "Laid (carefully selected and fitted)", "Stone_Shape": [ "Ball", "Slab", "Block", "Pillow", "Tablet" ], "Special_Features": [ "Other (add comment)" ], "Surveyor_Name": "Mary Truslow", "Comments": "Thick plant material over top of wall - ilex", "Photo_URL": "https://five.epicollect.net/api/internal/media/little-compton-wall-inventory-2025?type=photo&format=entry_original&name=73fc75ab-015e-4330-ba80-d5cd7349090a_1776194701.jpg", "Photo_Filename": "73fc75ab-015e-4330-ba80-d5cd7349090a_1776194701.jpg" }, "geometry": { "type": "Point", "coordinates": [ -71.186756, 41.507139 ] } },
{ "type": "Feature", "properties": { "entry_id": "55aac8f8-87c9-4136-a4a3-b489a3a2f7c0", "created_at": "2026-04-14T19:23:44Z", "gps_accuracy_m": 5.0, "Wall_Condition": "Good", "Vegetation_Cover": "Clear (0-25% covered)", "Wall_Type": "Laid (carefully selected and fitted)", "Stone_Shape": [ "Ball", "Slab", "Block", "Pillow", "Tablet" ], "Special_Features": [ "Other (add comment)" ], "Surveyor_Name": "Mary Truslow", "Comments": "Deadtree matter on either side of Stonewall", "Photo_URL": "https://five.epicollect.net/api/internal/media/little-compton-wall-inventory-2025?type=photo&format=entry_original&name=55aac8f8-87c9-4136-a4a3-b489a3a2f7c0_1776194548.jpg", "Photo_Filename": "55aac8f8-87c9-4136-a4a3-b489a3a2f7c0_1776194548.jpg" }, "geometry": { "type": "Point", "coordinates": [ -71.186739, 41.507098 ] } },
{ "type": "Feature", "properties": { "entry_id": "9dad4bd2-95f3-4ccd-ac9e-f19fe6e9d338", "created_at": "2026-04-14T19:21:08Z", "gps_accuracy_m": 4.0, "Wall_Condition": "Good", "Vegetation_Cover": "Clear (0-25% covered)", "Wall_Type": "Laid (carefully selected and fitted)", "Stone_Shape": [ "Ball", "Slab", "Block", "Pillow", "Tablet" ], "Special_Features": [ ], "Surveyor_Name": "Mary Truslow", "Comments": "", "Photo_URL": "https://five.epicollect.net/api/internal/media/little-compton-wall-inventory-2025?type=photo&format=entry_original&name=9dad4bd2-95f3-4ccd-ac9e-f19fe6e9d338_1776194438.jpg", "Photo_Filename": "9dad4bd2-95f3-4ccd-ac9e-f19fe6e9d338_1776194438.jpg" }, "geometry": { "type": "Point", "coordinates": [ -71.186713, 41.507056 ] } },
{ "type": "Feature", "properties": { "entry_id": "8be7358a-7600-4cbd-9aad-be189536c2db", "created_at": "2026-04-14T19:19:54Z", "gps_accuracy_m": 4.0, "Wall_Condition": "Good", "Vegetation_Cover": "Clear (0-25% covered)", "Wall_Type": "Laid (carefully selected and fitted)", "Stone_Shape": [ "Ball", "Slab", "Block", "Pillow", "Tablet" ], "Special_Features": [ ], "Surveyor_Name": "Mary Truslow", "Comments": "", "Photo_URL": "https://five.epicollect.net/api/internal/media/little-compton-wall-inventory-2025?type=photo&format=entry_original&name=8be7358a-7600-4cbd-9aad-be189536c2db_1776194362.jpg", "Photo_Filename": "8be7358a-7600-4cbd-9aad-be189536c2db_1776194362.jpg" }, "geometry": { "type": "Point", "coordinates": [ -71.186627, 41.507017 ] } },
{ "type": "Feature", "properties": { "entry_id": "5bdbe66f-417b-4eac-a5b2-bfbffe9b6d19", "created_at": "2026-04-14T19:18:35Z", "gps_accuracy_m": 5.0, "Wall_Condition": "Good", "Vegetation_Cover": "Clear (0-25% covered)", "Wall_Type": "Laid (carefully selected and fitted)", "Stone_Shape": [ "Ball", "Slab", "Block", "Pillow", "Tablet" ], "Special_Features": [ ], "Surveyor_Name": "Mary Truslow", "Comments": "", "Photo_URL": "https://five.epicollect.net/api/internal/media/little-compton-wall-inventory-2025?type=photo&format=entry_original&name=5bdbe66f-417b-4eac-a5b2-bfbffe9b6d19_1776194266.jpg", "Photo_Filename": "5bdbe66f-417b-4eac-a5b2-bfbffe9b6d19_1776194266.jpg" }, "geometry": { "type": "Point", "coordinates": [ -71.186618, 41.506972 ] } },
{ "type": "Feature", "properties": { "entry_id": "2519b859-ab16-42c0-ba83-96414b4518b7", "created_at": "2026-04-14T19:16:58Z", "gps_accuracy_m": 5.0, "Wall_Condition": "Good", "Vegetation_Cover": "Clear (0-25% covered)", "Wall_Type": "Laid (carefully selected and fitted)", "Stone_Shape": [ "Ball", "Slab", "Block", "Pillow", "Tablet" ], "Special_Features": [ ], "Surveyor_Name": "Mary Truslow", "Comments": "", "Photo_URL": "https://five.epicollect.net/api/internal/media/little-compton-wall-inventory-2025?type=photo&format=entry_original&name=2519b859-ab16-42c0-ba83-96414b4518b7_1776194182.jpg", "Photo_Filename": "2519b859-ab16-42c0-ba83-96414b4518b7_1776194182.jpg" }, "geometry": { "type": "Point", "coordinates": [ -71.186581, 41.506934 ] } },
{ "type": "Feature", "properties": { "entry_id": "2d2705fd-5293-4635-bbed-2b697816924f", "created_at": "2026-04-14T19:15:22Z", "gps_accuracy_m": 5.0, "Wall_Condition": "Good", "Vegetation_Cover": "Clear (0-25% covered)", "Wall_Type": "Laid (carefully selected and fitted)", "Stone_Shape": [ "Ball", "Slab", "Pillow", "Tablet", "Block" ], "Special_Features": [ ], "Surveyor_Name": "Mary Truslow", "Comments": "", "Photo_URL": "https://five.epicollect.net/api/internal/media/little-compton-wall-inventory-2025?type=photo&format=entry_original&name=2d2705fd-5293-4635-bbed-2b697816924f_1776194082.jpg", "Photo_Filename": "2d2705fd-5293-4635-bbed-2b697816924f_1776194082.jpg" }, "geometry": { "type": "Point", "coordinates": [ -71.186481, 41.506883 ] } },
{ "type": "Feature", "properties": { "entry_id": "6136a1e2-dbdb-4f98-921c-8e9c839b7db9", "created_at": "2026-04-14T19:13:46Z", "gps_accuracy_m": 4.0, "Wall_Condition": "Good", "Vegetation_Cover": "Clear (0-25% covered)", "Wall_Type": "Laid (carefully selected and fitted)", "Stone_Shape": [ "Ball", "Slab", "Block", "Pillow", "Tablet" ], "Special_Features": [ ], "Surveyor_Name": "Mary Truslow", "Comments": "", "Photo_URL": "https://five.epicollect.net/api/internal/media/little-compton-wall-inventory-2025?type=photo&format=entry_original&name=6136a1e2-dbdb-4f98-921c-8e9c839b7db9_1776193985.jpg", "Photo_Filename": "6136a1e2-dbdb-4f98-921c-8e9c839b7db9_1776193985.jpg" }, "geometry": { "type": "Point", "coordinates": [ -71.186444, 41.506853 ] } },
{ "type": "Feature", "properties": { "entry_id": "7c0449f3-9df7-43da-93a7-867bb6f361a8", "created_at": "2026-04-14T19:12:09Z", "gps_accuracy_m": 5.0, "Wall_Condition": "Good", "Vegetation_Cover": "Clear (0-25% covered)", "Wall_Type": "Laid (carefully selected and fitted)", "Stone_Shape": [ "Ball", "Pillow", "Tablet", "Slab" ], "Special_Features": [ ], "Surveyor_Name": "Mary Truslow", "Comments": "", "Photo_URL": "https://five.epicollect.net/api/internal/media/little-compton-wall-inventory-2025?type=photo&format=entry_original&name=7c0449f3-9df7-43da-93a7-867bb6f361a8_1776193891.jpg", "Photo_Filename": "7c0449f3-9df7-43da-93a7-867bb6f361a8_1776193891.jpg" }, "geometry": { "type": "Point", "coordinates": [ -71.186437, 41.506799 ] } },
{ "type": "Feature", "properties": { "entry_id": "f2c63174-a6d8-44e0-b172-f1d2f8ebb777", "created_at": "2026-04-14T19:10:44Z", "gps_accuracy_m": 4.0, "Wall_Condition": "Good", "Vegetation_Cover": "Clear (0-25% covered)", "Wall_Type": "Laid (carefully selected and fitted)", "Stone_Shape": [ "Ball", "Pillow", "Slab", "Tablet" ], "Special_Features": [ ], "Surveyor_Name": "Mary Truslow", "Comments": "", "Photo_URL": "https://five.epicollect.net/api/internal/media/little-compton-wall-inventory-2025?type=photo&format=entry_original&name=f2c63174-a6d8-44e0-b172-f1d2f8ebb777_1776193804.jpg", "Photo_Filename": "f2c63174-a6d8-44e0-b172-f1d2f8ebb777_1776193804.jpg" }, "geometry": { "type": "Point", "coordinates": [ -71.186375, 41.506762 ] } },
{ "type": "Feature", "properties": { "entry_id": "a15764f0-d94d-470b-9588-fb70df891a4b", "created_at": "2026-04-14T19:09:12Z", "gps_accuracy_m": 7.0, "Wall_Condition": "Good", "Vegetation_Cover": "Clear (0-25% covered)", "Wall_Type": "Laid (carefully selected and fitted)", "Stone_Shape": [ "Pillow", "Tablet", "Ball" ], "Special_Features": [ ], "Surveyor_Name": "Mary Truslow", "Comments": "", "Photo_URL": "https://five.epicollect.net/api/internal/media/little-compton-wall-inventory-2025?type=photo&format=entry_original&name=a15764f0-d94d-470b-9588-fb70df891a4b_1776193716.jpg", "Photo_Filename": "a15764f0-d94d-470b-9588-fb70df891a4b_1776193716.jpg" }, "geometry": { "type": "Point", "coordinates": [ -71.18629, 41.506699 ] } },
{ "type": "Feature", "properties": { "entry_id": "cccea4ec-bbb9-4a6e-824f-6716ecc2b45b", "created_at": "2026-04-14T19:07:26Z", "gps_accuracy_m": 5.0, "Wall_Condition": "Good", "Vegetation_Cover": "Clear (0-25% covered)", "Wall_Type": "Laid (carefully selected and fitted)", "Stone_Shape": [ "Pillow", "Tablet" ], "Special_Features": [ ], "Surveyor_Name": "Mary Truslow", "Comments": "", "Photo_URL": "https://five.epicollect.net/api/internal/media/little-compton-wall-inventory-2025?type=photo&format=entry_original&name=cccea4ec-bbb9-4a6e-824f-6716ecc2b45b_1776193594.jpg", "Photo_Filename": "cccea4ec-bbb9-4a6e-824f-6716ecc2b45b_1776193594.jpg" }, "geometry": { "type": "Point", "coordinates": [ -71.186315, 41.506754 ] } },
{ "type": "Feature", "properties": { "entry_id": "93cb89d5-b853-4061-9f69-681e7fd76d05", "created_at": "2026-04-14T19:05:13Z", "gps_accuracy_m": 4.0, "Wall_Condition": "Good", "Vegetation_Cover": "Clear (0-25% covered)", "Wall_Type": "Laid (carefully selected and fitted)", "Stone_Shape": [ "Slab", "Block", "Pillow", "Tablet" ], "Special_Features": [ "Flat top" ], "Surveyor_Name": "Mary Truslow", "Comments": "", "Photo_URL": "https://five.epicollect.net/api/internal/media/little-compton-wall-inventory-2025?type=photo&format=entry_original&name=93cb89d5-b853-4061-9f69-681e7fd76d05_1776193473.jpg", "Photo_Filename": "93cb89d5-b853-4061-9f69-681e7fd76d05_1776193473.jpg" }, "geometry": { "type": "Point", "coordinates": [ -71.186125, 41.506458 ] } },
{ "type": "Feature", "properties": { "entry_id": "2dc4220b-57db-4de0-aa4f-913a61b607e6", "created_at": "2026-04-14T19:03:32Z", "gps_accuracy_m": 5.0, "Wall_Condition": "Good", "Vegetation_Cover": "Clear (0-25% covered)", "Wall_Type": "Laid (carefully selected and fitted)", "Stone_Shape": [ "Slab", "Block", "Pillow", "Tablet" ], "Special_Features": [ "Flat top" ], "Surveyor_Name": "Mary Truslow", "Comments": "", "Photo_URL": "https://five.epicollect.net/api/internal/media/little-compton-wall-inventory-2025?type=photo&format=entry_original&name=2dc4220b-57db-4de0-aa4f-913a61b607e6_1776193384.jpg", "Photo_Filename": "2dc4220b-57db-4de0-aa4f-913a61b607e6_1776193384.jpg" }, "geometry": { "type": "Point", "coordinates": [ -71.186033, 41.506412 ] } },
{ "type": "Feature", "properties": { "entry_id": "9f9947f6-2cda-4265-901c-f1ef4574809d", "created_at": "2026-04-14T19:01:57Z", "gps_accuracy_m": 5.0, "Wall_Condition": "Good", "Vegetation_Cover": "Clear (0-25% covered)", "Wall_Type": "Laid (carefully selected and fitted)", "Stone_Shape": [ "Slab", "Block", "Pillow", "Tablet" ], "Special_Features": [ "Flat top" ], "Surveyor_Name": "Mary Truslow", "Comments": "", "Photo_URL": "https://five.epicollect.net/api/internal/media/little-compton-wall-inventory-2025?type=photo&format=entry_original&name=9f9947f6-2cda-4265-901c-f1ef4574809d_1776193285.jpg", "Photo_Filename": "9f9947f6-2cda-4265-901c-f1ef4574809d_1776193285.jpg" }, "geometry": { "type": "Point", "coordinates": [ -71.186008, 41.506366 ] } },
{ "type": "Feature", "properties": { "entry_id": "c3271f38-2a02-4303-8d90-9b22405affe9", "created_at": "2026-04-14T18:59:34Z", "gps_accuracy_m": 4.0, "Wall_Condition": "Good", "Vegetation_Cover": "Clear (0-25% covered)", "Wall_Type": "Laid (carefully selected and fitted)", "Stone_Shape": [ "Slab", "Block", "Pillow", "Tablet" ], "Special_Features": [ "Flat top", "Opening in wall" ], "Surveyor_Name": "Mary Truslow", "Comments": "", "Photo_URL": "https://five.epicollect.net/api/internal/media/little-compton-wall-inventory-2025?type=photo&format=entry_original&name=c3271f38-2a02-4303-8d90-9b22405affe9_1776193138.jpg", "Photo_Filename": "c3271f38-2a02-4303-8d90-9b22405affe9_1776193138.jpg" }, "geometry": { "type": "Point", "coordinates": [ -71.185965, 41.506318 ] } },
{ "type": "Feature", "properties": { "entry_id": "b4204f24-2cd1-4494-9b31-d18493c4f91f", "created_at": "2026-04-14T18:57:13Z", "gps_accuracy_m": 5.0, "Wall_Condition": "Good", "Vegetation_Cover": "Clear (0-25% covered)", "Wall_Type": "Laid (carefully selected and fitted)", "Stone_Shape": [ "Slab", "Block", "Tablet", "Pillow" ], "Special_Features": [ "Flat top", "Opening in wall" ], "Surveyor_Name": "Mary Truslow", "Comments": "", "Photo_URL": "https://five.epicollect.net/api/internal/media/little-compton-wall-inventory-2025?type=photo&format=entry_original&name=b4204f24-2cd1-4494-9b31-d18493c4f91f_1776192983.jpg", "Photo_Filename": "b4204f24-2cd1-4494-9b31-d18493c4f91f_1776192983.jpg" }, "geometry": { "type": "Point", "coordinates": [ -71.185991, 41.506255 ] } },
{ "type": "Feature", "properties": { "entry_id": "ed5badea-a3c4-4b9c-a227-1f89d226aecc", "created_at": "2026-04-14T18:55:34Z", "gps_accuracy_m": 5.0, "Wall_Condition": "Good", "Vegetation_Cover": "Clear (0-25% covered)", "Wall_Type": "Laid (carefully selected and fitted)", "Stone_Shape": [ "Slab", "Tablet" ], "Special_Features": [ "Flat top" ], "Surveyor_Name": "Mary Truslow", "Comments": "", "Photo_URL": "https://five.epicollect.net/api/internal/media/little-compton-wall-inventory-2025?type=photo&format=entry_original&name=ed5badea-a3c4-4b9c-a227-1f89d226aecc_1776192872.jpg", "Photo_Filename": "ed5badea-a3c4-4b9c-a227-1f89d226aecc_1776192872.jpg" }, "geometry": { "type": "Point", "coordinates": [ -71.185925, 41.506195 ] } },
{ "type": "Feature", "properties": { "entry_id": "da865e2b-1b88-469c-a7df-268096ce7696", "created_at": "2026-04-14T18:53:30Z", "gps_accuracy_m": 4.0, "Wall_Condition": "Good", "Vegetation_Cover": "Clear (0-25% covered)", "Wall_Type": "Laid (carefully selected and fitted)", "Stone_Shape": [ "Slab" ], "Special_Features": [ "Flat top" ], "Surveyor_Name": "Mary Truslow", "Comments": "", "Photo_URL": "https://five.epicollect.net/api/internal/media/little-compton-wall-inventory-2025?type=photo&format=entry_original&name=da865e2b-1b88-469c-a7df-268096ce7696_1776192784.jpg", "Photo_Filename": "da865e2b-1b88-469c-a7df-268096ce7696_1776192784.jpg" }, "geometry": { "type": "Point", "coordinates": [ -71.185873, 41.506168 ] } },
{ "type": "Feature", "properties": { "entry_id": "5256f398-fb45-4ede-a70a-fa751f03360a", "created_at": "2026-04-14T18:52:04Z", "gps_accuracy_m": 4.0, "Wall_Condition": "Good", "Vegetation_Cover": "Clear (0-25% covered)", "Wall_Type": "Laid (carefully selected and fitted)", "Stone_Shape": [ "Slab" ], "Special_Features": [ "Flat top" ], "Surveyor_Name": "Mary Truslow", "Comments": "", "Photo_URL": "https://five.epicollect.net/api/internal/media/little-compton-wall-inventory-2025?type=photo&format=entry_original&name=5256f398-fb45-4ede-a70a-fa751f03360a_1776192689.jpg", "Photo_Filename": "5256f398-fb45-4ede-a70a-fa751f03360a_1776192689.jpg" }, "geometry": { "type": "Point", "coordinates": [ -71.185865, 41.506126 ] } },
{ "type": "Feature", "properties": { "entry_id": "28f3d112-6b4f-4b0b-8048-749bf8d1f0e8", "created_at": "2026-04-14T18:50:26Z", "gps_accuracy_m": 5.0, "Wall_Condition": "Good", "Vegetation_Cover": "Clear (0-25% covered)", "Wall_Type": "Laid (carefully selected and fitted)", "Stone_Shape": [ "Slab" ], "Special_Features": [ "Flat top" ], "Surveyor_Name": "Mary Truslow", "Comments": "", "Photo_URL": "https://five.epicollect.net/api/internal/media/little-compton-wall-inventory-2025?type=photo&format=entry_original&name=28f3d112-6b4f-4b0b-8048-749bf8d1f0e8_1776192602.jpg", "Photo_Filename": "28f3d112-6b4f-4b0b-8048-749bf8d1f0e8_1776192602.jpg" }, "geometry": { "type": "Point", "coordinates": [ -71.185873, 41.506114 ] } },
{ "type": "Feature", "properties": { "entry_id": "9b4a25af-38df-4f6f-b748-6f22f588d0c4", "created_at": "2026-04-14T18:49:02Z", "gps_accuracy_m": 6.0, "Wall_Condition": "Good", "Vegetation_Cover": "Clear (0-25% covered)", "Wall_Type": "Laid (carefully selected and fitted)", "Stone_Shape": [ "Slab" ], "Special_Features": [ "Flat top" ], "Surveyor_Name": "Mary Truslow", "Comments": "", "Photo_URL": "https://five.epicollect.net/api/internal/media/little-compton-wall-inventory-2025?type=photo&format=entry_original&name=9b4a25af-38df-4f6f-b748-6f22f588d0c4_1776192499.jpg", "Photo_Filename": "9b4a25af-38df-4f6f-b748-6f22f588d0c4_1776192499.jpg" }, "geometry": { "type": "Point", "coordinates": [ -71.185801, 41.506001 ] } },
{ "type": "Feature", "properties": { "entry_id": "e15b149e-e293-47ea-8127-ef64131acafa", "created_at": "2026-04-14T18:46:58Z", "gps_accuracy_m": 5.0, "Wall_Condition": "Good", "Vegetation_Cover": "Clear (0-25% covered)", "Wall_Type": "Laid (carefully selected and fitted)", "Stone_Shape": [ "Slab" ], "Special_Features": [ "Flat top" ], "Surveyor_Name": "Mary Truslow", "Comments": "", "Photo_URL": "https://five.epicollect.net/api/internal/media/little-compton-wall-inventory-2025?type=photo&format=entry_original&name=e15b149e-e293-47ea-8127-ef64131acafa_1776192381.jpg", "Photo_Filename": "e15b149e-e293-47ea-8127-ef64131acafa_1776192381.jpg" }, "geometry": { "type": "Point", "coordinates": [ -71.185857, 41.505972 ] } },
{ "type": "Feature", "properties": { "entry_id": "c77b2bfb-b9d3-4b15-a9b8-4d79f0d1edaa", "created_at": "2026-04-14T18:45:11Z", "gps_accuracy_m": 4.0, "Wall_Condition": "Good", "Vegetation_Cover": "Clear (0-25% covered)", "Wall_Type": "Laid (carefully selected and fitted)", "Stone_Shape": [ "Slab" ], "Special_Features": [ "Flat top" ], "Surveyor_Name": "Mary Truslow", "Comments": "", "Photo_URL": "https://five.epicollect.net/api/internal/media/little-compton-wall-inventory-2025?type=photo&format=entry_original&name=c77b2bfb-b9d3-4b15-a9b8-4d79f0d1edaa_1776192281.jpg", "Photo_Filename": "c77b2bfb-b9d3-4b15-a9b8-4d79f0d1edaa_1776192281.jpg" }, "geometry": { "type": "Point", "coordinates": [ -71.185813, 41.505899 ] } },
{ "type": "Feature", "properties": { "entry_id": "91ad8810-8999-4dcc-bd70-73c80a5f93ac", "created_at": "2026-04-14T18:43:01Z", "gps_accuracy_m": 3.0, "Wall_Condition": "Good", "Vegetation_Cover": "Clear (0-25% covered)", "Wall_Type": "Laid (carefully selected and fitted)", "Stone_Shape": [ "Slab" ], "Special_Features": [ "Flat top" ], "Surveyor_Name": "Mary Truslow", "Comments": "", "Photo_URL": "https://five.epicollect.net/api/internal/media/little-compton-wall-inventory-2025?type=photo&format=entry_original&name=91ad8810-8999-4dcc-bd70-73c80a5f93ac_1776192151.jpg", "Photo_Filename": "91ad8810-8999-4dcc-bd70-73c80a5f93ac_1776192151.jpg" }, "geometry": { "type": "Point", "coordinates": [ -71.185721, 41.505805 ] } },
{ "type": "Feature", "properties": { "entry_id": "34bc9bed-7c34-4e22-a023-0c4755aaa9b6", "created_at": "2026-04-14T18:41:20Z", "gps_accuracy_m": 3.0, "Wall_Condition": "Good", "Vegetation_Cover": "Clear (0-25% covered)", "Wall_Type": "Laid (carefully selected and fitted)", "Stone_Shape": [ "Slab" ], "Special_Features": [ "Flat top" ], "Surveyor_Name": "Mary Truslow", "Comments": "", "Photo_URL": "https://five.epicollect.net/api/internal/media/little-compton-wall-inventory-2025?type=photo&format=entry_original&name=34bc9bed-7c34-4e22-a023-0c4755aaa9b6_1776192043.jpg", "Photo_Filename": "34bc9bed-7c34-4e22-a023-0c4755aaa9b6_1776192043.jpg" }, "geometry": { "type": "Point", "coordinates": [ -71.18579, 41.505787 ] } },
{ "type": "Feature", "properties": { "entry_id": "911773c2-aa18-4d40-8088-48e2632961ca", "created_at": "2026-04-14T18:39:38Z", "gps_accuracy_m": 13.0, "Wall_Condition": "Good", "Vegetation_Cover": "Clear (0-25% covered)", "Wall_Type": "Laid (carefully selected and fitted)", "Stone_Shape": [ "Slab" ], "Special_Features": [ "Flat top" ], "Surveyor_Name": "Mary Truslow", "Comments": "", "Photo_URL": "https://five.epicollect.net/api/internal/media/little-compton-wall-inventory-2025?type=photo&format=entry_original&name=911773c2-aa18-4d40-8088-48e2632961ca_1776191949.jpg", "Photo_Filename": "911773c2-aa18-4d40-8088-48e2632961ca_1776191949.jpg" }, "geometry": { "type": "Point", "coordinates": [ -71.185624, 41.505527 ] } },
{ "type": "Feature", "properties": { "entry_id": "f202c273-74af-4423-b848-6bf5b760f82f", "created_at": "2026-04-14T18:37:50Z", "gps_accuracy_m": 11.0, "Wall_Condition": "Good", "Vegetation_Cover": "Clear (0-25% covered)", "Wall_Type": "Laid (carefully selected and fitted)", "Stone_Shape": [ "Slab" ], "Special_Features": [ "Flat top" ], "Surveyor_Name": "Mary Truslow", "Comments": "", "Photo_URL": "https://five.epicollect.net/api/internal/media/little-compton-wall-inventory-2025?type=photo&format=entry_original&name=f202c273-74af-4423-b848-6bf5b760f82f_1776191826.jpg", "Photo_Filename": "f202c273-74af-4423-b848-6bf5b760f82f_1776191826.jpg" }, "geometry": { "type": "Point", "coordinates": [ -71.185638, 41.505552 ] } },
{ "type": "Feature", "properties": { "entry_id": "7f194a35-5f01-43a9-93bf-5c282e4f2e76", "created_at": "2026-04-14T18:35:51Z", "gps_accuracy_m": 8.0, "Wall_Condition": "Good", "Vegetation_Cover": "Clear (0-25% covered)", "Wall_Type": "Laid (carefully selected and fitted)", "Stone_Shape": [ "Slab" ], "Special_Features": [ "Flat top" ], "Surveyor_Name": "Mary Truslow", "Comments": "", "Photo_URL": "https://five.epicollect.net/api/internal/media/little-compton-wall-inventory-2025?type=photo&format=entry_original&name=7f194a35-5f01-43a9-93bf-5c282e4f2e76_1776191718.jpg", "Photo_Filename": "7f194a35-5f01-43a9-93bf-5c282e4f2e76_1776191718.jpg" }, "geometry": { "type": "Point", "coordinates": [ -71.18565, 41.505568 ] } },
{ "type": "Feature", "properties": { "entry_id": "753e3ed5-8145-47e3-ac5d-3b256aa5a579", "created_at": "2026-04-14T18:34:03Z", "gps_accuracy_m": 10.0, "Wall_Condition": "Good", "Vegetation_Cover": "Clear (0-25% covered)", "Wall_Type": "Laid (carefully selected and fitted)", "Stone_Shape": [ "Slab" ], "Special_Features": [ "Flat top" ], "Surveyor_Name": "Mary Truslow", "Comments": "", "Photo_URL": "https://five.epicollect.net/api/internal/media/little-compton-wall-inventory-2025?type=photo&format=entry_original&name=753e3ed5-8145-47e3-ac5d-3b256aa5a579_1776191601.jpg", "Photo_Filename": "753e3ed5-8145-47e3-ac5d-3b256aa5a579_1776191601.jpg" }, "geometry": { "type": "Point", "coordinates": [ -71.18564, 41.50554 ] } },
{ "type": "Feature", "properties": { "entry_id": "e349509e-ff77-4e03-963d-8e099e38f04f", "created_at": "2026-04-14T18:32:16Z", "gps_accuracy_m": 15.0, "Wall_Condition": "Good", "Vegetation_Cover": "Clear (0-25% covered)", "Wall_Type": "Laid (carefully selected and fitted)", "Stone_Shape": [ "Slab" ], "Special_Features": [ "Flat top" ], "Surveyor_Name": "Mary Truslow", "Comments": "", "Photo_URL": "https://five.epicollect.net/api/internal/media/little-compton-wall-inventory-2025?type=photo&format=entry_original&name=e349509e-ff77-4e03-963d-8e099e38f04f_1776191498.jpg", "Photo_Filename": "e349509e-ff77-4e03-963d-8e099e38f04f_1776191498.jpg" }, "geometry": { "type": "Point", "coordinates": [ -71.185627, 41.505522 ] } },
{ "type": "Feature", "properties": { "entry_id": "f7b7d116-2fea-4362-b8ef-330b1c59e5a3", "created_at": "2026-04-14T18:30:09Z", "gps_accuracy_m": 11.0, "Wall_Condition": "Good", "Vegetation_Cover": "Clear (0-25% covered)", "Wall_Type": "Laid (carefully selected and fitted)", "Stone_Shape": [ "Slab" ], "Special_Features": [ "Flat top", "Other (add comment)" ], "Surveyor_Name": "Mary Truslow", "Comments": "Very small section has the top fallen off needs a quick repair", "Photo_URL": "https://five.epicollect.net/api/internal/media/little-compton-wall-inventory-2025?type=photo&format=entry_original&name=f7b7d116-2fea-4362-b8ef-330b1c59e5a3_1776191339.jpg", "Photo_Filename": "f7b7d116-2fea-4362-b8ef-330b1c59e5a3_1776191339.jpg" }, "geometry": { "type": "Point", "coordinates": [ -71.185603, 41.505486 ] } },
{ "type": "Feature", "properties": { "entry_id": "f7e1616b-62e6-4622-bcb2-85a946bd24ae", "created_at": "2026-04-14T18:27:41Z", "gps_accuracy_m": 9.0, "Wall_Condition": "Good", "Vegetation_Cover": "Clear (0-25% covered)", "Wall_Type": "Laid (carefully selected and fitted)", "Stone_Shape": [ "Slab" ], "Special_Features": [ "Flat top" ], "Surveyor_Name": "Mary Truslow", "Comments": "", "Photo_URL": "https://five.epicollect.net/api/internal/media/little-compton-wall-inventory-2025?type=photo&format=entry_original&name=f7e1616b-62e6-4622-bcb2-85a946bd24ae_1776191197.jpg", "Photo_Filename": "f7e1616b-62e6-4622-bcb2-85a946bd24ae_1776191197.jpg" }, "geometry": { "type": "Point", "coordinates": [ -71.185611, 41.505475 ] } },
{ "type": "Feature", "properties": { "entry_id": "30d38efe-ffb2-4b5f-8fc3-0eeb902c38ec", "created_at": "2026-04-14T18:24:31Z", "gps_accuracy_m": 4.0, "Wall_Condition": "Good", "Vegetation_Cover": "Clear (0-25% covered)", "Wall_Type": "Laid (carefully selected and fitted)", "Stone_Shape": [ "Slab" ], "Special_Features": [ "Flat top", "Double-sided" ], "Surveyor_Name": "Mary Truslow", "Comments": "", "Photo_URL": "https://five.epicollect.net/api/internal/media/little-compton-wall-inventory-2025?type=photo&format=entry_original&name=30d38efe-ffb2-4b5f-8fc3-0eeb902c38ec_1776190989.jpg", "Photo_Filename": "30d38efe-ffb2-4b5f-8fc3-0eeb902c38ec_1776190989.jpg" }, "geometry": { "type": "Point", "coordinates": [ -71.185612, 41.505329 ] } },
{ "type": "Feature", "properties": { "entry_id": "e2b9580e-064b-4473-b3f8-138aa5e35e48", "created_at": "2026-04-10T20:08:55Z", "gps_accuracy_m": 5.0, "Wall_Condition": "Fair", "Vegetation_Cover": "Clear (0-25% covered)", "Wall_Type": "Stacked (stones placed loosely)", "Stone_Shape": [ "Prism" ], "Special_Features": [ "Opening in wall" ], "Surveyor_Name": "Patrick", "Comments": "", "Photo_URL": "https://five.epicollect.net/api/internal/media/little-compton-wall-inventory-2025?type=photo&format=entry_original&name=e2b9580e-064b-4473-b3f8-138aa5e35e48_1775851710.jpg", "Photo_Filename": "e2b9580e-064b-4473-b3f8-138aa5e35e48_1775851710.jpg" }, "geometry": { "type": "Point", "coordinates": [ -71.164003, 41.541751 ] } },
{ "type": "Feature", "properties": { "entry_id": "0679e2f1-bf16-46f0-b577-946fef255fc3", "created_at": "2026-04-10T20:08:10Z", "gps_accuracy_m": 4.0, "Wall_Condition": "Fair", "Vegetation_Cover": "Clear (0-25% covered)", "Wall_Type": "Stacked (stones placed loosely)", "Stone_Shape": [ "Prism" ], "Special_Features": [ "Opening in wall" ], "Surveyor_Name": "Patrick", "Comments": "", "Photo_URL": "https://five.epicollect.net/api/internal/media/little-compton-wall-inventory-2025?type=photo&format=entry_original&name=0679e2f1-bf16-46f0-b577-946fef255fc3_1775851666.jpg", "Photo_Filename": "0679e2f1-bf16-46f0-b577-946fef255fc3_1775851666.jpg" }, "geometry": { "type": "Point", "coordinates": [ -71.164, 41.54177 ] } },
{ "type": "Feature", "properties": { "entry_id": "583ecdab-b275-46db-b26b-452d4849f9d2", "created_at": "2026-04-10T20:07:25Z", "gps_accuracy_m": 4.0, "Wall_Condition": "Poor", "Vegetation_Cover": "Clear (0-25% covered)", "Wall_Type": "Stacked (stones placed loosely)", "Stone_Shape": [ "Prism" ], "Special_Features": [ "Opening in wall" ], "Surveyor_Name": "Patrick", "Comments": "", "Photo_URL": "https://five.epicollect.net/api/internal/media/little-compton-wall-inventory-2025?type=photo&format=entry_original&name=583ecdab-b275-46db-b26b-452d4849f9d2_1775851619.jpg", "Photo_Filename": "583ecdab-b275-46db-b26b-452d4849f9d2_1775851619.jpg" }, "geometry": { "type": "Point", "coordinates": [ -71.164068, 41.541779 ] } },
{ "type": "Feature", "properties": { "entry_id": "4db12e06-b06c-4c8c-94a4-774f1ca21f37", "created_at": "2026-04-10T20:06:45Z", "gps_accuracy_m": 3.0, "Wall_Condition": "Poor", "Vegetation_Cover": "Clear (0-25% covered)", "Wall_Type": "Stacked (stones placed loosely)", "Stone_Shape": [ "Prism" ], "Special_Features": [ "Opening in wall" ], "Surveyor_Name": "Patrick", "Comments": "", "Photo_URL": "https://five.epicollect.net/api/internal/media/little-compton-wall-inventory-2025?type=photo&format=entry_original&name=4db12e06-b06c-4c8c-94a4-774f1ca21f37_1775851569.jpg", "Photo_Filename": "4db12e06-b06c-4c8c-94a4-774f1ca21f37_1775851569.jpg" }, "geometry": { "type": "Point", "coordinates": [ -71.164132, 41.541822 ] } },
{ "type": "Feature", "properties": { "entry_id": "46d5de61-682b-4150-b708-aa0ab3ac8c37", "created_at": "2026-04-10T20:05:50Z", "gps_accuracy_m": 5.0, "Wall_Condition": "Poor", "Vegetation_Cover": "Clear (0-25% covered)", "Wall_Type": "Stacked (stones placed loosely)", "Stone_Shape": [ "Prism" ], "Special_Features": [ "Opening in wall" ], "Surveyor_Name": "Patrick", "Comments": "", "Photo_URL": "https://five.epicollect.net/api/internal/media/little-compton-wall-inventory-2025?type=photo&format=entry_original&name=46d5de61-682b-4150-b708-aa0ab3ac8c37_1775851526.jpg", "Photo_Filename": "46d5de61-682b-4150-b708-aa0ab3ac8c37_1775851526.jpg" }, "geometry": { "type": "Point", "coordinates": [ -71.164161, 41.541821 ] } },
{ "type": "Feature", "properties": { "entry_id": "0dbf783c-d35d-48ab-b1b6-b2174a29262f", "created_at": "2026-04-10T20:04:58Z", "gps_accuracy_m": 5.0, "Wall_Condition": "Poor", "Vegetation_Cover": "Clear (0-25% covered)", "Wall_Type": "Stacked (stones placed loosely)", "Stone_Shape": [ "Prism" ], "Special_Features": [ "Opening in wall" ], "Surveyor_Name": "Patrick", "Comments": "", "Photo_URL": "https://five.epicollect.net/api/internal/media/little-compton-wall-inventory-2025?type=photo&format=entry_original&name=0dbf783c-d35d-48ab-b1b6-b2174a29262f_1775851467.jpg", "Photo_Filename": "0dbf783c-d35d-48ab-b1b6-b2174a29262f_1775851467.jpg" }, "geometry": { "type": "Point", "coordinates": [ -71.164201, 41.541811 ] } },
{ "type": "Feature", "properties": { "entry_id": "6353418d-a751-4910-8269-cf90544c2293", "created_at": "2026-04-10T20:04:03Z", "gps_accuracy_m": 3.0, "Wall_Condition": "Poor", "Vegetation_Cover": "Clear (0-25% covered)", "Wall_Type": "Stacked (stones placed loosely)", "Stone_Shape": [ "Prism" ], "Special_Features": [ "Opening in wall" ], "Surveyor_Name": "Patrick", "Comments": "", "Photo_URL": "https://five.epicollect.net/api/internal/media/little-compton-wall-inventory-2025?type=photo&format=entry_original&name=6353418d-a751-4910-8269-cf90544c2293_1775851410.jpg", "Photo_Filename": "6353418d-a751-4910-8269-cf90544c2293_1775851410.jpg" }, "geometry": { "type": "Point", "coordinates": [ -71.164211, 41.541811 ] } },
{ "type": "Feature", "properties": { "entry_id": "c8effa1e-0266-4996-8e32-0f5bea83474d", "created_at": "2026-04-10T20:00:56Z", "gps_accuracy_m": 3.0, "Wall_Condition": "Poor", "Vegetation_Cover": "Clear (0-25% covered)", "Wall_Type": "Stacked (stones placed loosely)", "Stone_Shape": [ "Prism" ], "Special_Features": [ "Opening in wall" ], "Surveyor_Name": "Patrick", "Comments": "", "Photo_URL": "https://five.epicollect.net/api/internal/media/little-compton-wall-inventory-2025?type=photo&format=entry_original&name=c8effa1e-0266-4996-8e32-0f5bea83474d_1775851231.jpg", "Photo_Filename": "c8effa1e-0266-4996-8e32-0f5bea83474d_1775851231.jpg" }, "geometry": { "type": "Point", "coordinates": [ -71.164197, 41.541734 ] } },
{ "type": "Feature", "properties": { "entry_id": "cd0d0988-72ff-42f0-a1eb-0f5bde34207c", "created_at": "2026-04-10T20:00:04Z", "gps_accuracy_m": 11.0, "Wall_Condition": "Poor", "Vegetation_Cover": "Clear (0-25% covered)", "Wall_Type": "Dumped (stones piled on ground)", "Stone_Shape": [ "Prism" ], "Special_Features": [ "Opening in wall" ], "Surveyor_Name": "Patrick", "Comments": "", "Photo_URL": "https://five.epicollect.net/api/internal/media/little-compton-wall-inventory-2025?type=photo&format=entry_original&name=cd0d0988-72ff-42f0-a1eb-0f5bde34207c_1775851175.jpg", "Photo_Filename": "cd0d0988-72ff-42f0-a1eb-0f5bde34207c_1775851175.jpg" }, "geometry": { "type": "Point", "coordinates": [ -71.164177, 41.541707 ] } },
{ "type": "Feature", "properties": { "entry_id": "eced7a88-ad21-4ca2-b044-edc3af8085d9", "created_at": "2026-04-10T19:59:01Z", "gps_accuracy_m": 5.0, "Wall_Condition": "Poor", "Vegetation_Cover": "Clear (0-25% covered)", "Wall_Type": "Dumped (stones piled on ground)", "Stone_Shape": [ "Prism" ], "Special_Features": [ "Opening in wall" ], "Surveyor_Name": "Patrick", "Comments": "", "Photo_URL": "https://five.epicollect.net/api/internal/media/little-compton-wall-inventory-2025?type=photo&format=entry_original&name=eced7a88-ad21-4ca2-b044-edc3af8085d9_1775851120.jpg", "Photo_Filename": "eced7a88-ad21-4ca2-b044-edc3af8085d9_1775851120.jpg" }, "geometry": { "type": "Point", "coordinates": [ -71.164228, 41.5417 ] } },
{ "type": "Feature", "properties": { "entry_id": "e6291635-a398-4c23-bbac-684a04d5da57", "created_at": "2026-04-10T19:58:16Z", "gps_accuracy_m": 5.0, "Wall_Condition": "Poor", "Vegetation_Cover": "Clear (0-25% covered)", "Wall_Type": "Dumped (stones piled on ground)", "Stone_Shape": [ "Prism" ], "Special_Features": [ "Opening in wall" ], "Surveyor_Name": "Patrick", "Comments": "", "Photo_URL": "https://five.epicollect.net/api/internal/media/little-compton-wall-inventory-2025?type=photo&format=entry_original&name=e6291635-a398-4c23-bbac-684a04d5da57_1775851059.jpg", "Photo_Filename": "e6291635-a398-4c23-bbac-684a04d5da57_1775851059.jpg" }, "geometry": { "type": "Point", "coordinates": [ -71.164339, 41.541649 ] } },
{ "type": "Feature", "properties": { "entry_id": "58f3987e-7976-4d2a-87c7-4f925436865c", "created_at": "2026-04-10T19:57:01Z", "gps_accuracy_m": 4.0, "Wall_Condition": "Poor", "Vegetation_Cover": "Clear (0-25% covered)", "Wall_Type": "Stacked (stones placed loosely)", "Stone_Shape": [ "Prism" ], "Special_Features": [ "Opening in wall" ], "Surveyor_Name": "Patrick", "Comments": "", "Photo_URL": "https://five.epicollect.net/api/internal/media/little-compton-wall-inventory-2025?type=photo&format=entry_original&name=58f3987e-7976-4d2a-87c7-4f925436865c_1775850998.jpg", "Photo_Filename": "58f3987e-7976-4d2a-87c7-4f925436865c_1775850998.jpg" }, "geometry": { "type": "Point", "coordinates": [ -71.164371, 41.541626 ] } },
{ "type": "Feature", "properties": { "entry_id": "64cb4c0a-0d36-4e1f-946b-858d272bef16", "created_at": "2026-04-10T19:56:23Z", "gps_accuracy_m": 4.0, "Wall_Condition": "Poor", "Vegetation_Cover": "Clear (0-25% covered)", "Wall_Type": "Stacked (stones placed loosely)", "Stone_Shape": [ "Prism" ], "Special_Features": [ "Opening in wall" ], "Surveyor_Name": "Patrick", "Comments": "", "Photo_URL": "https://five.epicollect.net/api/internal/media/little-compton-wall-inventory-2025?type=photo&format=entry_original&name=64cb4c0a-0d36-4e1f-946b-858d272bef16_1775850944.jpg", "Photo_Filename": "64cb4c0a-0d36-4e1f-946b-858d272bef16_1775850944.jpg" }, "geometry": { "type": "Point", "coordinates": [ -71.164433, 41.541647 ] } },
{ "type": "Feature", "properties": { "entry_id": "5f6f7509-c449-4890-87ca-defb7651fb6a", "created_at": "2026-04-10T19:55:29Z", "gps_accuracy_m": 5.0, "Wall_Condition": "Poor", "Vegetation_Cover": "Clear (0-25% covered)", "Wall_Type": "Stacked (stones placed loosely)", "Stone_Shape": [ "Prism" ], "Special_Features": [ "Opening in wall" ], "Surveyor_Name": "Patrick", "Comments": "", "Photo_URL": "https://five.epicollect.net/api/internal/media/little-compton-wall-inventory-2025?type=photo&format=entry_original&name=5f6f7509-c449-4890-87ca-defb7651fb6a_1775850895.jpg", "Photo_Filename": "5f6f7509-c449-4890-87ca-defb7651fb6a_1775850895.jpg" }, "geometry": { "type": "Point", "coordinates": [ -71.164542, 41.541562 ] } },
{ "type": "Feature", "properties": { "entry_id": "0e5c701a-8632-446b-9980-b16cdbe98629", "created_at": "2026-04-10T19:54:32Z", "gps_accuracy_m": 4.0, "Wall_Condition": "Poor", "Vegetation_Cover": "Clear (0-25% covered)", "Wall_Type": "Stacked (stones placed loosely)", "Stone_Shape": [ "Prism" ], "Special_Features": [ "Opening in wall" ], "Surveyor_Name": "Patrick", "Comments": "", "Photo_URL": "https://five.epicollect.net/api/internal/media/little-compton-wall-inventory-2025?type=photo&format=entry_original&name=0e5c701a-8632-446b-9980-b16cdbe98629_1775850849.jpg", "Photo_Filename": "0e5c701a-8632-446b-9980-b16cdbe98629_1775850849.jpg" }, "geometry": { "type": "Point", "coordinates": [ -71.164525, 41.541566 ] } },
{ "type": "Feature", "properties": { "entry_id": "72ba0dba-34b0-4bf3-9110-b89b9c9dcb1e", "created_at": "2026-04-10T19:53:50Z", "gps_accuracy_m": 4.0, "Wall_Condition": "Poor", "Vegetation_Cover": "Clear (0-25% covered)", "Wall_Type": "Stacked (stones placed loosely)", "Stone_Shape": [ "Prism" ], "Special_Features": [ "Opening in wall" ], "Surveyor_Name": "Patrick", "Comments": "", "Photo_URL": "https://five.epicollect.net/api/internal/media/little-compton-wall-inventory-2025?type=photo&format=entry_original&name=72ba0dba-34b0-4bf3-9110-b89b9c9dcb1e_1775850802.jpg", "Photo_Filename": "72ba0dba-34b0-4bf3-9110-b89b9c9dcb1e_1775850802.jpg" }, "geometry": { "type": "Point", "coordinates": [ -71.164505, 41.541545 ] } },
{ "type": "Feature", "properties": { "entry_id": "4cb56371-7161-4a0a-aa48-0143fb1ed640", "created_at": "2026-04-10T19:52:59Z", "gps_accuracy_m": 4.0, "Wall_Condition": "Fair", "Vegetation_Cover": "Clear (0-25% covered)", "Wall_Type": "Stacked (stones placed loosely)", "Stone_Shape": [ "Prism" ], "Special_Features": [ "Opening in wall" ], "Surveyor_Name": "Patrick", "Comments": "", "Photo_URL": "https://five.epicollect.net/api/internal/media/little-compton-wall-inventory-2025?type=photo&format=entry_original&name=4cb56371-7161-4a0a-aa48-0143fb1ed640_1775850743.jpg", "Photo_Filename": "4cb56371-7161-4a0a-aa48-0143fb1ed640_1775850743.jpg" }, "geometry": { "type": "Point", "coordinates": [ -71.164493, 41.541544 ] } },
{ "type": "Feature", "properties": { "entry_id": "41228ab4-45d1-4e71-8e02-6a585600ca56", "created_at": "2026-04-10T19:51:11Z", "gps_accuracy_m": 4.0, "Wall_Condition": "Poor", "Vegetation_Cover": "Clear (0-25% covered)", "Wall_Type": "Stacked (stones placed loosely)", "Stone_Shape": [ "Prism" ], "Special_Features": [ "Opening in wall" ], "Surveyor_Name": "Patrick", "Comments": "", "Photo_URL": "https://five.epicollect.net/api/internal/media/little-compton-wall-inventory-2025?type=photo&format=entry_original&name=41228ab4-45d1-4e71-8e02-6a585600ca56_1775850643.jpg", "Photo_Filename": "41228ab4-45d1-4e71-8e02-6a585600ca56_1775850643.jpg" }, "geometry": { "type": "Point", "coordinates": [ -71.164475, 41.541544 ] } },
{ "type": "Feature", "properties": { "entry_id": "e04fbe55-a05f-40ec-b44e-a11249557ad4", "created_at": "2026-04-10T19:50:18Z", "gps_accuracy_m": 4.0, "Wall_Condition": "Poor", "Vegetation_Cover": "Clear (0-25% covered)", "Wall_Type": "Stacked (stones placed loosely)", "Stone_Shape": [ "Prism" ], "Special_Features": [ "Opening in wall" ], "Surveyor_Name": "Patrick", "Comments": "", "Photo_URL": "https://five.epicollect.net/api/internal/media/little-compton-wall-inventory-2025?type=photo&format=entry_original&name=e04fbe55-a05f-40ec-b44e-a11249557ad4_1775850586.jpg", "Photo_Filename": "e04fbe55-a05f-40ec-b44e-a11249557ad4_1775850586.jpg" }, "geometry": { "type": "Point", "coordinates": [ -71.164419, 41.541561 ] } },
{ "type": "Feature", "properties": { "entry_id": "10df3e90-01d9-4cd6-ad38-a0834029b9aa", "created_at": "2026-04-10T19:49:21Z", "gps_accuracy_m": 4.0, "Wall_Condition": "Poor", "Vegetation_Cover": "Clear (0-25% covered)", "Wall_Type": "Stacked (stones placed loosely)", "Stone_Shape": [ "Prism" ], "Special_Features": [ "Opening in wall" ], "Surveyor_Name": "Patrick", "Comments": "", "Photo_URL": "https://five.epicollect.net/api/internal/media/little-compton-wall-inventory-2025?type=photo&format=entry_original&name=10df3e90-01d9-4cd6-ad38-a0834029b9aa_1775850520.jpg", "Photo_Filename": "10df3e90-01d9-4cd6-ad38-a0834029b9aa_1775850520.jpg" }, "geometry": { "type": "Point", "coordinates": [ -71.16435, 41.541556 ] } },
{ "type": "Feature", "properties": { "entry_id": "5f040a44-4dd7-411d-99e6-ed60218fd1d4", "created_at": "2026-04-10T19:48:14Z", "gps_accuracy_m": 7.0, "Wall_Condition": "Poor", "Vegetation_Cover": "Clear (0-25% covered)", "Wall_Type": "Stacked (stones placed loosely)", "Stone_Shape": [ "Prism" ], "Special_Features": [ "Opening in wall" ], "Surveyor_Name": "Patrick", "Comments": "", "Photo_URL": "https://five.epicollect.net/api/internal/media/little-compton-wall-inventory-2025?type=photo&format=entry_original&name=5f040a44-4dd7-411d-99e6-ed60218fd1d4_1775850464.jpg", "Photo_Filename": "5f040a44-4dd7-411d-99e6-ed60218fd1d4_1775850464.jpg" }, "geometry": { "type": "Point", "coordinates": [ -71.164276, 41.541603 ] } },
{ "type": "Feature", "properties": { "entry_id": "e9fce495-e073-4af6-98c6-7e5449df0ce7", "created_at": "2026-04-10T19:47:19Z", "gps_accuracy_m": 6.0, "Wall_Condition": "Poor", "Vegetation_Cover": "Clear (0-25% covered)", "Wall_Type": "Stacked (stones placed loosely)", "Stone_Shape": [ "Prism" ], "Special_Features": [ "Opening in wall" ], "Surveyor_Name": "Patrick", "Comments": "", "Photo_URL": "https://five.epicollect.net/api/internal/media/little-compton-wall-inventory-2025?type=photo&format=entry_original&name=e9fce495-e073-4af6-98c6-7e5449df0ce7_1775850405.jpg", "Photo_Filename": "e9fce495-e073-4af6-98c6-7e5449df0ce7_1775850405.jpg" }, "geometry": { "type": "Point", "coordinates": [ -71.164226, 41.541604 ] } },
{ "type": "Feature", "properties": { "entry_id": "da4f4e43-5e3e-4dae-bf1b-5c5c00ede7f4", "created_at": "2026-04-10T19:46:12Z", "gps_accuracy_m": 24.0, "Wall_Condition": "Poor", "Vegetation_Cover": "Clear (0-25% covered)", "Wall_Type": "Stacked (stones placed loosely)", "Stone_Shape": [ "Prism" ], "Special_Features": [ "Opening in wall" ], "Surveyor_Name": "Patrick", "Comments": "", "Photo_URL": "https://five.epicollect.net/api/internal/media/little-compton-wall-inventory-2025?type=photo&format=entry_original&name=da4f4e43-5e3e-4dae-bf1b-5c5c00ede7f4_1775850338.jpg", "Photo_Filename": "da4f4e43-5e3e-4dae-bf1b-5c5c00ede7f4_1775850338.jpg" }, "geometry": { "type": "Point", "coordinates": [ -71.164186, 41.541587 ] } },
{ "type": "Feature", "properties": { "entry_id": "b7f53d69-c6d1-4123-943e-e4a887b858e5", "created_at": "2026-04-10T19:45:04Z", "gps_accuracy_m": 4.0, "Wall_Condition": "Fair", "Vegetation_Cover": "Clear (0-25% covered)", "Wall_Type": "Laid (carefully selected and fitted)", "Stone_Shape": [ "Prism" ], "Special_Features": [ "Flat top", "Opening in wall" ], "Surveyor_Name": "Patrick", "Comments": "", "Photo_URL": "https://five.epicollect.net/api/internal/media/little-compton-wall-inventory-2025?type=photo&format=entry_original&name=b7f53d69-c6d1-4123-943e-e4a887b858e5_1775850267.jpg", "Photo_Filename": "b7f53d69-c6d1-4123-943e-e4a887b858e5_1775850267.jpg" }, "geometry": { "type": "Point", "coordinates": [ -71.16412, 41.541635 ] } },
{ "type": "Feature", "properties": { "entry_id": "5671ce40-2008-42e6-80d5-c5275c0fa9db", "created_at": "2026-04-10T19:44:00Z", "gps_accuracy_m": 3.0, "Wall_Condition": "Fair", "Vegetation_Cover": "Clear (0-25% covered)", "Wall_Type": "Laid (carefully selected and fitted)", "Stone_Shape": [ "Prism" ], "Special_Features": [ "Flat top", "Opening in wall" ], "Surveyor_Name": "Patrick", "Comments": "", "Photo_URL": "https://five.epicollect.net/api/internal/media/little-compton-wall-inventory-2025?type=photo&format=entry_original&name=5671ce40-2008-42e6-80d5-c5275c0fa9db_1775850210.jpg", "Photo_Filename": "5671ce40-2008-42e6-80d5-c5275c0fa9db_1775850210.jpg" }, "geometry": { "type": "Point", "coordinates": [ -71.164091, 41.541647 ] } },
{ "type": "Feature", "properties": { "entry_id": "6d63bd67-ed99-4e12-9044-2eaf1ffc4184", "created_at": "2026-04-10T19:43:05Z", "gps_accuracy_m": 5.0, "Wall_Condition": "Fair", "Vegetation_Cover": "Clear (0-25% covered)", "Wall_Type": "Laid (carefully selected and fitted)", "Stone_Shape": [ "Prism" ], "Special_Features": [ "Flat top", "Opening in wall" ], "Surveyor_Name": "Patrick", "Comments": "", "Photo_URL": "https://five.epicollect.net/api/internal/media/little-compton-wall-inventory-2025?type=photo&format=entry_original&name=6d63bd67-ed99-4e12-9044-2eaf1ffc4184_1775850093.jpg", "Photo_Filename": "6d63bd67-ed99-4e12-9044-2eaf1ffc4184_1775850093.jpg" }, "geometry": { "type": "Point", "coordinates": [ -71.164056, 41.54168 ] } },
{ "type": "Feature", "properties": { "entry_id": "4cfe3b89-8016-4b5e-8580-50d8ae6c5847", "created_at": "2026-04-10T19:40:41Z", "gps_accuracy_m": 4.0, "Wall_Condition": "Fair", "Vegetation_Cover": "Clear (0-25% covered)", "Wall_Type": "Laid (carefully selected and fitted)", "Stone_Shape": [ "Prism" ], "Special_Features": [ "Flat top", "Opening in wall" ], "Surveyor_Name": "Patrick", "Comments": "", "Photo_URL": "https://five.epicollect.net/api/internal/media/little-compton-wall-inventory-2025?type=photo&format=entry_original&name=4cfe3b89-8016-4b5e-8580-50d8ae6c5847_1775850001.jpg", "Photo_Filename": "4cfe3b89-8016-4b5e-8580-50d8ae6c5847_1775850001.jpg" }, "geometry": { "type": "Point", "coordinates": [ -71.163979, 41.541682 ] } },
{ "type": "Feature", "properties": { "entry_id": "48a520b1-385b-480d-a473-ecd591eaf9a4", "created_at": "2026-04-10T19:39:35Z", "gps_accuracy_m": 6.0, "Wall_Condition": "Good", "Vegetation_Cover": "Clear (0-25% covered)", "Wall_Type": "Laid (carefully selected and fitted)", "Stone_Shape": [ "Prism" ], "Special_Features": [ "Flat top", "Opening in wall" ], "Surveyor_Name": "Patrick", "Comments": "", "Photo_URL": "https://five.epicollect.net/api/internal/media/little-compton-wall-inventory-2025?type=photo&format=entry_original&name=48a520b1-385b-480d-a473-ecd591eaf9a4_1775849874.jpg", "Photo_Filename": "48a520b1-385b-480d-a473-ecd591eaf9a4_1775849874.jpg" }, "geometry": { "type": "Point", "coordinates": [ -71.164023, 41.541685 ] } },
{ "type": "Feature", "properties": { "entry_id": "47826ddf-de08-423b-9094-bfca9bae2b7a", "created_at": "2026-04-08T18:36:36Z", "gps_accuracy_m": 14.0, "Wall_Condition": "Good", "Vegetation_Cover": "Clear (0-25% covered)", "Wall_Type": "Laid (carefully selected and fitted)", "Stone_Shape": [ "Tablet", "Ball", "Slab" ], "Special_Features": [ "Flat top", "Retaining wall" ], "Surveyor_Name": "Leslie", "Comments": "", "Photo_URL": "https://five.epicollect.net/api/internal/media/little-compton-wall-inventory-2025?type=photo&format=entry_original&name=47826ddf-de08-423b-9094-bfca9bae2b7a_1775673362.jpg", "Photo_Filename": "47826ddf-de08-423b-9094-bfca9bae2b7a_1775673362.jpg" }, "geometry": { "type": "Point", "coordinates": [ -71.172666, 41.509335 ] } },
{ "type": "Feature", "properties": { "entry_id": "f21c8445-4244-4fb0-acb3-553eaa299b6b", "created_at": "2026-04-08T18:35:01Z", "gps_accuracy_m": 8.0, "Wall_Condition": "Good", "Vegetation_Cover": "Clear (0-25% covered)", "Wall_Type": "Laid (carefully selected and fitted)", "Stone_Shape": [ "Slab", "Tablet" ], "Special_Features": [ "Flat top", "Opening in wall" ], "Surveyor_Name": "Leslie", "Comments": "", "Photo_URL": "https://five.epicollect.net/api/internal/media/little-compton-wall-inventory-2025?type=photo&format=entry_original&name=f21c8445-4244-4fb0-acb3-553eaa299b6b_1775673252.jpg", "Photo_Filename": "f21c8445-4244-4fb0-acb3-553eaa299b6b_1775673252.jpg" }, "geometry": { "type": "Point", "coordinates": [ -71.17273, 41.509334 ] } },
{ "type": "Feature", "properties": { "entry_id": "e5dcb4f6-8713-496d-aa9a-661fb8d8403a", "created_at": "2026-04-08T18:33:33Z", "gps_accuracy_m": 13.0, "Wall_Condition": "Good", "Vegetation_Cover": "Clear (0-25% covered)", "Wall_Type": "Laid (carefully selected and fitted)", "Stone_Shape": [ "Slab", "Tablet" ], "Special_Features": [ "Flat top", "Retaining wall", "Other (add comment)" ], "Surveyor_Name": "Leslie", "Comments": "Memorial wall", "Photo_URL": "https://five.epicollect.net/api/internal/media/little-compton-wall-inventory-2025?type=photo&format=entry_original&name=e5dcb4f6-8713-496d-aa9a-661fb8d8403a_1775673130.jpg", "Photo_Filename": "e5dcb4f6-8713-496d-aa9a-661fb8d8403a_1775673130.jpg" }, "geometry": { "type": "Point", "coordinates": [ -71.172757, 41.509426 ] } },
{ "type": "Feature", "properties": { "entry_id": "01bd5daa-c2a4-4fad-b82e-31d740023783", "created_at": "2026-04-08T18:31:18Z", "gps_accuracy_m": 20.0, "Wall_Condition": "Good", "Vegetation_Cover": "Clear (0-25% covered)", "Wall_Type": "Laid (carefully selected and fitted)", "Stone_Shape": [ "Ball", "Tablet" ], "Special_Features": [ "Flat top", "Opening in wall", "Retaining wall" ], "Surveyor_Name": "Leslie", "Comments": "", "Photo_URL": "https://five.epicollect.net/api/internal/media/little-compton-wall-inventory-2025?type=photo&format=entry_original&name=01bd5daa-c2a4-4fad-b82e-31d740023783_1775673018.jpg", "Photo_Filename": "01bd5daa-c2a4-4fad-b82e-31d740023783_1775673018.jpg" }, "geometry": { "type": "Point", "coordinates": [ -71.17247, 41.509564 ] } },
{ "type": "Feature", "properties": { "entry_id": "75b13a76-435b-4804-a4f8-77e9da839308", "created_at": "2026-04-08T18:28:19Z", "gps_accuracy_m": 15.0, "Wall_Condition": "Good", "Vegetation_Cover": "Clear (0-25% covered)", "Wall_Type": "Laid (carefully selected and fitted)", "Stone_Shape": [ "Tablet", "Ball", "Slab" ], "Special_Features": [ "Flat top", "Retaining wall" ], "Surveyor_Name": "Leslie", "Comments": "", "Photo_URL": "https://five.epicollect.net/api/internal/media/little-compton-wall-inventory-2025?type=photo&format=entry_original&name=75b13a76-435b-4804-a4f8-77e9da839308_1775672851.jpg", "Photo_Filename": "75b13a76-435b-4804-a4f8-77e9da839308_1775672851.jpg" }, "geometry": { "type": "Point", "coordinates": [ -71.172461, 41.509563 ] } },
{ "type": "Feature", "properties": { "entry_id": "927f1bc2-e8a0-4490-a167-6f6d72ae20e6", "created_at": "2026-04-08T18:26:30Z", "gps_accuracy_m": 4.0, "Wall_Condition": "Good", "Vegetation_Cover": "Clear (0-25% covered)", "Wall_Type": "Laid (carefully selected and fitted)", "Stone_Shape": [ "Tablet", "Block", "Slab" ], "Special_Features": [ "Retaining wall", "Flat top", "Opening in wall" ], "Surveyor_Name": "Leslie", "Comments": "", "Photo_URL": "https://five.epicollect.net/api/internal/media/little-compton-wall-inventory-2025?type=photo&format=entry_original&name=927f1bc2-e8a0-4490-a167-6f6d72ae20e6_1775672745.jpg", "Photo_Filename": "927f1bc2-e8a0-4490-a167-6f6d72ae20e6_1775672745.jpg" }, "geometry": { "type": "Point", "coordinates": [ -71.17247, 41.509596 ] } },
{ "type": "Feature", "properties": { "entry_id": "0f605d8c-7efb-4057-be62-8d711c39506c", "created_at": "2026-04-08T18:24:40Z", "gps_accuracy_m": 5.0, "Wall_Condition": "Good", "Vegetation_Cover": "Clear (0-25% covered)", "Wall_Type": "Laid (carefully selected and fitted)", "Stone_Shape": [ "Tablet", "Slab", "Block" ], "Special_Features": [ "Flat top", "Retaining wall" ], "Surveyor_Name": "Leslie", "Comments": "", "Photo_URL": "https://five.epicollect.net/api/internal/media/little-compton-wall-inventory-2025?type=photo&format=entry_original&name=0f605d8c-7efb-4057-be62-8d711c39506c_1775672633.jpg", "Photo_Filename": "0f605d8c-7efb-4057-be62-8d711c39506c_1775672633.jpg" }, "geometry": { "type": "Point", "coordinates": [ -71.172123, 41.509688 ] } },
{ "type": "Feature", "properties": { "entry_id": "2f9744f3-7850-4f6e-8335-c12bad07189f", "created_at": "2026-04-08T18:19:01Z", "gps_accuracy_m": 17.0, "Wall_Condition": "Good", "Vegetation_Cover": "Clear (0-25% covered)", "Wall_Type": "Laid (carefully selected and fitted)", "Stone_Shape": [ "Tablet", "Slab", "Block" ], "Special_Features": [ "Retaining wall", "Good candidate for repair", "Flat top", "Other (add comment)" ], "Surveyor_Name": "Leslie", "Comments": "Small portion has collapsed", "Photo_URL": "https://five.epicollect.net/api/internal/media/little-compton-wall-inventory-2025?type=photo&format=entry_original&name=2f9744f3-7850-4f6e-8335-c12bad07189f_1775672250.jpg", "Photo_Filename": "2f9744f3-7850-4f6e-8335-c12bad07189f_1775672250.jpg" }, "geometry": { "type": "Point", "coordinates": [ -71.17168, 41.509745 ] } },
{ "type": "Feature", "properties": { "entry_id": "17afdde6-1fd2-414e-8add-10c24dd2267d", "created_at": "2026-04-08T18:15:38Z", "gps_accuracy_m": 5.0, "Wall_Condition": "Good", "Vegetation_Cover": "Clear (0-25% covered)", "Wall_Type": "Laid (carefully selected and fitted)", "Stone_Shape": [ "Tablet", "Slab", "Block" ], "Special_Features": [ "Flat top", "Other (add comment)", "Retaining wall" ], "Surveyor_Name": "Leslie", "Comments": "Some loose and dislodged stones, minor repairs", "Photo_URL": "https://five.epicollect.net/api/internal/media/little-compton-wall-inventory-2025?type=photo&format=entry_original&name=17afdde6-1fd2-414e-8add-10c24dd2267d_1775672026.jpg", "Photo_Filename": "17afdde6-1fd2-414e-8add-10c24dd2267d_1775672026.jpg" }, "geometry": { "type": "Point", "coordinates": [ -71.171656, 41.509812 ] } },
{ "type": "Feature", "properties": { "entry_id": "c82015e3-a8ca-4b77-84c0-404b37ea81b6", "created_at": "2026-04-08T18:12:50Z", "gps_accuracy_m": 4.0, "Wall_Condition": "Good", "Vegetation_Cover": "Clear (0-25% covered)", "Wall_Type": "Laid (carefully selected and fitted)", "Stone_Shape": [ "Tablet", "Block" ], "Special_Features": [ "Retaining wall", "Opening in wall", "Flat top" ], "Surveyor_Name": "Leslie", "Comments": "", "Photo_URL": "https://five.epicollect.net/api/internal/media/little-compton-wall-inventory-2025?type=photo&format=entry_original&name=c82015e3-a8ca-4b77-84c0-404b37ea81b6_1775671922.jpg", "Photo_Filename": "c82015e3-a8ca-4b77-84c0-404b37ea81b6_1775671922.jpg" }, "geometry": { "type": "Point", "coordinates": [ -71.1715, 41.509829 ] } },
{ "type": "Feature", "properties": { "entry_id": "81e9d36e-7b6d-4e99-ae88-e72277586647", "created_at": "2026-04-08T18:10:30Z", "gps_accuracy_m": 3.0, "Wall_Condition": "Good", "Vegetation_Cover": "Clear (0-25% covered)", "Wall_Type": "Laid (carefully selected and fitted)", "Stone_Shape": [ "Tablet", "Slab" ], "Special_Features": [ "Flat top", "Other (add comment)" ], "Surveyor_Name": "Leslie", "Comments": "A few shrub and trees are growing from within wall on town-owned side.Will uproot wall in future.", "Photo_URL": "https://five.epicollect.net/api/internal/media/little-compton-wall-inventory-2025?type=photo&format=entry_original&name=81e9d36e-7b6d-4e99-ae88-e72277586647_1775671686.jpg", "Photo_Filename": "81e9d36e-7b6d-4e99-ae88-e72277586647_1775671686.jpg" }, "geometry": { "type": "Point", "coordinates": [ -71.171504, 41.509585 ] } },
{ "type": "Feature", "properties": { "entry_id": "f5169332-4237-42dd-9dbf-e1278aa9fc93", "created_at": "2026-04-08T18:07:31Z", "gps_accuracy_m": 7.0, "Wall_Condition": "Good", "Vegetation_Cover": "Clear (0-25% covered)", "Wall_Type": "Laid (carefully selected and fitted)", "Stone_Shape": [ "Tablet", "Slab" ], "Special_Features": [ "Flat top" ], "Surveyor_Name": "Leslie", "Comments": "", "Photo_URL": "https://five.epicollect.net/api/internal/media/little-compton-wall-inventory-2025?type=photo&format=entry_original&name=f5169332-4237-42dd-9dbf-e1278aa9fc93_1775671585.jpg", "Photo_Filename": "f5169332-4237-42dd-9dbf-e1278aa9fc93_1775671585.jpg" }, "geometry": { "type": "Point", "coordinates": [ -71.171461, 41.50957 ] } },
{ "type": "Feature", "properties": { "entry_id": "9629d58a-6d4a-41f7-8a95-cc9989530aba", "created_at": "2026-04-07T11:51:10Z", "gps_accuracy_m": 4.0, "Wall_Condition": "Good", "Vegetation_Cover": "Clear (0-25% covered)", "Wall_Type": "Laid (carefully selected and fitted)", "Stone_Shape": [ "Prism" ], "Special_Features": [ "Opening in wall", "Flat top" ], "Surveyor_Name": "Patrick", "Comments": "", "Photo_URL": "https://five.epicollect.net/api/internal/media/little-compton-wall-inventory-2025?type=photo&format=entry_original&name=9629d58a-6d4a-41f7-8a95-cc9989530aba_1775562584.jpg", "Photo_Filename": "9629d58a-6d4a-41f7-8a95-cc9989530aba_1775562584.jpg" }, "geometry": { "type": "Point", "coordinates": [ -71.163904, 41.540999 ] } },
{ "type": "Feature", "properties": { "entry_id": "e56cd4cc-5bfc-41ec-b998-f281860cf0ee", "created_at": "2026-04-05T20:41:49Z", "gps_accuracy_m": 32.0, "Wall_Condition": "Good", "Vegetation_Cover": "Clear (0-25% covered)", "Wall_Type": "Laid (carefully selected and fitted)", "Stone_Shape": [ "Slab", "Tablet", "Block" ], "Special_Features": [ "Other (add comment)" ], "Surveyor_Name": "Lavinia Gadsden", "Comments": "Built in the last 25 years as a residential wall and border from residence to state property.", "Photo_URL": "https://five.epicollect.net/api/internal/media/little-compton-wall-inventory-2025?type=photo&format=entry_original&name=e56cd4cc-5bfc-41ec-b998-f281860cf0ee_1775421576.jpg", "Photo_Filename": "e56cd4cc-5bfc-41ec-b998-f281860cf0ee_1775421576.jpg" }, "geometry": { "type": "Point", "coordinates": [ -71.163346, 41.516994 ] } },
{ "type": "Feature", "properties": { "entry_id": "3e2529d6-3d27-401e-922c-3922d5ca4714", "created_at": "2026-04-05T20:32:41Z", "gps_accuracy_m": 13.0, "Wall_Condition": "Fair", "Vegetation_Cover": "Clear (0-25% covered)", "Wall_Type": "Stacked (stones placed loosely)", "Stone_Shape": [ "Slab", "Prism", "Ball", "Block" ], "Special_Features": [ "Other (add comment)" ], "Surveyor_Name": "Lavinia Gadsden", "Comments": "Collapsed wall recently restacked 3 years. A. Borderline for a cow path for the Franlart Farm, which was a milking farm until 1984.", "Photo_URL": "https://five.epicollect.net/api/internal/media/little-compton-wall-inventory-2025?type=photo&format=entry_original&name=3e2529d6-3d27-401e-922c-3922d5ca4714_1775420965.jpg", "Photo_Filename": "3e2529d6-3d27-401e-922c-3922d5ca4714_1775420965.jpg" }, "geometry": { "type": "Point", "coordinates": [ -71.163704, 41.517424 ] } },
{ "type": "Feature", "properties": { "entry_id": "fdcc7eab-ebe2-4cbe-adef-b033d5d508b4", "created_at": "2026-04-05T20:12:33Z", "gps_accuracy_m": 16.0, "Wall_Condition": "Good", "Vegetation_Cover": "Clear (0-25% covered)", "Wall_Type": "Laid (carefully selected and fitted)", "Stone_Shape": [ "Slab", "Prism", "Tablet" ], "Special_Features": [ "Flat top", "Double-sided", "Other (add comment)" ], "Surveyor_Name": "Lavinia Gadsden", "Comments": "Built since the house was built in 1945 as a boundary line to the state property", "Photo_URL": "https://five.epicollect.net/api/internal/media/little-compton-wall-inventory-2025?type=photo&format=entry_original&name=fdcc7eab-ebe2-4cbe-adef-b033d5d508b4_1775419788.jpg", "Photo_Filename": "fdcc7eab-ebe2-4cbe-adef-b033d5d508b4_1775419788.jpg" }, "geometry": { "type": "Point", "coordinates": [ -71.163043, 41.51731 ] } },
{ "type": "Feature", "properties": { "entry_id": "a379ab01-7be0-4e1d-be5a-f7088262def6", "created_at": "2026-04-01T16:48:52Z", "gps_accuracy_m": 5.0, "Wall_Condition": "Good", "Vegetation_Cover": "Clear (0-25% covered)", "Wall_Type": "Laid (carefully selected and fitted)", "Stone_Shape": [ "Block", "Tablet", "Slab" ], "Special_Features": [ "Flat top", "Retaining wall" ], "Surveyor_Name": "Leslie", "Comments": "", "Photo_URL": "https://five.epicollect.net/api/internal/media/little-compton-wall-inventory-2025?type=photo&format=entry_original&name=a379ab01-7be0-4e1d-be5a-f7088262def6_1775062093.jpg", "Photo_Filename": "a379ab01-7be0-4e1d-be5a-f7088262def6_1775062093.jpg" }, "geometry": { "type": "Point", "coordinates": [ -71.172388, 41.509146 ] } },
{ "type": "Feature", "properties": { "entry_id": "8576dec3-e1ff-437b-963e-b9763621c53d", "created_at": "2026-04-01T16:46:51Z", "gps_accuracy_m": 13.0, "Wall_Condition": "Good", "Vegetation_Cover": "Clear (0-25% covered)", "Wall_Type": "Laid (carefully selected and fitted)", "Stone_Shape": [ "Slab", "Ball", "Block", "Tablet" ], "Special_Features": [ "Flat top", "Retaining wall" ], "Surveyor_Name": "Leslie", "Comments": "", "Photo_URL": "https://five.epicollect.net/api/internal/media/little-compton-wall-inventory-2025?type=photo&format=entry_original&name=8576dec3-e1ff-437b-963e-b9763621c53d_1775061964.jpg", "Photo_Filename": "8576dec3-e1ff-437b-963e-b9763621c53d_1775061964.jpg" }, "geometry": { "type": "Point", "coordinates": [ -71.17209, 41.509105 ] } },
{ "type": "Feature", "properties": { "entry_id": "1344fef0-db4d-4b77-a7e5-6bcd00fa31d4", "created_at": "2026-04-01T16:45:10Z", "gps_accuracy_m": 11.0, "Wall_Condition": "Good", "Vegetation_Cover": "Clear (0-25% covered)", "Wall_Type": "Laid (carefully selected and fitted)", "Stone_Shape": [ "Slab", "Block", "Tablet" ], "Special_Features": [ "Flat top", "Retaining wall" ], "Surveyor_Name": "Leslie", "Comments": "", "Photo_URL": "https://five.epicollect.net/api/internal/media/little-compton-wall-inventory-2025?type=photo&format=entry_original&name=1344fef0-db4d-4b77-a7e5-6bcd00fa31d4_1775061877.jpg", "Photo_Filename": "1344fef0-db4d-4b77-a7e5-6bcd00fa31d4_1775061877.jpg" }, "geometry": { "type": "Point", "coordinates": [ -71.171461, 41.50911 ] } },
{ "type": "Feature", "properties": { "entry_id": "fe0c12bc-8910-43de-a092-29fd67e1fd81", "created_at": "2026-04-01T16:43:44Z", "gps_accuracy_m": 3.0, "Wall_Condition": "Good", "Vegetation_Cover": "Clear (0-25% covered)", "Wall_Type": "Laid (carefully selected and fitted)", "Stone_Shape": [ "Block", "Tablet", "Slab" ], "Special_Features": [ "Flat top", "Retaining wall" ], "Surveyor_Name": "Leslie", "Comments": "", "Photo_URL": "https://five.epicollect.net/api/internal/media/little-compton-wall-inventory-2025?type=photo&format=entry_original&name=fe0c12bc-8910-43de-a092-29fd67e1fd81_1775061776.jpg", "Photo_Filename": "fe0c12bc-8910-43de-a092-29fd67e1fd81_1775061776.jpg" }, "geometry": { "type": "Point", "coordinates": [ -71.171203, 41.509094 ] } },
{ "type": "Feature", "properties": { "entry_id": "dfbdf6c1-ecae-4751-8f62-a3d3455272ea", "created_at": "2026-04-01T16:42:11Z", "gps_accuracy_m": 3.0, "Wall_Condition": "Good", "Vegetation_Cover": "Clear (0-25% covered)", "Wall_Type": "Laid (carefully selected and fitted)", "Stone_Shape": [ "Tablet", "Slab" ], "Special_Features": [ "Flat top", "Opening in wall" ], "Surveyor_Name": "Leslie", "Comments": "", "Photo_URL": "https://five.epicollect.net/api/internal/media/little-compton-wall-inventory-2025?type=photo&format=entry_original&name=dfbdf6c1-ecae-4751-8f62-a3d3455272ea_1775061671.jpg", "Photo_Filename": "dfbdf6c1-ecae-4751-8f62-a3d3455272ea_1775061671.jpg" }, "geometry": { "type": "Point", "coordinates": [ -71.171313, 41.509087 ] } },
{ "type": "Feature", "properties": { "entry_id": "98939539-8cac-41ba-8a84-0e1fe1875506", "created_at": "2026-04-01T16:40:34Z", "gps_accuracy_m": 4.0, "Wall_Condition": "Good", "Vegetation_Cover": "Clear (0-25% covered)", "Wall_Type": "Laid (carefully selected and fitted)", "Stone_Shape": [ "Tablet", "Slab" ], "Special_Features": [ "Flat top", "Opening in wall" ], "Surveyor_Name": "Leslie", "Comments": "", "Photo_URL": "https://five.epicollect.net/api/internal/media/little-compton-wall-inventory-2025?type=photo&format=entry_original&name=98939539-8cac-41ba-8a84-0e1fe1875506_1775061598.jpg", "Photo_Filename": "98939539-8cac-41ba-8a84-0e1fe1875506_1775061598.jpg" }, "geometry": { "type": "Point", "coordinates": [ -71.171309, 41.509081 ] } },
{ "type": "Feature", "properties": { "entry_id": "42009fb5-79ed-484b-ae47-b13a6386476a", "created_at": "2026-04-01T16:39:15Z", "gps_accuracy_m": 19.0, "Wall_Condition": "Good", "Vegetation_Cover": "Clear (0-25% covered)", "Wall_Type": "Laid (carefully selected and fitted)", "Stone_Shape": [ "Slab", "Tablet" ], "Special_Features": [ "Flat top", "Opening in wall" ], "Surveyor_Name": "Leslie", "Comments": "", "Photo_URL": "https://five.epicollect.net/api/internal/media/little-compton-wall-inventory-2025?type=photo&format=entry_original&name=42009fb5-79ed-484b-ae47-b13a6386476a_1775061518.jpg", "Photo_Filename": "42009fb5-79ed-484b-ae47-b13a6386476a_1775061518.jpg" }, "geometry": { "type": "Point", "coordinates": [ -71.171611, 41.509129 ] } },
{ "type": "Feature", "properties": { "entry_id": "fcd29672-621a-452a-a1a0-772a28c5c7ee", "created_at": "2026-04-01T16:37:40Z", "gps_accuracy_m": 3.0, "Wall_Condition": "Good", "Vegetation_Cover": "Clear (0-25% covered)", "Wall_Type": "Laid (carefully selected and fitted)", "Stone_Shape": [ "Tablet", "Slab", "Block" ], "Special_Features": [ "Flat top", "Opening in wall" ], "Surveyor_Name": "Leslie", "Comments": "", "Photo_URL": "https://five.epicollect.net/api/internal/media/little-compton-wall-inventory-2025?type=photo&format=entry_original&name=fcd29672-621a-452a-a1a0-772a28c5c7ee_1775061426.jpg", "Photo_Filename": "fcd29672-621a-452a-a1a0-772a28c5c7ee_1775061426.jpg" }, "geometry": { "type": "Point", "coordinates": [ -71.17189, 41.509072 ] } },
{ "type": "Feature", "properties": { "entry_id": "289e95f2-20e7-4a3d-bea9-484796df1d36", "created_at": "2026-04-01T16:36:33Z", "gps_accuracy_m": 4.0, "Wall_Condition": "Good", "Vegetation_Cover": "Clear (0-25% covered)", "Wall_Type": "Laid (carefully selected and fitted)", "Stone_Shape": [ "Tablet", "Slab", "Block" ], "Special_Features": [ "Flat top", "Opening in wall" ], "Surveyor_Name": "Leslie", "Comments": "", "Photo_URL": "https://five.epicollect.net/api/internal/media/little-compton-wall-inventory-2025?type=photo&format=entry_original&name=289e95f2-20e7-4a3d-bea9-484796df1d36_1775061316.jpg", "Photo_Filename": "289e95f2-20e7-4a3d-bea9-484796df1d36_1775061316.jpg" }, "geometry": { "type": "Point", "coordinates": [ -71.172006, 41.509096 ] } },
{ "type": "Feature", "properties": { "entry_id": "085a82fc-6bd7-406e-ab7e-2793368f447e", "created_at": "2026-04-01T16:33:31Z", "gps_accuracy_m": 4.0, "Wall_Condition": "Good", "Vegetation_Cover": "Clear (0-25% covered)", "Wall_Type": "Laid (carefully selected and fitted)", "Stone_Shape": [ "Prism" ], "Special_Features": [ "Opening in wall" ], "Surveyor_Name": "Leslie", "Comments": "", "Photo_URL": "https://five.epicollect.net/api/internal/media/little-compton-wall-inventory-2025?type=photo&format=entry_original&name=085a82fc-6bd7-406e-ab7e-2793368f447e_1775061092.jpg", "Photo_Filename": "085a82fc-6bd7-406e-ab7e-2793368f447e_1775061092.jpg" }, "geometry": { "type": "Point", "coordinates": [ -71.172961, 41.509031 ] } },
{ "type": "Feature", "properties": { "entry_id": "1f36d806-c3ad-4f6f-9d1d-22f6c8427908", "created_at": "2026-04-01T16:30:37Z", "gps_accuracy_m": 18.0, "Wall_Condition": "Good", "Vegetation_Cover": "Clear (0-25% covered)", "Wall_Type": "Laid (carefully selected and fitted)", "Stone_Shape": [ "Tablet", "Slab" ], "Special_Features": [ "Flat top", "Retaining wall" ], "Surveyor_Name": "Leslie", "Comments": "", "Photo_URL": "https://five.epicollect.net/api/internal/media/little-compton-wall-inventory-2025?type=photo&format=entry_original&name=1f36d806-c3ad-4f6f-9d1d-22f6c8427908_1775060941.jpg", "Photo_Filename": "1f36d806-c3ad-4f6f-9d1d-22f6c8427908_1775060941.jpg" }, "geometry": { "type": "Point", "coordinates": [ -71.173218, 41.508895 ] } },
{ "type": "Feature", "properties": { "entry_id": "2d460a28-7e18-462e-b49d-d22a483f0da2", "created_at": "2026-03-29T20:29:58Z", "gps_accuracy_m": 4.0, "Wall_Condition": "Fair", "Vegetation_Cover": "Clear (0-25% covered)", "Wall_Type": "Stacked (stones placed loosely)", "Stone_Shape": [ "Slab", "Ball", "Tablet" ], "Special_Features": [ "Opening in wall", "Other (add comment)" ], "Surveyor_Name": "Lavinia Gadsden", "Comments": "This was a wall built to fence in a farm. Rough, hand built.", "Photo_URL": "https://five.epicollect.net/api/internal/media/little-compton-wall-inventory-2025?type=photo&format=entry_original&name=2d460a28-7e18-462e-b49d-d22a483f0da2_1774815802.jpg", "Photo_Filename": "2d460a28-7e18-462e-b49d-d22a483f0da2_1774815802.jpg" }, "geometry": { "type": "Point", "coordinates": [ -71.162926, 41.517297 ] } },
{ "type": "Feature", "properties": { "entry_id": "2c1b1e16-90ff-48ad-af34-2114069228e9", "created_at": "2026-03-29T15:23:55Z", "gps_accuracy_m": 4.0, "Wall_Condition": "Good", "Vegetation_Cover": "Clear (0-25% covered)", "Wall_Type": "Laid (carefully selected and fitted)", "Stone_Shape": [ "Ball", "Slab", "Block", "Tablet" ], "Special_Features": [ "Retaining wall", "Flat top" ], "Surveyor_Name": "JulieMankiewicz", "Comments": "", "Photo_URL": "https://five.epicollect.net/api/internal/media/little-compton-wall-inventory-2025?type=photo&format=entry_original&name=2c1b1e16-90ff-48ad-af34-2114069228e9_1774797772.jpg", "Photo_Filename": "2c1b1e16-90ff-48ad-af34-2114069228e9_1774797772.jpg" }, "geometry": { "type": "Point", "coordinates": [ -71.159324, 41.485824 ] } },
{ "type": "Feature", "properties": { "entry_id": "32549e08-d148-4ac1-b0b7-2105070f65a5", "created_at": "2026-03-29T15:21:08Z", "gps_accuracy_m": 5.0, "Wall_Condition": "Poor", "Vegetation_Cover": "Hidden (75-100% covered)", "Wall_Type": "Dumped (stones piled on ground)", "Stone_Shape": [ "Ball" ], "Special_Features": [ ], "Surveyor_Name": "JulieMankiewicz", "Comments": "", "Photo_URL": "https://five.epicollect.net/api/internal/media/little-compton-wall-inventory-2025?type=photo&format=entry_original&name=32549e08-d148-4ac1-b0b7-2105070f65a5_1774797646.jpg", "Photo_Filename": "32549e08-d148-4ac1-b0b7-2105070f65a5_1774797646.jpg" }, "geometry": { "type": "Point", "coordinates": [ -71.159267, 41.486051 ] } },
{ "type": "Feature", "properties": { "entry_id": "bb32833c-ca2a-4c01-bc34-b0b1cd021f1b", "created_at": "2026-03-29T15:19:46Z", "gps_accuracy_m": 4.0, "Wall_Condition": "Poor", "Vegetation_Cover": "Hidden (75-100% covered)", "Wall_Type": "Dumped (stones piled on ground)", "Stone_Shape": [ "Ball" ], "Special_Features": [ ], "Surveyor_Name": "JulieMankiewicz", "Comments": "", "Photo_URL": "https://five.epicollect.net/api/internal/media/little-compton-wall-inventory-2025?type=photo&format=entry_original&name=bb32833c-ca2a-4c01-bc34-b0b1cd021f1b_1774797554.jpg", "Photo_Filename": "bb32833c-ca2a-4c01-bc34-b0b1cd021f1b_1774797554.jpg" }, "geometry": { "type": "Point", "coordinates": [ -71.159259, 41.486115 ] } },
{ "type": "Feature", "properties": { "entry_id": "fe49fd3b-4a1e-4e96-8965-312fb9c94572", "created_at": "2026-03-29T15:18:41Z", "gps_accuracy_m": 13.0, "Wall_Condition": "Poor", "Vegetation_Cover": "Hidden (75-100% covered)", "Wall_Type": "Dumped (stones piled on ground)", "Stone_Shape": [ "Ball" ], "Special_Features": [ ], "Surveyor_Name": "JulieMankiewicz", "Comments": "", "Photo_URL": "https://five.epicollect.net/api/internal/media/little-compton-wall-inventory-2025?type=photo&format=entry_original&name=fe49fd3b-4a1e-4e96-8965-312fb9c94572_1774797471.jpg", "Photo_Filename": "fe49fd3b-4a1e-4e96-8965-312fb9c94572_1774797471.jpg" }, "geometry": { "type": "Point", "coordinates": [ -71.15896, 41.486189 ] } },
{ "type": "Feature", "properties": { "entry_id": "69e190d5-04a6-4499-82ab-19d7eb0fb3cc", "created_at": "2026-03-29T15:15:46Z", "gps_accuracy_m": 6.0, "Wall_Condition": "Good", "Vegetation_Cover": "Clear (0-25% covered)", "Wall_Type": "Laid (carefully selected and fitted)", "Stone_Shape": [ "Ball", "Slab", "Block", "Tablet" ], "Special_Features": [ "Flat top", "Opening in wall", "Double-sided" ], "Surveyor_Name": "JulieMankiewicz", "Comments": "", "Photo_URL": "https://five.epicollect.net/api/internal/media/little-compton-wall-inventory-2025?type=photo&format=entry_original&name=69e190d5-04a6-4499-82ab-19d7eb0fb3cc_1774797312.jpg", "Photo_Filename": "69e190d5-04a6-4499-82ab-19d7eb0fb3cc_1774797312.jpg" }, "geometry": { "type": "Point", "coordinates": [ -71.158755, 41.486357 ] } },
{ "type": "Feature", "properties": { "entry_id": "241bafdd-7b08-48a9-a73d-3f0feb2cbd43", "created_at": "2026-03-29T15:14:34Z", "gps_accuracy_m": 36.0, "Wall_Condition": "Good", "Vegetation_Cover": "Clear (0-25% covered)", "Wall_Type": "Laid (carefully selected and fitted)", "Stone_Shape": [ "Ball", "Slab", "Block", "Tablet" ], "Special_Features": [ "Recently rebuilt", "Flat top", "Double-sided" ], "Surveyor_Name": "JulieMankiewicz", "Comments": "", "Photo_URL": "https://five.epicollect.net/api/internal/media/little-compton-wall-inventory-2025?type=photo&format=entry_original&name=241bafdd-7b08-48a9-a73d-3f0feb2cbd43_1774797245.jpg", "Photo_Filename": "241bafdd-7b08-48a9-a73d-3f0feb2cbd43_1774797245.jpg" }, "geometry": { "type": "Point", "coordinates": [ -71.158486, 41.486302 ] } },
{ "type": "Feature", "properties": { "entry_id": "4952e501-0c34-4ac1-9e1a-0dc717f0b3ec", "created_at": "2026-03-29T15:13:29Z", "gps_accuracy_m": 4.0, "Wall_Condition": "Good", "Vegetation_Cover": "Clear (0-25% covered)", "Wall_Type": "Laid (carefully selected and fitted)", "Stone_Shape": [ "Ball", "Slab", "Block", "Tablet" ], "Special_Features": [ "Flat top", "Opening in wall", "Double-sided" ], "Surveyor_Name": "JulieMankiewicz", "Comments": "", "Photo_URL": "https://five.epicollect.net/api/internal/media/little-compton-wall-inventory-2025?type=photo&format=entry_original&name=4952e501-0c34-4ac1-9e1a-0dc717f0b3ec_1774797167.jpg", "Photo_Filename": "4952e501-0c34-4ac1-9e1a-0dc717f0b3ec_1774797167.jpg" }, "geometry": { "type": "Point", "coordinates": [ -71.15852, 41.486615 ] } },
{ "type": "Feature", "properties": { "entry_id": "60a6fe1e-e580-4135-b951-6ac83e033f5b", "created_at": "2026-03-29T15:11:53Z", "gps_accuracy_m": 28.0, "Wall_Condition": "Good", "Vegetation_Cover": "Clear (0-25% covered)", "Wall_Type": "Laid (carefully selected and fitted)", "Stone_Shape": [ "Ball", "Slab", "Block", "Tablet" ], "Special_Features": [ "Flat top", "Double-sided", "Recently rebuilt" ], "Surveyor_Name": "JulieMankiewicz", "Comments": "", "Photo_URL": "https://five.epicollect.net/api/internal/media/little-compton-wall-inventory-2025?type=photo&format=entry_original&name=60a6fe1e-e580-4135-b951-6ac83e033f5b_1774797080.jpg", "Photo_Filename": "60a6fe1e-e580-4135-b951-6ac83e033f5b_1774797080.jpg" }, "geometry": { "type": "Point", "coordinates": [ -71.158374, 41.486416 ] } },
{ "type": "Feature", "properties": { "entry_id": "3ad78903-37c6-4bed-804b-0b41cac9c9f0", "created_at": "2026-03-29T15:10:24Z", "gps_accuracy_m": 72.0, "Wall_Condition": "Good", "Vegetation_Cover": "Clear (0-25% covered)", "Wall_Type": "Laid (carefully selected and fitted)", "Stone_Shape": [ "Ball", "Slab", "Block", "Tablet" ], "Special_Features": [ "Flat top", "Recently rebuilt", "Double-sided" ], "Surveyor_Name": "JulieMankiewicz", "Comments": "", "Photo_URL": "https://five.epicollect.net/api/internal/media/little-compton-wall-inventory-2025?type=photo&format=entry_original&name=3ad78903-37c6-4bed-804b-0b41cac9c9f0_1774796503.jpg", "Photo_Filename": "3ad78903-37c6-4bed-804b-0b41cac9c9f0_1774796503.jpg" }, "geometry": { "type": "Point", "coordinates": [ -71.158256, 41.486391 ] } },
{ "type": "Feature", "properties": { "entry_id": "65eca750-9dc8-4401-b432-cc8f2d954168", "created_at": "2026-03-29T15:01:04Z", "gps_accuracy_m": 4.0, "Wall_Condition": "Good", "Vegetation_Cover": "Clear (0-25% covered)", "Wall_Type": "Laid (carefully selected and fitted)", "Stone_Shape": [ "Ball", "Slab", "Block", "Tablet" ], "Special_Features": [ "Flat top", "Recently rebuilt", "Double-sided" ], "Surveyor_Name": "JulieMankiewicz", "Comments": "", "Photo_URL": "https://five.epicollect.net/api/internal/media/little-compton-wall-inventory-2025?type=photo&format=entry_original&name=65eca750-9dc8-4401-b432-cc8f2d954168_1774796419.jpg", "Photo_Filename": "65eca750-9dc8-4401-b432-cc8f2d954168_1774796419.jpg" }, "geometry": { "type": "Point", "coordinates": [ -71.158183, 41.486812 ] } },
{ "type": "Feature", "properties": { "entry_id": "d9a67403-b9ea-441c-ac47-a9f45d91e9c8", "created_at": "2026-03-29T14:59:14Z", "gps_accuracy_m": 5.0, "Wall_Condition": "Good", "Vegetation_Cover": "Clear (0-25% covered)", "Wall_Type": "Laid (carefully selected and fitted)", "Stone_Shape": [ "Ball", "Slab", "Block", "Tablet" ], "Special_Features": [ "Flat top", "Recently rebuilt", "Double-sided" ], "Surveyor_Name": "JulieMankiewicz", "Comments": "", "Photo_URL": "https://five.epicollect.net/api/internal/media/little-compton-wall-inventory-2025?type=photo&format=entry_original&name=d9a67403-b9ea-441c-ac47-a9f45d91e9c8_1774796318.jpg", "Photo_Filename": "d9a67403-b9ea-441c-ac47-a9f45d91e9c8_1774796318.jpg" }, "geometry": { "type": "Point", "coordinates": [ -71.158039, 41.486916 ] } },
{ "type": "Feature", "properties": { "entry_id": "d8dd5307-fc88-4bb1-944c-0c95a0ee6c9a", "created_at": "2026-03-29T14:57:58Z", "gps_accuracy_m": 30.0, "Wall_Condition": "Good", "Vegetation_Cover": "Clear (0-25% covered)", "Wall_Type": "Laid (carefully selected and fitted)", "Stone_Shape": [ "Ball", "Slab", "Block", "Tablet" ], "Special_Features": [ "Double-sided", "Flat top" ], "Surveyor_Name": "JulieMankiewicz", "Comments": "", "Photo_URL": "https://five.epicollect.net/api/internal/media/little-compton-wall-inventory-2025?type=photo&format=entry_original&name=d8dd5307-fc88-4bb1-944c-0c95a0ee6c9a_1774796219.jpg", "Photo_Filename": "d8dd5307-fc88-4bb1-944c-0c95a0ee6c9a_1774796219.jpg" }, "geometry": { "type": "Point", "coordinates": [ -71.157876, 41.486669 ] } },
{ "type": "Feature", "properties": { "entry_id": "de49c413-2a5c-4631-9054-a178af1b9993", "created_at": "2026-03-29T14:56:17Z", "gps_accuracy_m": 4.0, "Wall_Condition": "Fair", "Vegetation_Cover": "Clear (0-25% covered)", "Wall_Type": "Stacked (stones placed loosely)", "Stone_Shape": [ "Ball", "Slab", "Block", "Tablet" ], "Special_Features": [ ], "Surveyor_Name": "JulieMankiewicz", "Comments": "", "Photo_URL": "https://five.epicollect.net/api/internal/media/little-compton-wall-inventory-2025?type=photo&format=entry_original&name=de49c413-2a5c-4631-9054-a178af1b9993_1774796152.jpg", "Photo_Filename": "de49c413-2a5c-4631-9054-a178af1b9993_1774796152.jpg" }, "geometry": { "type": "Point", "coordinates": [ -71.157766, 41.487034 ] } },
{ "type": "Feature", "properties": { "entry_id": "dd94606e-255b-4724-9ded-d38f0fb6618e", "created_at": "2026-03-29T14:54:51Z", "gps_accuracy_m": 5.0, "Wall_Condition": "Fair", "Vegetation_Cover": "Clear (0-25% covered)", "Wall_Type": "Stacked (stones placed loosely)", "Stone_Shape": [ "Ball", "Slab", "Block", "Tablet" ], "Special_Features": [ ], "Surveyor_Name": "JulieMankiewicz", "Comments": "", "Photo_URL": "https://five.epicollect.net/api/internal/media/little-compton-wall-inventory-2025?type=photo&format=entry_original&name=dd94606e-255b-4724-9ded-d38f0fb6618e_1774796041.jpg", "Photo_Filename": "dd94606e-255b-4724-9ded-d38f0fb6618e_1774796041.jpg" }, "geometry": { "type": "Point", "coordinates": [ -71.157561, 41.487136 ] } },
{ "type": "Feature", "properties": { "entry_id": "34009b53-19d4-4638-b4a4-4c5a82032068", "created_at": "2026-03-29T14:52:38Z", "gps_accuracy_m": 7.0, "Wall_Condition": "Fair", "Vegetation_Cover": "Clear (0-25% covered)", "Wall_Type": "Stacked (stones placed loosely)", "Stone_Shape": [ "Ball", "Slab", "Block", "Tablet" ], "Special_Features": [ "Opening in wall" ], "Surveyor_Name": "JulieMankiewicz", "Comments": "", "Photo_URL": "https://five.epicollect.net/api/internal/media/little-compton-wall-inventory-2025?type=photo&format=entry_original&name=34009b53-19d4-4638-b4a4-4c5a82032068_1774795915.jpg", "Photo_Filename": "34009b53-19d4-4638-b4a4-4c5a82032068_1774795915.jpg" }, "geometry": { "type": "Point", "coordinates": [ -71.157425, 41.487238 ] } },
{ "type": "Feature", "properties": { "entry_id": "8b217349-8d4d-4fda-829d-2779a7b375aa", "created_at": "2026-03-29T14:50:34Z", "gps_accuracy_m": 14.0, "Wall_Condition": "Fair", "Vegetation_Cover": "Clear (0-25% covered)", "Wall_Type": "Stacked (stones placed loosely)", "Stone_Shape": [ "Ball", "Slab", "Block", "Tablet" ], "Special_Features": [ ], "Surveyor_Name": "JulieMankiewicz", "Comments": "", "Photo_URL": "https://five.epicollect.net/api/internal/media/little-compton-wall-inventory-2025?type=photo&format=entry_original&name=8b217349-8d4d-4fda-829d-2779a7b375aa_1774795748.jpg", "Photo_Filename": "8b217349-8d4d-4fda-829d-2779a7b375aa_1774795748.jpg" }, "geometry": { "type": "Point", "coordinates": [ -71.157239, 41.487271 ] } },
{ "type": "Feature", "properties": { "entry_id": "2f727101-798a-4295-9768-331b525df108", "created_at": "2026-03-29T14:48:15Z", "gps_accuracy_m": 10.0, "Wall_Condition": "Good", "Vegetation_Cover": "Clear (0-25% covered)", "Wall_Type": "Laid (carefully selected and fitted)", "Stone_Shape": [ "Ball", "Slab", "Tablet", "Block" ], "Special_Features": [ "Flat top", "Recently rebuilt" ], "Surveyor_Name": "JulieMankiewicz", "Comments": "", "Photo_URL": "https://five.epicollect.net/api/internal/media/little-compton-wall-inventory-2025?type=photo&format=entry_original&name=2f727101-798a-4295-9768-331b525df108_1774795654.jpg", "Photo_Filename": "2f727101-798a-4295-9768-331b525df108_1774795654.jpg" }, "geometry": { "type": "Point", "coordinates": [ -71.156879, 41.487485 ] } },
{ "type": "Feature", "properties": { "entry_id": "66ac8ce4-bec6-46a0-84d4-9fc11239e120", "created_at": "2026-03-29T14:46:53Z", "gps_accuracy_m": 14.0, "Wall_Condition": "Good", "Vegetation_Cover": "Clear (0-25% covered)", "Wall_Type": "Laid (carefully selected and fitted)", "Stone_Shape": [ "Ball", "Slab", "Tablet", "Block" ], "Special_Features": [ "Flat top" ], "Surveyor_Name": "JulieMankiewicz", "Comments": "", "Photo_URL": "https://five.epicollect.net/api/internal/media/little-compton-wall-inventory-2025?type=photo&format=entry_original&name=66ac8ce4-bec6-46a0-84d4-9fc11239e120_1774795556.jpg", "Photo_Filename": "66ac8ce4-bec6-46a0-84d4-9fc11239e120_1774795556.jpg" }, "geometry": { "type": "Point", "coordinates": [ -71.156905, 41.487436 ] } },
{ "type": "Feature", "properties": { "entry_id": "67836f98-8f61-4966-bc0d-7b1c4b89eded", "created_at": "2026-03-29T14:45:13Z", "gps_accuracy_m": 22.0, "Wall_Condition": "Good", "Vegetation_Cover": "Clear (0-25% covered)", "Wall_Type": "Laid (carefully selected and fitted)", "Stone_Shape": [ "Ball", "Slab", "Block", "Tablet" ], "Special_Features": [ "Recently rebuilt" ], "Surveyor_Name": "JulieMankiewicz", "Comments": "", "Photo_URL": "https://five.epicollect.net/api/internal/media/little-compton-wall-inventory-2025?type=photo&format=entry_original&name=67836f98-8f61-4966-bc0d-7b1c4b89eded_1774795461.jpg", "Photo_Filename": "67836f98-8f61-4966-bc0d-7b1c4b89eded_1774795461.jpg" }, "geometry": { "type": "Point", "coordinates": [ -71.157039, 41.4878 ] } },
{ "type": "Feature", "properties": { "entry_id": "0d64faa4-42bf-4c2c-a378-e511f6477edc", "created_at": "2026-03-29T14:43:32Z", "gps_accuracy_m": 4.0, "Wall_Condition": "Good", "Vegetation_Cover": "Clear (0-25% covered)", "Wall_Type": "Laid (carefully selected and fitted)", "Stone_Shape": [ "Ball", "Slab", "Block", "Tablet" ], "Special_Features": [ "Flat top", "Recently rebuilt", "Other (add comment)" ], "Surveyor_Name": "JulieMankiewicz", "Comments": "By Cawley in 2025", "Photo_URL": "https://five.epicollect.net/api/internal/media/little-compton-wall-inventory-2025?type=photo&format=entry_original&name=0d64faa4-42bf-4c2c-a378-e511f6477edc_1774795285.jpg", "Photo_Filename": "0d64faa4-42bf-4c2c-a378-e511f6477edc_1774795285.jpg" }, "geometry": { "type": "Point", "coordinates": [ -71.156556, 41.487577 ] } },
{ "type": "Feature", "properties": { "entry_id": "dc504228-54b2-48c4-8f99-b3dd4444d423", "created_at": "2026-03-29T14:40:16Z", "gps_accuracy_m": 4.0, "Wall_Condition": "Fair", "Vegetation_Cover": "Some overgrowth (25-50% covered)", "Wall_Type": "Stacked (stones placed loosely)", "Stone_Shape": [ "Ball", "Slab", "Block", "Tablet" ], "Special_Features": [ ], "Surveyor_Name": "JulieMankiewicz", "Comments": "", "Photo_URL": "https://five.epicollect.net/api/internal/media/little-compton-wall-inventory-2025?type=photo&format=entry_original&name=dc504228-54b2-48c4-8f99-b3dd4444d423_1774795177.jpg", "Photo_Filename": "dc504228-54b2-48c4-8f99-b3dd4444d423_1774795177.jpg" }, "geometry": { "type": "Point", "coordinates": [ -71.156456, 41.487595 ] } },
{ "type": "Feature", "properties": { "entry_id": "d5c71a29-ad9b-4eae-9858-b8cc47b8124d", "created_at": "2026-03-29T14:38:55Z", "gps_accuracy_m": 14.0, "Wall_Condition": "Fair", "Vegetation_Cover": "Clear (0-25% covered)", "Wall_Type": "Stacked (stones placed loosely)", "Stone_Shape": [ "Ball", "Slab", "Block", "Tablet" ], "Special_Features": [ ], "Surveyor_Name": "JulieMankiewicz", "Comments": "", "Photo_URL": "https://five.epicollect.net/api/internal/media/little-compton-wall-inventory-2025?type=photo&format=entry_original&name=d5c71a29-ad9b-4eae-9858-b8cc47b8124d_1774795104.jpg", "Photo_Filename": "d5c71a29-ad9b-4eae-9858-b8cc47b8124d_1774795104.jpg" }, "geometry": { "type": "Point", "coordinates": [ -71.156282, 41.487727 ] } },
{ "type": "Feature", "properties": { "entry_id": "8eec13e5-5a77-4b2b-9c67-f4140c9c366c", "created_at": "2026-03-29T14:37:43Z", "gps_accuracy_m": 4.0, "Wall_Condition": "Fair", "Vegetation_Cover": "Clear (0-25% covered)", "Wall_Type": "Stacked (stones placed loosely)", "Stone_Shape": [ "Ball", "Slab", "Block" ], "Special_Features": [ ], "Surveyor_Name": "JulieMankiewicz", "Comments": "", "Photo_URL": "https://five.epicollect.net/api/internal/media/little-compton-wall-inventory-2025?type=photo&format=entry_original&name=8eec13e5-5a77-4b2b-9c67-f4140c9c366c_1774795022.jpg", "Photo_Filename": "8eec13e5-5a77-4b2b-9c67-f4140c9c366c_1774795022.jpg" }, "geometry": { "type": "Point", "coordinates": [ -71.156199, 41.487763 ] } },
{ "type": "Feature", "properties": { "entry_id": "669c64ef-52a9-4113-9594-a343d682d2e6", "created_at": "2026-03-29T14:36:21Z", "gps_accuracy_m": 5.0, "Wall_Condition": "Fair", "Vegetation_Cover": "Some overgrowth (25-50% covered)", "Wall_Type": "Stacked (stones placed loosely)", "Stone_Shape": [ "Ball", "Slab", "Block" ], "Special_Features": [ ], "Surveyor_Name": "JulieMankiewicz", "Comments": "", "Photo_URL": "https://five.epicollect.net/api/internal/media/little-compton-wall-inventory-2025?type=photo&format=entry_original&name=669c64ef-52a9-4113-9594-a343d682d2e6_1774794927.jpg", "Photo_Filename": "669c64ef-52a9-4113-9594-a343d682d2e6_1774794927.jpg" }, "geometry": { "type": "Point", "coordinates": [ -71.156034, 41.487887 ] } },
{ "type": "Feature", "properties": { "entry_id": "3cd1d064-386b-4a3c-a1e1-c4efb610f227", "created_at": "2026-03-29T14:35:06Z", "gps_accuracy_m": 8.0, "Wall_Condition": "Fair", "Vegetation_Cover": "Clear (0-25% covered)", "Wall_Type": "Stacked (stones placed loosely)", "Stone_Shape": [ "Ball", "Slab", "Pillow" ], "Special_Features": [ "Opening in wall" ], "Surveyor_Name": "Steve", "Comments": "", "Photo_URL": "https://five.epicollect.net/api/internal/media/little-compton-wall-inventory-2025?type=photo&format=entry_original&name=3cd1d064-386b-4a3c-a1e1-c4efb610f227_1774794863.jpg", "Photo_Filename": "3cd1d064-386b-4a3c-a1e1-c4efb610f227_1774794863.jpg" }, "geometry": { "type": "Point", "coordinates": [ -71.133906, 41.537016 ] } },
{ "type": "Feature", "properties": { "entry_id": "389b7963-856a-4953-8fbe-b63f04ce9b53", "created_at": "2026-03-29T14:33:15Z", "gps_accuracy_m": 6.0, "Wall_Condition": "Poor", "Vegetation_Cover": "Clear (0-25% covered)", "Wall_Type": "Stacked (stones placed loosely)", "Stone_Shape": [ "Ball", "Slab" ], "Special_Features": [ ], "Surveyor_Name": "Steve", "Comments": "", "Photo_URL": "https://five.epicollect.net/api/internal/media/little-compton-wall-inventory-2025?type=photo&format=entry_original&name=389b7963-856a-4953-8fbe-b63f04ce9b53_1774794737.jpg", "Photo_Filename": "389b7963-856a-4953-8fbe-b63f04ce9b53_1774794737.jpg" }, "geometry": { "type": "Point", "coordinates": [ -71.134021, 41.537262 ] } },
{ "type": "Feature", "properties": { "entry_id": "55a59f72-41e5-486f-b5c0-9030ce0fef59", "created_at": "2026-03-29T14:32:46Z", "gps_accuracy_m": 14.0, "Wall_Condition": "Good", "Vegetation_Cover": "Clear (0-25% covered)", "Wall_Type": "Stacked (stones placed loosely)", "Stone_Shape": [ "Ball", "Slab", "Block", "Tablet" ], "Special_Features": [ "Other (add comment)" ], "Surveyor_Name": "JulieMankiewicz", "Comments": "Some parts flat topped, some not", "Photo_URL": "https://five.epicollect.net/api/internal/media/little-compton-wall-inventory-2025?type=photo&format=entry_original&name=55a59f72-41e5-486f-b5c0-9030ce0fef59_1774794661.jpg", "Photo_Filename": "55a59f72-41e5-486f-b5c0-9030ce0fef59_1774794661.jpg" }, "geometry": { "type": "Point", "coordinates": [ -71.155943, 41.488003 ] } },
{ "type": "Feature", "properties": { "entry_id": "9dccf6f4-cd84-4539-9fee-dc9bbed6feba", "created_at": "2026-03-29T14:31:47Z", "gps_accuracy_m": 7.0, "Wall_Condition": "Poor", "Vegetation_Cover": "Quite covered (50-75% covered)", "Wall_Type": "Stacked (stones placed loosely)", "Stone_Shape": [ "Ball", "Slab" ], "Special_Features": [ ], "Surveyor_Name": "Steve", "Comments": "", "Photo_URL": "https://five.epicollect.net/api/internal/media/little-compton-wall-inventory-2025?type=photo&format=entry_original&name=9dccf6f4-cd84-4539-9fee-dc9bbed6feba_1774794659.jpg", "Photo_Filename": "9dccf6f4-cd84-4539-9fee-dc9bbed6feba_1774794659.jpg" }, "geometry": { "type": "Point", "coordinates": [ -71.134065, 41.537375 ] } },
{ "type": "Feature", "properties": { "entry_id": "673c653c-4ba1-4c0e-b360-1d575cc4e373", "created_at": "2026-03-29T14:30:21Z", "gps_accuracy_m": 5.0, "Wall_Condition": "Fair", "Vegetation_Cover": "Quite covered (50-75% covered)", "Wall_Type": "Stacked (stones placed loosely)", "Stone_Shape": [ "Ball" ], "Special_Features": [ ], "Surveyor_Name": "Steve", "Comments": "", "Photo_URL": "https://five.epicollect.net/api/internal/media/little-compton-wall-inventory-2025?type=photo&format=entry_original&name=673c653c-4ba1-4c0e-b360-1d575cc4e373_1774794565.jpg", "Photo_Filename": "673c653c-4ba1-4c0e-b360-1d575cc4e373_1774794565.jpg" }, "geometry": { "type": "Point", "coordinates": [ -71.134124, 41.537456 ] } },
{ "type": "Feature", "properties": { "entry_id": "28ed51c0-478c-4feb-b752-f6c57b343712", "created_at": "2026-03-29T14:29:51Z", "gps_accuracy_m": 4.0, "Wall_Condition": "Good", "Vegetation_Cover": "Clear (0-25% covered)", "Wall_Type": "Laid (carefully selected and fitted)", "Stone_Shape": [ "Ball", "Slab", "Block", "Tablet" ], "Special_Features": [ "Flat top" ], "Surveyor_Name": "JulieMankiewicz", "Comments": "", "Photo_URL": "https://five.epicollect.net/api/internal/media/little-compton-wall-inventory-2025?type=photo&format=entry_original&name=28ed51c0-478c-4feb-b752-f6c57b343712_1774794567.jpg", "Photo_Filename": "28ed51c0-478c-4feb-b752-f6c57b343712_1774794567.jpg" }, "geometry": { "type": "Point", "coordinates": [ -71.155702, 41.488048 ] } },
{ "type": "Feature", "properties": { "entry_id": "f3cd44fc-9d56-495c-9230-dfc490837146", "created_at": "2026-03-29T14:28:44Z", "gps_accuracy_m": 4.0, "Wall_Condition": "Good", "Vegetation_Cover": "Clear (0-25% covered)", "Wall_Type": "Laid (carefully selected and fitted)", "Stone_Shape": [ "Ball", "Slab", "Block", "Tablet" ], "Special_Features": [ "Flat top" ], "Surveyor_Name": "JulieMankiewicz", "Comments": "", "Photo_URL": "https://five.epicollect.net/api/internal/media/little-compton-wall-inventory-2025?type=photo&format=entry_original&name=f3cd44fc-9d56-495c-9230-dfc490837146_1774794489.jpg", "Photo_Filename": "f3cd44fc-9d56-495c-9230-dfc490837146_1774794489.jpg" }, "geometry": { "type": "Point", "coordinates": [ -71.155808, 41.487904 ] } },
{ "type": "Feature", "properties": { "entry_id": "42d77b99-6922-417c-839d-b3f207e29a27", "created_at": "2026-03-29T14:27:26Z", "gps_accuracy_m": 13.0, "Wall_Condition": "Good", "Vegetation_Cover": "Clear (0-25% covered)", "Wall_Type": "Laid (carefully selected and fitted)", "Stone_Shape": [ "Ball", "Slab", "Block", "Tablet" ], "Special_Features": [ "Flat top" ], "Surveyor_Name": "JulieMankiewicz", "Comments": "", "Photo_URL": "https://five.epicollect.net/api/internal/media/little-compton-wall-inventory-2025?type=photo&format=entry_original&name=42d77b99-6922-417c-839d-b3f207e29a27_1774794413.jpg", "Photo_Filename": "42d77b99-6922-417c-839d-b3f207e29a27_1774794413.jpg" }, "geometry": { "type": "Point", "coordinates": [ -71.15591, 41.487875 ] } },
{ "type": "Feature", "properties": { "entry_id": "e20156eb-ede4-4a20-bb12-d8daab672969", "created_at": "2026-03-29T14:26:20Z", "gps_accuracy_m": 4.0, "Wall_Condition": "Good", "Vegetation_Cover": "Clear (0-25% covered)", "Wall_Type": "Laid (carefully selected and fitted)", "Stone_Shape": [ "Ball", "Slab", "Block", "Tablet" ], "Special_Features": [ "Flat top" ], "Surveyor_Name": "JulieMankiewicz", "Comments": "", "Photo_URL": "https://five.epicollect.net/api/internal/media/little-compton-wall-inventory-2025?type=photo&format=entry_original&name=e20156eb-ede4-4a20-bb12-d8daab672969_1774794340.jpg", "Photo_Filename": "e20156eb-ede4-4a20-bb12-d8daab672969_1774794340.jpg" }, "geometry": { "type": "Point", "coordinates": [ -71.156008, 41.487799 ] } },
{ "type": "Feature", "properties": { "entry_id": "9eeefb1f-b6e2-42e8-abbe-1908179ff64a", "created_at": "2026-03-29T13:34:32Z", "gps_accuracy_m": 23.0, "Wall_Condition": "Good", "Vegetation_Cover": "Clear (0-25% covered)", "Wall_Type": "Laid (carefully selected and fitted)", "Stone_Shape": [ "Ball", "Slab", "Block", "Tablet" ], "Special_Features": [ "Flat top" ], "Surveyor_Name": "JulieMankiewicz", "Comments": "", "Photo_URL": "https://five.epicollect.net/api/internal/media/little-compton-wall-inventory-2025?type=photo&format=entry_original&name=9eeefb1f-b6e2-42e8-abbe-1908179ff64a_1774790915.jpg", "Photo_Filename": "9eeefb1f-b6e2-42e8-abbe-1908179ff64a_1774790915.jpg" }, "geometry": { "type": "Point", "coordinates": [ -71.156927, 41.487785 ] } },
{ "type": "Feature", "properties": { "entry_id": "00f6c783-3f1c-4f01-8974-afa185922d69", "created_at": "2026-03-29T13:19:48Z", "gps_accuracy_m": 4.0, "Wall_Condition": "Good", "Vegetation_Cover": "Clear (0-25% covered)", "Wall_Type": "Stacked (stones placed loosely)", "Stone_Shape": [ "Ball", "Slab", "Block", "Tablet" ], "Special_Features": [ "Flat top" ], "Surveyor_Name": "JulieMankiewicz", "Comments": "", "Photo_URL": "https://five.epicollect.net/api/internal/media/little-compton-wall-inventory-2025?type=photo&format=entry_original&name=00f6c783-3f1c-4f01-8974-afa185922d69_1774790353.jpg", "Photo_Filename": "00f6c783-3f1c-4f01-8974-afa185922d69_1774790353.jpg" }, "geometry": { "type": "Point", "coordinates": [ -71.156287, 41.487697 ] } },
{ "type": "Feature", "properties": { "entry_id": "bb178e36-8526-4575-bef9-e474bd0abfbe", "created_at": "2026-03-29T13:18:29Z", "gps_accuracy_m": 17.0, "Wall_Condition": "Fair", "Vegetation_Cover": "Clear (0-25% covered)", "Wall_Type": "Stacked (stones placed loosely)", "Stone_Shape": [ "Ball", "Slab", "Block", "Tablet" ], "Special_Features": [ "Flat top" ], "Surveyor_Name": "JulieMankiewicz", "Comments": "", "Photo_URL": "https://five.epicollect.net/api/internal/media/little-compton-wall-inventory-2025?type=photo&format=entry_original&name=bb178e36-8526-4575-bef9-e474bd0abfbe_1774790253.jpg", "Photo_Filename": "bb178e36-8526-4575-bef9-e474bd0abfbe_1774790253.jpg" }, "geometry": { "type": "Point", "coordinates": [ -71.156943, 41.487854 ] } },
{ "type": "Feature", "properties": { "entry_id": "584fba55-f21f-4d2c-a557-6230b99d622f", "created_at": "2026-03-29T13:16:44Z", "gps_accuracy_m": 14.0, "Wall_Condition": "Fair", "Vegetation_Cover": "Clear (0-25% covered)", "Wall_Type": "Stacked (stones placed loosely)", "Stone_Shape": [ "Ball", "Slab", "Block", "Tablet" ], "Special_Features": [ "Flat top" ], "Surveyor_Name": "JulieMankiewicz", "Comments": "", "Photo_URL": "https://five.epicollect.net/api/internal/media/little-compton-wall-inventory-2025?type=photo&format=entry_original&name=584fba55-f21f-4d2c-a557-6230b99d622f_1774790137.jpg", "Photo_Filename": "584fba55-f21f-4d2c-a557-6230b99d622f_1774790137.jpg" }, "geometry": { "type": "Point", "coordinates": [ -71.156565, 41.487577 ] } },
{ "type": "Feature", "properties": { "entry_id": "261a09ce-873b-4def-87d0-29fd25ac94c5", "created_at": "2026-03-29T13:14:11Z", "gps_accuracy_m": 13.0, "Wall_Condition": "Good", "Vegetation_Cover": "Clear (0-25% covered)", "Wall_Type": "Laid (carefully selected and fitted)", "Stone_Shape": [ "Ball", "Slab", "Block", "Tablet" ], "Special_Features": [ "Flat top" ], "Surveyor_Name": "JulieMankiewicz", "Comments": "", "Photo_URL": "https://five.epicollect.net/api/internal/media/little-compton-wall-inventory-2025?type=photo&format=entry_original&name=261a09ce-873b-4def-87d0-29fd25ac94c5_1774790026.jpg", "Photo_Filename": "261a09ce-873b-4def-87d0-29fd25ac94c5_1774790026.jpg" }, "geometry": { "type": "Point", "coordinates": [ -71.157034, 41.487791 ] } },
{ "type": "Feature", "properties": { "entry_id": "1e83f6d4-d3d4-4309-b0f7-5b4fa7c174e5", "created_at": "2026-03-29T13:12:37Z", "gps_accuracy_m": 4.0, "Wall_Condition": "Good", "Vegetation_Cover": "Clear (0-25% covered)", "Wall_Type": "Laid (carefully selected and fitted)", "Stone_Shape": [ "Ball", "Slab", "Block", "Tablet" ], "Special_Features": [ "Flat top" ], "Surveyor_Name": "JulieMankiewicz", "Comments": "", "Photo_URL": "https://five.epicollect.net/api/internal/media/little-compton-wall-inventory-2025?type=photo&format=entry_original&name=1e83f6d4-d3d4-4309-b0f7-5b4fa7c174e5_1774789934.jpg", "Photo_Filename": "1e83f6d4-d3d4-4309-b0f7-5b4fa7c174e5_1774789934.jpg" }, "geometry": { "type": "Point", "coordinates": [ -71.156761, 41.487377 ] } },
{ "type": "Feature", "properties": { "entry_id": "384e40cb-e708-45ab-b5c3-cddb76940bf0", "created_at": "2026-03-29T13:11:02Z", "gps_accuracy_m": 4.0, "Wall_Condition": "Good", "Vegetation_Cover": "Clear (0-25% covered)", "Wall_Type": "Laid (carefully selected and fitted)", "Stone_Shape": [ "Ball", "Slab", "Block", "Tablet" ], "Special_Features": [ "Flat top" ], "Surveyor_Name": "JulieMankiewicz", "Comments": "", "Photo_URL": "https://five.epicollect.net/api/internal/media/little-compton-wall-inventory-2025?type=photo&format=entry_original&name=384e40cb-e708-45ab-b5c3-cddb76940bf0_1774789837.jpg", "Photo_Filename": "384e40cb-e708-45ab-b5c3-cddb76940bf0_1774789837.jpg" }, "geometry": { "type": "Point", "coordinates": [ -71.157039, 41.48737 ] } },
{ "type": "Feature", "properties": { "entry_id": "3eb87b82-90f3-4fc3-a1e4-fdbbf87ee603", "created_at": "2026-03-29T13:09:53Z", "gps_accuracy_m": 4.0, "Wall_Condition": "Good", "Vegetation_Cover": "Clear (0-25% covered)", "Wall_Type": "Laid (carefully selected and fitted)", "Stone_Shape": [ "Ball", "Slab", "Block", "Tablet" ], "Special_Features": [ "Flat top" ], "Surveyor_Name": "JulieMankiewicz", "Comments": "", "Photo_URL": "https://five.epicollect.net/api/internal/media/little-compton-wall-inventory-2025?type=photo&format=entry_original&name=3eb87b82-90f3-4fc3-a1e4-fdbbf87ee603_1774789758.jpg", "Photo_Filename": "3eb87b82-90f3-4fc3-a1e4-fdbbf87ee603_1774789758.jpg" }, "geometry": { "type": "Point", "coordinates": [ -71.157236, 41.487254 ] } },
{ "type": "Feature", "properties": { "entry_id": "c6583963-f71f-45e2-b70e-3dd05c023845", "created_at": "2026-03-29T13:05:02Z", "gps_accuracy_m": 21.0, "Wall_Condition": "Good", "Vegetation_Cover": "Clear (0-25% covered)", "Wall_Type": "Laid (carefully selected and fitted)", "Stone_Shape": [ "Ball", "Slab", "Block", "Tablet" ], "Special_Features": [ "Flat top" ], "Surveyor_Name": "JulieMankiewicz", "Comments": "", "Photo_URL": "https://five.epicollect.net/api/internal/media/little-compton-wall-inventory-2025?type=photo&format=entry_original&name=c6583963-f71f-45e2-b70e-3dd05c023845_1774789459.jpg", "Photo_Filename": "c6583963-f71f-45e2-b70e-3dd05c023845_1774789459.jpg" }, "geometry": { "type": "Point", "coordinates": [ -71.157433, 41.486775 ] } },
{ "type": "Feature", "properties": { "entry_id": "dc4e2222-261c-434b-bbfb-70ec0033feab", "created_at": "2026-03-29T13:02:55Z", "gps_accuracy_m": 14.0, "Wall_Condition": "Good", "Vegetation_Cover": "Clear (0-25% covered)", "Wall_Type": "Laid (carefully selected and fitted)", "Stone_Shape": [ "Ball", "Slab", "Block", "Tablet" ], "Special_Features": [ "Flat top" ], "Surveyor_Name": "JulieMankiewicz", "Comments": "", "Photo_URL": "https://five.epicollect.net/api/internal/media/little-compton-wall-inventory-2025?type=photo&format=entry_original&name=dc4e2222-261c-434b-bbfb-70ec0033feab_1774789338.jpg", "Photo_Filename": "dc4e2222-261c-434b-bbfb-70ec0033feab_1774789338.jpg" }, "geometry": { "type": "Point", "coordinates": [ -71.157812, 41.487041 ] } },
{ "type": "Feature", "properties": { "entry_id": "02e006c8-817a-41d7-98a9-a638fbeee75b", "created_at": "2026-03-29T13:01:33Z", "gps_accuracy_m": 8.0, "Wall_Condition": "Good", "Vegetation_Cover": "Clear (0-25% covered)", "Wall_Type": "Laid (carefully selected and fitted)", "Stone_Shape": [ "Ball", "Slab", "Block", "Tablet" ], "Special_Features": [ "Flat top" ], "Surveyor_Name": "JulieMankiewicz", "Comments": "", "Photo_URL": "https://five.epicollect.net/api/internal/media/little-compton-wall-inventory-2025?type=photo&format=entry_original&name=02e006c8-817a-41d7-98a9-a638fbeee75b_1774789232.jpg", "Photo_Filename": "02e006c8-817a-41d7-98a9-a638fbeee75b_1774789232.jpg" }, "geometry": { "type": "Point", "coordinates": [ -71.157783, 41.487051 ] } },
{ "type": "Feature", "properties": { "entry_id": "0483df76-07e0-4e8c-8ac9-c19e72ac851e", "created_at": "2026-03-29T12:59:31Z", "gps_accuracy_m": 3.0, "Wall_Condition": "Good", "Vegetation_Cover": "Clear (0-25% covered)", "Wall_Type": "Stacked (stones placed loosely)", "Stone_Shape": [ "Ball", "Slab" ], "Special_Features": [ ], "Surveyor_Name": "JulieMankiewicz", "Comments": "", "Photo_URL": "https://five.epicollect.net/api/internal/media/little-compton-wall-inventory-2025?type=photo&format=entry_original&name=0483df76-07e0-4e8c-8ac9-c19e72ac851e_1774789144.jpg", "Photo_Filename": "0483df76-07e0-4e8c-8ac9-c19e72ac851e_1774789144.jpg" }, "geometry": { "type": "Point", "coordinates": [ -71.158007, 41.486824 ] } },
{ "type": "Feature", "properties": { "entry_id": "c1d37847-040c-4eca-9da4-b40b4f283db9", "created_at": "2026-03-29T12:58:32Z", "gps_accuracy_m": 4.0, "Wall_Condition": "Good", "Vegetation_Cover": "Clear (0-25% covered)", "Wall_Type": "Stacked (stones placed loosely)", "Stone_Shape": [ "Ball", "Slab" ], "Special_Features": [ ], "Surveyor_Name": "JulieMankiewicz", "Comments": "", "Photo_URL": "https://five.epicollect.net/api/internal/media/little-compton-wall-inventory-2025?type=photo&format=entry_original&name=c1d37847-040c-4eca-9da4-b40b4f283db9_1774789073.jpg", "Photo_Filename": "c1d37847-040c-4eca-9da4-b40b4f283db9_1774789073.jpg" }, "geometry": { "type": "Point", "coordinates": [ -71.158056, 41.486768 ] } },
{ "type": "Feature", "properties": { "entry_id": "fd76a860-6270-4d8e-943a-98f4651be547", "created_at": "2026-03-29T12:56:06Z", "gps_accuracy_m": 4.0, "Wall_Condition": "Good", "Vegetation_Cover": "Clear (0-25% covered)", "Wall_Type": "Laid (carefully selected and fitted)", "Stone_Shape": [ "Ball", "Slab", "Block", "Tablet" ], "Special_Features": [ "Flat top" ], "Surveyor_Name": "JulieMankiewicz", "Comments": "", "Photo_URL": "https://five.epicollect.net/api/internal/media/little-compton-wall-inventory-2025?type=photo&format=entry_original&name=fd76a860-6270-4d8e-943a-98f4651be547_1774788938.jpg", "Photo_Filename": "fd76a860-6270-4d8e-943a-98f4651be547_1774788938.jpg" }, "geometry": { "type": "Point", "coordinates": [ -71.158387, 41.486614 ] } },
{ "type": "Feature", "properties": { "entry_id": "fed04093-587b-472d-9926-647c70a179e0", "created_at": "2026-03-29T12:49:37Z", "gps_accuracy_m": 6.0, "Wall_Condition": "Good", "Vegetation_Cover": "Clear (0-25% covered)", "Wall_Type": "Laid (carefully selected and fitted)", "Stone_Shape": [ "Ball", "Slab", "Block", "Tablet" ], "Special_Features": [ "Flat top" ], "Surveyor_Name": "JulieMankiewicz", "Comments": "", "Photo_URL": "https://five.epicollect.net/api/internal/media/little-compton-wall-inventory-2025?type=photo&format=entry_original&name=fed04093-587b-472d-9926-647c70a179e0_1774788544.jpg", "Photo_Filename": "fed04093-587b-472d-9926-647c70a179e0_1774788544.jpg" }, "geometry": { "type": "Point", "coordinates": [ -71.158551, 41.486496 ] } },
{ "type": "Feature", "properties": { "entry_id": "5956d4ea-cc3b-4418-89c6-2b360fb1cdb7", "created_at": "2026-03-29T12:48:20Z", "gps_accuracy_m": 4.0, "Wall_Condition": "Good", "Vegetation_Cover": "Clear (0-25% covered)", "Wall_Type": "Laid (carefully selected and fitted)", "Stone_Shape": [ "Ball", "Slab", "Block", "Tablet" ], "Special_Features": [ "Flat top", "Double-sided" ], "Surveyor_Name": "JulieMankiewicz", "Comments": "", "Photo_URL": "https://five.epicollect.net/api/internal/media/little-compton-wall-inventory-2025?type=photo&format=entry_original&name=5956d4ea-cc3b-4418-89c6-2b360fb1cdb7_1774788343.jpg", "Photo_Filename": "5956d4ea-cc3b-4418-89c6-2b360fb1cdb7_1774788343.jpg" }, "geometry": { "type": "Point", "coordinates": [ -71.158634, 41.486436 ] } },
{ "type": "Feature", "properties": { "entry_id": "906792d9-672e-4239-9769-3bda1f97f942", "created_at": "2026-03-29T12:44:21Z", "gps_accuracy_m": 4.0, "Wall_Condition": "Good", "Vegetation_Cover": "Clear (0-25% covered)", "Wall_Type": "Stacked (stones placed loosely)", "Stone_Shape": [ "Ball", "Slab", "Block", "Tablet" ], "Special_Features": [ "Double-sided" ], "Surveyor_Name": "JulieMankiewicz", "Comments": "", "Photo_URL": "https://five.epicollect.net/api/internal/media/little-compton-wall-inventory-2025?type=photo&format=entry_original&name=906792d9-672e-4239-9769-3bda1f97f942_1774788228.jpg", "Photo_Filename": "906792d9-672e-4239-9769-3bda1f97f942_1774788228.jpg" }, "geometry": { "type": "Point", "coordinates": [ -71.158703, 41.486405 ] } },
{ "type": "Feature", "properties": { "entry_id": "a0dff6a5-4373-405e-87c4-589a355246a7", "created_at": "2026-03-29T12:42:37Z", "gps_accuracy_m": 4.0, "Wall_Condition": "Good", "Vegetation_Cover": "Clear (0-25% covered)", "Wall_Type": "Stacked (stones placed loosely)", "Stone_Shape": [ "Ball", "Slab", "Block", "Tablet" ], "Special_Features": [ "Double-sided" ], "Surveyor_Name": "JulieMankiewicz", "Comments": "", "Photo_URL": "https://five.epicollect.net/api/internal/media/little-compton-wall-inventory-2025?type=photo&format=entry_original&name=a0dff6a5-4373-405e-87c4-589a355246a7_1774788126.jpg", "Photo_Filename": "a0dff6a5-4373-405e-87c4-589a355246a7_1774788126.jpg" }, "geometry": { "type": "Point", "coordinates": [ -71.158803, 41.486354 ] } },
{ "type": "Feature", "properties": { "entry_id": "d9fa96a8-4036-4ac7-adeb-cbf799fb8e99", "created_at": "2026-03-29T12:40:35Z", "gps_accuracy_m": 3.0, "Wall_Condition": "Good", "Vegetation_Cover": "Clear (0-25% covered)", "Wall_Type": "Stacked (stones placed loosely)", "Stone_Shape": [ "Ball", "Slab", "Block", "Tablet" ], "Special_Features": [ "Double-sided" ], "Surveyor_Name": "JulieMankiewicz", "Comments": "", "Photo_URL": "https://five.epicollect.net/api/internal/media/little-compton-wall-inventory-2025?type=photo&format=entry_original&name=d9fa96a8-4036-4ac7-adeb-cbf799fb8e99_1774787943.jpg", "Photo_Filename": "d9fa96a8-4036-4ac7-adeb-cbf799fb8e99_1774787943.jpg" }, "geometry": { "type": "Point", "coordinates": [ -71.158916, 41.486264 ] } },
{ "type": "Feature", "properties": { "entry_id": "2b6b65bd-aaf6-40a8-82df-88723de6fc21", "created_at": "2026-03-28T16:04:35Z", "gps_accuracy_m": 5.0, "Wall_Condition": "Poor", "Vegetation_Cover": "Quite covered (50-75% covered)", "Wall_Type": "Stacked (stones placed loosely)", "Stone_Shape": [ "Ball", "Tablet" ], "Special_Features": [ "Good candidate for repair" ], "Surveyor_Name": "Ron Begin", "Comments": "", "Photo_URL": "https://five.epicollect.net/api/internal/media/little-compton-wall-inventory-2025?type=photo&format=entry_original&name=2b6b65bd-aaf6-40a8-82df-88723de6fc21_1774713760.jpg", "Photo_Filename": "2b6b65bd-aaf6-40a8-82df-88723de6fc21_1774713760.jpg" }, "geometry": { "type": "Point", "coordinates": [ -71.138717, 41.551693 ] } },
{ "type": "Feature", "properties": { "entry_id": "0c3cbaa2-5a88-4b96-87a9-01dfd94bb45a", "created_at": "2026-03-28T16:01:59Z", "gps_accuracy_m": 5.0, "Wall_Condition": "Poor", "Vegetation_Cover": "Hidden (75-100% covered)", "Wall_Type": "Dumped (stones piled on ground)", "Stone_Shape": [ "Ball" ], "Special_Features": [ ], "Surveyor_Name": "Ron Begin", "Comments": "", "Photo_URL": "https://five.epicollect.net/api/internal/media/little-compton-wall-inventory-2025?type=photo&format=entry_original&name=0c3cbaa2-5a88-4b96-87a9-01dfd94bb45a_1774713663.jpg", "Photo_Filename": "0c3cbaa2-5a88-4b96-87a9-01dfd94bb45a_1774713663.jpg" }, "geometry": { "type": "Point", "coordinates": [ -71.138612, 41.55182 ] } },
{ "type": "Feature", "properties": { "entry_id": "85622602-6dc7-45de-bd84-45f8eed15079", "created_at": "2026-03-28T15:59:56Z", "gps_accuracy_m": 14.0, "Wall_Condition": "Good", "Vegetation_Cover": "Clear (0-25% covered)", "Wall_Type": "Laid (carefully selected and fitted)", "Stone_Shape": [ "Slab", "Tablet" ], "Special_Features": [ "Flat top", "Opening in wall", "Retaining wall" ], "Surveyor_Name": "Ron Begin", "Comments": "", "Photo_URL": "https://five.epicollect.net/api/internal/media/little-compton-wall-inventory-2025?type=photo&format=entry_original&name=85622602-6dc7-45de-bd84-45f8eed15079_1774713502.jpg", "Photo_Filename": "85622602-6dc7-45de-bd84-45f8eed15079_1774713502.jpg" }, "geometry": { "type": "Point", "coordinates": [ -71.138396, 41.551919 ] } },
{ "type": "Feature", "properties": { "entry_id": "d1955eb5-470d-44c5-ac3e-5d2f7ac61af2", "created_at": "2026-03-28T15:57:40Z", "gps_accuracy_m": 5.0, "Wall_Condition": "Fair", "Vegetation_Cover": "Hidden (75-100% covered)", "Wall_Type": "Stacked (stones placed loosely)", "Stone_Shape": [ "Ball", "Pillow", "Tablet" ], "Special_Features": [ ], "Surveyor_Name": "Ron Begin", "Comments": "", "Photo_URL": "https://five.epicollect.net/api/internal/media/little-compton-wall-inventory-2025?type=photo&format=entry_original&name=d1955eb5-470d-44c5-ac3e-5d2f7ac61af2_1774713356.jpg", "Photo_Filename": "d1955eb5-470d-44c5-ac3e-5d2f7ac61af2_1774713356.jpg" }, "geometry": { "type": "Point", "coordinates": [ -71.137997, 41.552251 ] } },
{ "type": "Feature", "properties": { "entry_id": "9a49bca4-3133-49d3-b2ca-c38b8d89e659", "created_at": "2026-03-28T15:54:56Z", "gps_accuracy_m": 4.0, "Wall_Condition": "Fair", "Vegetation_Cover": "Some overgrowth (25-50% covered)", "Wall_Type": "Stacked (stones placed loosely)", "Stone_Shape": [ "Ball", "Slab", "Pillow" ], "Special_Features": [ "Retaining wall", "Good candidate for repair", "Double-sided" ], "Surveyor_Name": "Ron Begin", "Comments": "", "Photo_URL": "https://five.epicollect.net/api/internal/media/little-compton-wall-inventory-2025?type=photo&format=entry_original&name=9a49bca4-3133-49d3-b2ca-c38b8d89e659_1774713169.jpg", "Photo_Filename": "9a49bca4-3133-49d3-b2ca-c38b8d89e659_1774713169.jpg" }, "geometry": { "type": "Point", "coordinates": [ -71.137109, 41.552635 ] } },
{ "type": "Feature", "properties": { "entry_id": "27ca8250-f27c-4ea5-920d-09be45159b97", "created_at": "2026-03-28T15:50:28Z", "gps_accuracy_m": 19.0, "Wall_Condition": "Fair", "Vegetation_Cover": "Hidden (75-100% covered)", "Wall_Type": "Stacked (stones placed loosely)", "Stone_Shape": [ "Ball" ], "Special_Features": [ "Good candidate for repair" ], "Surveyor_Name": "Ron Begin", "Comments": "", "Photo_URL": "https://five.epicollect.net/api/internal/media/little-compton-wall-inventory-2025?type=photo&format=entry_original&name=27ca8250-f27c-4ea5-920d-09be45159b97_1774712963.jpg", "Photo_Filename": "27ca8250-f27c-4ea5-920d-09be45159b97_1774712963.jpg" }, "geometry": { "type": "Point", "coordinates": [ -71.138325, 41.552325 ] } },
{ "type": "Feature", "properties": { "entry_id": "862aff58-6cd5-4467-875e-fc7f211dbbce", "created_at": "2026-03-27T13:32:02Z", "gps_accuracy_m": 4.0, "Wall_Condition": "Good", "Vegetation_Cover": "Clear (0-25% covered)", "Wall_Type": "Laid (carefully selected and fitted)", "Stone_Shape": [ "Ball", "Slab", "Block", "Tablet" ], "Special_Features": [ "Double-sided", "Flat top" ], "Surveyor_Name": "JulieMankiewicz", "Comments": "", "Photo_URL": "https://five.epicollect.net/api/internal/media/little-compton-wall-inventory-2025?type=photo&format=entry_original&name=862aff58-6cd5-4467-875e-fc7f211dbbce_1774618274.jpg", "Photo_Filename": "862aff58-6cd5-4467-875e-fc7f211dbbce_1774618274.jpg" }, "geometry": { "type": "Point", "coordinates": [ -71.158397, 41.486493 ] } },
{ "type": "Feature", "properties": { "entry_id": "e0216d9e-81a1-4885-9eff-d26ea835708a", "created_at": "2026-03-27T13:30:14Z", "gps_accuracy_m": 4.0, "Wall_Condition": "Good", "Vegetation_Cover": "Clear (0-25% covered)", "Wall_Type": "Laid (carefully selected and fitted)", "Stone_Shape": [ "Ball", "Slab", "Block", "Tablet" ], "Special_Features": [ "Flat top", "Double-sided" ], "Surveyor_Name": "JulieMankiewicz", "Comments": "", "Photo_URL": "https://five.epicollect.net/api/internal/media/little-compton-wall-inventory-2025?type=photo&format=entry_original&name=e0216d9e-81a1-4885-9eff-d26ea835708a_1774618166.jpg", "Photo_Filename": "e0216d9e-81a1-4885-9eff-d26ea835708a_1774618166.jpg" }, "geometry": { "type": "Point", "coordinates": [ -71.158722, 41.486489 ] } },
{ "type": "Feature", "properties": { "entry_id": "0c00bdc6-29fe-4638-a33b-ee61aafb107c", "created_at": "2026-03-27T13:27:45Z", "gps_accuracy_m": 3.0, "Wall_Condition": "Good", "Vegetation_Cover": "Clear (0-25% covered)", "Wall_Type": "Laid (carefully selected and fitted)", "Stone_Shape": [ "Ball", "Slab", "Block", "Tablet" ], "Special_Features": [ "Flat top", "Double-sided" ], "Surveyor_Name": "JulieMankiewicz", "Comments": "", "Photo_URL": "https://five.epicollect.net/api/internal/media/little-compton-wall-inventory-2025?type=photo&format=entry_original&name=0c00bdc6-29fe-4638-a33b-ee61aafb107c_1774617972.jpg", "Photo_Filename": "0c00bdc6-29fe-4638-a33b-ee61aafb107c_1774617972.jpg" }, "geometry": { "type": "Point", "coordinates": [ -71.158953, 41.486311 ] } },
{ "type": "Feature", "properties": { "entry_id": "23168e14-2052-4b62-9415-1b2440511bed", "created_at": "2026-03-27T13:22:02Z", "gps_accuracy_m": 4.0, "Wall_Condition": "Fair", "Vegetation_Cover": "Some overgrowth (25-50% covered)", "Wall_Type": "Stacked (stones placed loosely)", "Stone_Shape": [ "Ball", "Slab", "Block", "Tablet" ], "Special_Features": [ ], "Surveyor_Name": "JulieMankiewicz", "Comments": "", "Photo_URL": "https://five.epicollect.net/api/internal/media/little-compton-wall-inventory-2025?type=photo&format=entry_original&name=23168e14-2052-4b62-9415-1b2440511bed_1774617662.jpg", "Photo_Filename": "23168e14-2052-4b62-9415-1b2440511bed_1774617662.jpg" }, "geometry": { "type": "Point", "coordinates": [ -71.159287, 41.485751 ] } },
{ "type": "Feature", "properties": { "entry_id": "b041939a-4008-4ee6-aa24-7e02348c3892", "created_at": "2026-03-27T13:19:39Z", "gps_accuracy_m": 4.0, "Wall_Condition": "Fair", "Vegetation_Cover": "Clear (0-25% covered)", "Wall_Type": "Stacked (stones placed loosely)", "Stone_Shape": [ "Ball", "Slab", "Block", "Tablet" ], "Special_Features": [ "Other (add comment)" ], "Surveyor_Name": "JulieMankiewicz", "Comments": "Not right by side of road", "Photo_URL": "https://five.epicollect.net/api/internal/media/little-compton-wall-inventory-2025?type=photo&format=entry_original&name=b041939a-4008-4ee6-aa24-7e02348c3892_1774617412.jpg", "Photo_Filename": "b041939a-4008-4ee6-aa24-7e02348c3892_1774617412.jpg" }, "geometry": { "type": "Point", "coordinates": [ -71.159285, 41.485678 ] } },
{ "type": "Feature", "properties": { "entry_id": "ec7d0a7a-d5e3-4520-b1c4-b7d79e31d26a", "created_at": "2026-03-26T15:30:53Z", "gps_accuracy_m": 6.0, "Wall_Condition": "Poor", "Vegetation_Cover": "Quite covered (50-75% covered)", "Wall_Type": "Stacked (stones placed loosely)", "Stone_Shape": [ "Pillow" ], "Special_Features": [ ], "Surveyor_Name": "Ron Begin", "Comments": "", "Photo_URL": "https://five.epicollect.net/api/internal/media/little-compton-wall-inventory-2025?type=photo&format=entry_original&name=ec7d0a7a-d5e3-4520-b1c4-b7d79e31d26a_1774539009.jpg", "Photo_Filename": "ec7d0a7a-d5e3-4520-b1c4-b7d79e31d26a_1774539009.jpg" }, "geometry": { "type": "Point", "coordinates": [ -71.140685, 41.558257 ] } },
{ "type": "Feature", "properties": { "entry_id": "512e9e5b-5118-40fd-b8e2-41f7d7fbefc7", "created_at": "2026-03-26T15:28:24Z", "gps_accuracy_m": 4.0, "Wall_Condition": "Fair", "Vegetation_Cover": "Some overgrowth (25-50% covered)", "Wall_Type": "Stacked (stones placed loosely)", "Stone_Shape": [ "Pillow" ], "Special_Features": [ "Recently rebuilt" ], "Surveyor_Name": "Ron Begin", "Comments": "", "Photo_URL": "https://five.epicollect.net/api/internal/media/little-compton-wall-inventory-2025?type=photo&format=entry_original&name=512e9e5b-5118-40fd-b8e2-41f7d7fbefc7_1774538823.jpg", "Photo_Filename": "512e9e5b-5118-40fd-b8e2-41f7d7fbefc7_1774538823.jpg" }, "geometry": { "type": "Point", "coordinates": [ -71.140559, 41.558781 ] } },
{ "type": "Feature", "properties": { "entry_id": "7de096e1-0908-4101-8582-cbab62940a57", "created_at": "2026-03-26T15:26:06Z", "gps_accuracy_m": 7.0, "Wall_Condition": "Fair", "Vegetation_Cover": "Clear (0-25% covered)", "Wall_Type": "Stacked (stones placed loosely)", "Stone_Shape": [ "Ball", "Pillow" ], "Special_Features": [ "Opening in wall" ], "Surveyor_Name": "Ron Begin", "Comments": "", "Photo_URL": "https://five.epicollect.net/api/internal/media/little-compton-wall-inventory-2025?type=photo&format=entry_original&name=7de096e1-0908-4101-8582-cbab62940a57_1774538709.jpg", "Photo_Filename": "7de096e1-0908-4101-8582-cbab62940a57_1774538709.jpg" }, "geometry": { "type": "Point", "coordinates": [ -71.14057, 41.55886 ] } },
{ "type": "Feature", "properties": { "entry_id": "9530c216-c03f-4079-ac88-2958bf075b4d", "created_at": "2026-03-26T15:22:41Z", "gps_accuracy_m": 8.0, "Wall_Condition": "Fair", "Vegetation_Cover": "Clear (0-25% covered)", "Wall_Type": "Stacked (stones placed loosely)", "Stone_Shape": [ "Pillow" ], "Special_Features": [ ], "Surveyor_Name": "Ron Begin", "Comments": "", "Photo_URL": "https://five.epicollect.net/api/internal/media/little-compton-wall-inventory-2025?type=photo&format=entry_original&name=9530c216-c03f-4079-ac88-2958bf075b4d_1774538504.jpg", "Photo_Filename": "9530c216-c03f-4079-ac88-2958bf075b4d_1774538504.jpg" }, "geometry": { "type": "Point", "coordinates": [ -71.141239, 41.560193 ] } },
{ "type": "Feature", "properties": { "entry_id": "a0a3ec99-31f9-46cd-9bce-0bf865490630", "created_at": "2026-03-26T15:20:49Z", "gps_accuracy_m": 4.0, "Wall_Condition": "Good", "Vegetation_Cover": "Clear (0-25% covered)", "Wall_Type": "Laid (carefully selected and fitted)", "Stone_Shape": [ "Block", "Tablet" ], "Special_Features": [ "Flat top", "Opening in wall", "Retaining wall", "Other (add comment)" ], "Surveyor_Name": "Ron Begin", "Comments": "Cemetery wall; may be over Tiverton line.", "Photo_URL": "https://five.epicollect.net/api/internal/media/little-compton-wall-inventory-2025?type=photo&format=entry_original&name=a0a3ec99-31f9-46cd-9bce-0bf865490630_1774538326.jpg", "Photo_Filename": "a0a3ec99-31f9-46cd-9bce-0bf865490630_1774538326.jpg" }, "geometry": { "type": "Point", "coordinates": [ -71.141391, 41.560358 ] } },
{ "type": "Feature", "properties": { "entry_id": "ccdbfc91-aad6-4717-ba70-5d5c582ebffc", "created_at": "2026-03-26T15:18:02Z", "gps_accuracy_m": 5.0, "Wall_Condition": "Poor", "Vegetation_Cover": "Quite covered (50-75% covered)", "Wall_Type": "Stacked (stones placed loosely)", "Stone_Shape": [ "Ball", "Pillow" ], "Special_Features": [ "Good candidate for repair" ], "Surveyor_Name": "Ron Begin", "Comments": "", "Photo_URL": "https://five.epicollect.net/api/internal/media/little-compton-wall-inventory-2025?type=photo&format=entry_original&name=ccdbfc91-aad6-4717-ba70-5d5c582ebffc_1774538132.jpg", "Photo_Filename": "ccdbfc91-aad6-4717-ba70-5d5c582ebffc_1774538132.jpg" }, "geometry": { "type": "Point", "coordinates": [ -71.141029, 41.559324 ] } },
{ "type": "Feature", "properties": { "entry_id": "5a959f03-9b6e-4d5b-8832-addd9482fdbc", "created_at": "2026-03-26T15:13:56Z", "gps_accuracy_m": 5.0, "Wall_Condition": "Fair", "Vegetation_Cover": "Clear (0-25% covered)", "Wall_Type": "Stacked (stones placed loosely)", "Stone_Shape": [ "Pillow" ], "Special_Features": [ "Opening in wall" ], "Surveyor_Name": "Ron Begin", "Comments": "", "Photo_URL": "https://five.epicollect.net/api/internal/media/little-compton-wall-inventory-2025?type=photo&format=entry_original&name=5a959f03-9b6e-4d5b-8832-addd9482fdbc_1774537983.jpg", "Photo_Filename": "5a959f03-9b6e-4d5b-8832-addd9482fdbc_1774537983.jpg" }, "geometry": { "type": "Point", "coordinates": [ -71.140874, 41.559054 ] } },
{ "type": "Feature", "properties": { "entry_id": "e6973fee-d194-47cb-a8ba-f64c1a4e4fe2", "created_at": "2026-03-26T15:11:57Z", "gps_accuracy_m": 5.0, "Wall_Condition": "Good", "Vegetation_Cover": "Clear (0-25% covered)", "Wall_Type": "Laid (carefully selected and fitted)", "Stone_Shape": [ "Ball", "Pillow" ], "Special_Features": [ "Flat top", "Double-sided", "Recently rebuilt" ], "Surveyor_Name": "Ron Begin", "Comments": "", "Photo_URL": "https://five.epicollect.net/api/internal/media/little-compton-wall-inventory-2025?type=photo&format=entry_original&name=e6973fee-d194-47cb-a8ba-f64c1a4e4fe2_1774537841.jpg", "Photo_Filename": "e6973fee-d194-47cb-a8ba-f64c1a4e4fe2_1774537841.jpg" }, "geometry": { "type": "Point", "coordinates": [ -71.140802, 41.558537 ] } },
{ "type": "Feature", "properties": { "entry_id": "29e47b17-d363-4ed6-aff7-61f227d85275", "created_at": "2026-03-26T15:09:41Z", "gps_accuracy_m": 6.0, "Wall_Condition": "Fair", "Vegetation_Cover": "Hidden (75-100% covered)", "Wall_Type": "Stacked (stones placed loosely)", "Stone_Shape": [ "Pillow" ], "Special_Features": [ ], "Surveyor_Name": "Ron Begin", "Comments": "", "Photo_URL": "https://five.epicollect.net/api/internal/media/little-compton-wall-inventory-2025?type=photo&format=entry_original&name=29e47b17-d363-4ed6-aff7-61f227d85275_1774537715.jpg", "Photo_Filename": "29e47b17-d363-4ed6-aff7-61f227d85275_1774537715.jpg" }, "geometry": { "type": "Point", "coordinates": [ -71.140517, 41.55821 ] } },
{ "type": "Feature", "properties": { "entry_id": "c6411ac8-19c8-42de-9ef7-06f9b4486fbb", "created_at": "2026-03-25T14:41:10Z", "gps_accuracy_m": 5.0, "Wall_Condition": "Fair", "Vegetation_Cover": "Clear (0-25% covered)", "Wall_Type": "Stacked (stones placed loosely)", "Stone_Shape": [ "Pillow" ], "Special_Features": [ "Good candidate for repair", "Double-sided", "Other (add comment)" ], "Surveyor_Name": "Ron Begin", "Comments": "Corrected redo of previously documented wall. (Mostly stone-type corrections)", "Photo_URL": "https://five.epicollect.net/api/internal/media/little-compton-wall-inventory-2025?type=photo&format=entry_original&name=c6411ac8-19c8-42de-9ef7-06f9b4486fbb_1774449555.jpg", "Photo_Filename": "c6411ac8-19c8-42de-9ef7-06f9b4486fbb_1774449555.jpg" }, "geometry": { "type": "Point", "coordinates": [ -71.138777, 41.552395 ] } },
{ "type": "Feature", "properties": { "entry_id": "a78970f2-8d10-44d5-a068-7d265b7064b3", "created_at": "2026-03-25T14:35:11Z", "gps_accuracy_m": 5.0, "Wall_Condition": "Fair", "Vegetation_Cover": "Some overgrowth (25-50% covered)", "Wall_Type": "Stacked (stones placed loosely)", "Stone_Shape": [ "Ball", "Slab", "Pillow", "Tablet" ], "Special_Features": [ "Double-sided", "Good candidate for repair" ], "Surveyor_Name": "Ron Begin", "Comments": "", "Photo_URL": "https://five.epicollect.net/api/internal/media/little-compton-wall-inventory-2025?type=photo&format=entry_original&name=a78970f2-8d10-44d5-a068-7d265b7064b3_1774449238.jpg", "Photo_Filename": "a78970f2-8d10-44d5-a068-7d265b7064b3_1774449238.jpg" }, "geometry": { "type": "Point", "coordinates": [ -71.139656, 41.552525 ] } },
{ "type": "Feature", "properties": { "entry_id": "53e49a76-6108-4070-a8bd-998fb6f4a933", "created_at": "2026-03-25T14:32:28Z", "gps_accuracy_m": 8.0, "Wall_Condition": "Fair", "Vegetation_Cover": "Clear (0-25% covered)", "Wall_Type": "Stacked (stones placed loosely)", "Stone_Shape": [ "Ball", "Pillow" ], "Special_Features": [ "Double-sided", "Other (add comment)" ], "Surveyor_Name": "Ron Begin", "Comments": "Adjacent to and continuation of single wythe stacked stone wall.", "Photo_URL": "https://five.epicollect.net/api/internal/media/little-compton-wall-inventory-2025?type=photo&format=entry_original&name=53e49a76-6108-4070-a8bd-998fb6f4a933_1774449041.jpg", "Photo_Filename": "53e49a76-6108-4070-a8bd-998fb6f4a933_1774449041.jpg" }, "geometry": { "type": "Point", "coordinates": [ -71.139369, 41.55295 ] } },
{ "type": "Feature", "properties": { "entry_id": "34dbacd3-abb9-4780-9584-e96d55e5170b", "created_at": "2026-03-25T14:29:28Z", "gps_accuracy_m": 4.0, "Wall_Condition": "Fair", "Vegetation_Cover": "Clear (0-25% covered)", "Wall_Type": "Stacked (stones placed loosely)", "Stone_Shape": [ "Ball", "Pillow" ], "Special_Features": [ ], "Surveyor_Name": "Ron Begin", "Comments": "", "Photo_URL": "https://five.epicollect.net/api/internal/media/little-compton-wall-inventory-2025?type=photo&format=entry_original&name=34dbacd3-abb9-4780-9584-e96d55e5170b_1774448910.jpg", "Photo_Filename": "34dbacd3-abb9-4780-9584-e96d55e5170b_1774448910.jpg" }, "geometry": { "type": "Point", "coordinates": [ -71.139041, 41.552833 ] } },
{ "type": "Feature", "properties": { "entry_id": "5b26d0e3-9006-4124-ab68-6d54b0ac1f30", "created_at": "2026-03-25T14:26:16Z", "gps_accuracy_m": 5.0, "Wall_Condition": "Good", "Vegetation_Cover": "Clear (0-25% covered)", "Wall_Type": "Laid (carefully selected and fitted)", "Stone_Shape": [ "Slab", "Tablet", "Ball", "Pillow" ], "Special_Features": [ "Recently rebuilt", "Double-sided", "Other (add comment)", "Opening in wall" ], "Surveyor_Name": "Ron Begin", "Comments": "Corrected redo of previously documented wall", "Photo_URL": "https://five.epicollect.net/api/internal/media/little-compton-wall-inventory-2025?type=photo&format=entry_original&name=5b26d0e3-9006-4124-ab68-6d54b0ac1f30_1774448650.jpg", "Photo_Filename": "5b26d0e3-9006-4124-ab68-6d54b0ac1f30_1774448650.jpg" }, "geometry": { "type": "Point", "coordinates": [ -71.138919, 41.55377 ] } },
{ "type": "Feature", "properties": { "entry_id": "922eeb46-9b50-446f-897b-eedce746b88e", "created_at": "2026-03-25T14:21:32Z", "gps_accuracy_m": 5.0, "Wall_Condition": "Poor", "Vegetation_Cover": "Hidden (75-100% covered)", "Wall_Type": "Stacked (stones placed loosely)", "Stone_Shape": [ "Pillow" ], "Special_Features": [ "Double-sided", "Good candidate for repair" ], "Surveyor_Name": "Ron Begin", "Comments": "", "Photo_URL": "https://five.epicollect.net/api/internal/media/little-compton-wall-inventory-2025?type=photo&format=entry_original&name=922eeb46-9b50-446f-897b-eedce746b88e_1774448420.jpg", "Photo_Filename": "922eeb46-9b50-446f-897b-eedce746b88e_1774448420.jpg" }, "geometry": { "type": "Point", "coordinates": [ -71.139471, 41.555409 ] } },
{ "type": "Feature", "properties": { "entry_id": "e4a9c444-3baf-481d-9f94-a9ab616ecc1b", "created_at": "2026-03-25T14:19:44Z", "gps_accuracy_m": 5.0, "Wall_Condition": "Fair", "Vegetation_Cover": "Quite covered (50-75% covered)", "Wall_Type": "Stacked (stones placed loosely)", "Stone_Shape": [ "Pillow" ], "Special_Features": [ "Double-sided" ], "Surveyor_Name": "Ron Begin", "Comments": "", "Photo_URL": "https://five.epicollect.net/api/internal/media/little-compton-wall-inventory-2025?type=photo&format=entry_original&name=e4a9c444-3baf-481d-9f94-a9ab616ecc1b_1774448321.jpg", "Photo_Filename": "e4a9c444-3baf-481d-9f94-a9ab616ecc1b_1774448321.jpg" }, "geometry": { "type": "Point", "coordinates": [ -71.139577, 41.555435 ] } },
{ "type": "Feature", "properties": { "entry_id": "5f896af4-6fdd-496b-8783-fa916ea1b8c4", "created_at": "2026-03-25T14:17:03Z", "gps_accuracy_m": 6.0, "Wall_Condition": "Fair", "Vegetation_Cover": "Some overgrowth (25-50% covered)", "Wall_Type": "Stacked (stones placed loosely)", "Stone_Shape": [ "Ball", "Pillow" ], "Special_Features": [ ], "Surveyor_Name": "Ron Begin", "Comments": "", "Photo_URL": "https://five.epicollect.net/api/internal/media/little-compton-wall-inventory-2025?type=photo&format=entry_original&name=5f896af4-6fdd-496b-8783-fa916ea1b8c4_1774448162.jpg", "Photo_Filename": "5f896af4-6fdd-496b-8783-fa916ea1b8c4_1774448162.jpg" }, "geometry": { "type": "Point", "coordinates": [ -71.139708, 41.556064 ] } },
{ "type": "Feature", "properties": { "entry_id": "e4024f85-7ae8-40ed-bdbe-66c966cbf1e7", "created_at": "2026-03-25T14:15:27Z", "gps_accuracy_m": 9.0, "Wall_Condition": "Poor", "Vegetation_Cover": "Hidden (75-100% covered)", "Wall_Type": "Stacked (stones placed loosely)", "Stone_Shape": [ "Pillow" ], "Special_Features": [ "Good candidate for repair" ], "Surveyor_Name": "Ron Begin", "Comments": "", "Photo_URL": "https://five.epicollect.net/api/internal/media/little-compton-wall-inventory-2025?type=photo&format=entry_original&name=e4024f85-7ae8-40ed-bdbe-66c966cbf1e7_1774448038.jpg", "Photo_Filename": "e4024f85-7ae8-40ed-bdbe-66c966cbf1e7_1774448038.jpg" }, "geometry": { "type": "Point", "coordinates": [ -71.139863, 41.556356 ] } },
{ "type": "Feature", "properties": { "entry_id": "5516e6c2-0b03-4c3a-aabe-9e146e66f98e", "created_at": "2026-03-25T14:12:15Z", "gps_accuracy_m": 8.0, "Wall_Condition": "Good", "Vegetation_Cover": "Clear (0-25% covered)", "Wall_Type": "Laid (carefully selected and fitted)", "Stone_Shape": [ "Ball", "Pillow", "Tablet" ], "Special_Features": [ "Flat top", "Recently rebuilt" ], "Surveyor_Name": "Ron Begin", "Comments": "", "Photo_URL": "https://five.epicollect.net/api/internal/media/little-compton-wall-inventory-2025?type=photo&format=entry_original&name=5516e6c2-0b03-4c3a-aabe-9e146e66f98e_1774447850.jpg", "Photo_Filename": "5516e6c2-0b03-4c3a-aabe-9e146e66f98e_1774447850.jpg" }, "geometry": { "type": "Point", "coordinates": [ -71.139909, 41.556868 ] } },
{ "type": "Feature", "properties": { "entry_id": "d6ac8de1-c795-4f95-9be5-7977d0e161f2", "created_at": "2026-03-25T14:09:46Z", "gps_accuracy_m": 9.0, "Wall_Condition": "Good", "Vegetation_Cover": "Clear (0-25% covered)", "Wall_Type": "Laid (carefully selected and fitted)", "Stone_Shape": [ "Pillow" ], "Special_Features": [ "Double-sided", "Opening in wall" ], "Surveyor_Name": "Ron Begin", "Comments": "", "Photo_URL": "https://five.epicollect.net/api/internal/media/little-compton-wall-inventory-2025?type=photo&format=entry_original&name=d6ac8de1-c795-4f95-9be5-7977d0e161f2_1774447710.jpg", "Photo_Filename": "d6ac8de1-c795-4f95-9be5-7977d0e161f2_1774447710.jpg" }, "geometry": { "type": "Point", "coordinates": [ -71.140184, 41.557269 ] } },
{ "type": "Feature", "properties": { "entry_id": "abe41b5b-07b0-4014-b316-c7186ea84f4d", "created_at": "2026-03-25T14:07:17Z", "gps_accuracy_m": 5.0, "Wall_Condition": "Fair", "Vegetation_Cover": "Clear (0-25% covered)", "Wall_Type": "Dumped (stones piled on ground)", "Stone_Shape": [ "Pillow" ], "Special_Features": [ "Retaining wall" ], "Surveyor_Name": "Ron Begin", "Comments": "", "Photo_Reference": "" }, "geometry": { "type": "Point", "coordinates": [ -71.140224, 41.557545 ] } },
{ "type": "Feature", "properties": { "entry_id": "92b22c52-0968-4af3-ad1f-2583b6a6961f", "created_at": "2026-03-25T14:03:21Z", "gps_accuracy_m": 8.0, "Wall_Condition": "Fair", "Vegetation_Cover": "Some overgrowth (25-50% covered)", "Wall_Type": "Stacked (stones placed loosely)", "Stone_Shape": [ "Pillow" ], "Special_Features": [ ], "Surveyor_Name": "Ron Begin", "Comments": "", "Photo_URL": "https://five.epicollect.net/api/internal/media/little-compton-wall-inventory-2025?type=photo&format=entry_original&name=92b22c52-0968-4af3-ad1f-2583b6a6961f_1774447360.jpg", "Photo_Filename": "92b22c52-0968-4af3-ad1f-2583b6a6961f_1774447360.jpg" }, "geometry": { "type": "Point", "coordinates": [ -71.140415, 41.558083 ] } },
{ "type": "Feature", "properties": { "entry_id": "1a036ee5-2cc9-4858-816b-5edd03b2658a", "created_at": "2026-03-25T14:01:57Z", "gps_accuracy_m": 7.0, "Wall_Condition": "Poor", "Vegetation_Cover": "Hidden (75-100% covered)", "Wall_Type": "Stacked (stones placed loosely)", "Stone_Shape": [ "Pillow" ], "Special_Features": [ "Good candidate for repair" ], "Surveyor_Name": "Ron Begin", "Comments": "", "Photo_URL": "https://five.epicollect.net/api/internal/media/little-compton-wall-inventory-2025?type=photo&format=entry_original&name=1a036ee5-2cc9-4858-816b-5edd03b2658a_1774447253.jpg", "Photo_Filename": "1a036ee5-2cc9-4858-816b-5edd03b2658a_1774447253.jpg" }, "geometry": { "type": "Point", "coordinates": [ -71.140404, 41.557932 ] } },
{ "type": "Feature", "properties": { "entry_id": "59b9bbe4-abb2-4893-aff5-fd201db67f77", "created_at": "2026-03-25T13:59:39Z", "gps_accuracy_m": 5.0, "Wall_Condition": "Fair", "Vegetation_Cover": "Hidden (75-100% covered)", "Wall_Type": "Stacked (stones placed loosely)", "Stone_Shape": [ "Pillow" ], "Special_Features": [ ], "Surveyor_Name": "Ron Begin", "Comments": "", "Photo_URL": "https://five.epicollect.net/api/internal/media/little-compton-wall-inventory-2025?type=photo&format=entry_original&name=59b9bbe4-abb2-4893-aff5-fd201db67f77_1774447120.jpg", "Photo_Filename": "59b9bbe4-abb2-4893-aff5-fd201db67f77_1774447120.jpg" }, "geometry": { "type": "Point", "coordinates": [ -71.140341, 41.557394 ] } },
{ "type": "Feature", "properties": { "entry_id": "00e4557e-107b-4e5e-8fe3-a7097ca12905", "created_at": "2026-03-24T14:10:53Z", "gps_accuracy_m": 9.0, "Wall_Condition": "Fair", "Vegetation_Cover": "Clear (0-25% covered)", "Wall_Type": "Stacked (stones placed loosely)", "Stone_Shape": [ "Pillow", "Tablet" ], "Special_Features": [ ], "Surveyor_Name": "Ron Begin", "Comments": "", "Photo_URL": "https://five.epicollect.net/api/internal/media/little-compton-wall-inventory-2025?type=photo&format=entry_original&name=00e4557e-107b-4e5e-8fe3-a7097ca12905_1774361378.jpg", "Photo_Filename": "00e4557e-107b-4e5e-8fe3-a7097ca12905_1774361378.jpg" }, "geometry": { "type": "Point", "coordinates": [ -71.139063, 41.553814 ] } },
{ "type": "Feature", "properties": { "entry_id": "46f72836-a601-47fa-aa26-61938fcd0ea5", "created_at": "2026-03-23T19:01:44Z", "gps_accuracy_m": 13.0, "Wall_Condition": "Fair", "Vegetation_Cover": "Clear (0-25% covered)", "Wall_Type": "Stacked (stones placed loosely)", "Stone_Shape": [ "Pillow", "Slab" ], "Special_Features": [ "Double-sided" ], "Surveyor_Name": "", "Comments": "", "Photo_Reference": "" }, "geometry": { "type": "Point", "coordinates": [ -71.142105, 41.494667 ] } },
{ "type": "Feature", "properties": { "entry_id": "1c7c992d-fb77-40ec-bd88-36abdb68ab03", "created_at": "2026-03-23T18:57:24Z", "gps_accuracy_m": 12.0, "Wall_Condition": "Fair", "Vegetation_Cover": "Clear (0-25% covered)", "Wall_Type": "Stacked (stones placed loosely)", "Stone_Shape": [ "Ball", "Pillow" ], "Special_Features": [ "Double-sided" ], "Surveyor_Name": "", "Comments": "", "Photo_Reference": "" }, "geometry": { "type": "Point", "coordinates": [ -71.144735, 41.494189 ] } },
{ "type": "Feature", "properties": { "entry_id": "b7c94bf1-a1a6-485f-b0df-3370cef1ef72", "created_at": "2026-03-23T18:53:53Z", "gps_accuracy_m": 18.0, "Wall_Condition": "Fair", "Vegetation_Cover": "Clear (0-25% covered)", "Wall_Type": "Stacked (stones placed loosely)", "Stone_Shape": [ "Ball", "Pillow" ], "Special_Features": [ ], "Surveyor_Name": "", "Comments": "", "Photo_Reference": "" }, "geometry": { "type": "Point", "coordinates": [ -71.146105, 41.493214 ] } },
{ "type": "Feature", "properties": { "entry_id": "04c12adb-9708-4e43-bd82-7153a5184b35", "created_at": "2026-03-23T18:52:29Z", "gps_accuracy_m": 5.0, "Wall_Condition": "Good", "Vegetation_Cover": "Clear (0-25% covered)", "Wall_Type": "Stacked (stones placed loosely)", "Stone_Shape": [ "Ball", "Pillow" ], "Special_Features": [ "Double-sided", "Opening in wall" ], "Surveyor_Name": "", "Comments": "", "Photo_Reference": "" }, "geometry": { "type": "Point", "coordinates": [ -71.14608, 41.493192 ] } },
{ "type": "Feature", "properties": { "entry_id": "3619bb13-dd41-4a2d-93ad-6b458396d8dc", "created_at": "2026-03-23T18:51:32Z", "gps_accuracy_m": 14.0, "Wall_Condition": "Good", "Vegetation_Cover": "Clear (0-25% covered)", "Wall_Type": "Stacked (stones placed loosely)", "Stone_Shape": [ "Ball", "Pillow" ], "Special_Features": [ "Double-sided" ], "Surveyor_Name": "", "Comments": "", "Photo_Reference": "" }, "geometry": { "type": "Point", "coordinates": [ -71.146062, 41.493213 ] } },
{ "type": "Feature", "properties": { "entry_id": "81b69e44-5b81-4066-834d-3ab337be42fd", "created_at": "2026-03-23T18:48:32Z", "gps_accuracy_m": 23.0, "Wall_Condition": "Good", "Vegetation_Cover": "Clear (0-25% covered)", "Wall_Type": "Laid (carefully selected and fitted)", "Stone_Shape": [ "Ball", "Pillow" ], "Special_Features": [ "Recently rebuilt", "Double-sided" ], "Surveyor_Name": "", "Comments": "", "Photo_Reference": "" }, "geometry": { "type": "Point", "coordinates": [ -71.145456, 41.493789 ] } },
{ "type": "Feature", "properties": { "entry_id": "ae164dcc-2513-43d2-a1ef-38b0cb86eca6", "created_at": "2026-03-23T18:43:03Z", "gps_accuracy_m": 6.0, "Wall_Condition": "Fair", "Vegetation_Cover": "Hidden (75-100% covered)", "Wall_Type": "Stacked (stones placed loosely)", "Stone_Shape": [ "Ball", "Pillow" ], "Special_Features": [ "Double-sided" ], "Surveyor_Name": "", "Comments": "", "Photo_Reference": "" }, "geometry": { "type": "Point", "coordinates": [ -71.142425, 41.494107 ] } },
{ "type": "Feature", "properties": { "entry_id": "7202d2bb-6b1c-4b9a-a6e0-6a6dca189d3e", "created_at": "2026-03-23T18:41:06Z", "gps_accuracy_m": 14.0, "Wall_Condition": "Fair", "Vegetation_Cover": "Some overgrowth (25-50% covered)", "Wall_Type": "Stacked (stones placed loosely)", "Stone_Shape": [ "Ball", "Pillow" ], "Special_Features": [ "Double-sided" ], "Surveyor_Name": "", "Comments": "", "Photo_Reference": "" }, "geometry": { "type": "Point", "coordinates": [ -71.142131, 41.494166 ] } },
{ "type": "Feature", "properties": { "entry_id": "92997fa5-41ce-4578-8207-bc7822cf2623", "created_at": "2026-03-23T18:38:34Z", "gps_accuracy_m": 6.0, "Wall_Condition": "Fair", "Vegetation_Cover": "Some overgrowth (25-50% covered)", "Wall_Type": "Stacked (stones placed loosely)", "Stone_Shape": [ "Ball", "Pillow", "Tablet" ], "Special_Features": [ ], "Surveyor_Name": "", "Comments": "", "Photo_Reference": "" }, "geometry": { "type": "Point", "coordinates": [ -71.142072, 41.494011 ] } },
{ "type": "Feature", "properties": { "entry_id": "fa296983-9dc3-4fce-be1d-833c76538fb8", "created_at": "2026-03-23T18:37:04Z", "gps_accuracy_m": 9.0, "Wall_Condition": "Fair", "Vegetation_Cover": "Clear (0-25% covered)", "Wall_Type": "Stacked (stones placed loosely)", "Stone_Shape": [ "Ball", "Pillow" ], "Special_Features": [ ], "Surveyor_Name": "", "Comments": "", "Photo_Reference": "" }, "geometry": { "type": "Point", "coordinates": [ -71.142059, 41.494025 ] } },
{ "type": "Feature", "properties": { "entry_id": "27f1001d-55d1-43a1-ac94-506f56d369ef", "created_at": "2026-03-23T18:34:56Z", "gps_accuracy_m": 10.0, "Wall_Condition": "Good", "Vegetation_Cover": "Clear (0-25% covered)", "Wall_Type": "Stacked (stones placed loosely)", "Stone_Shape": [ "Ball", "Pillow" ], "Special_Features": [ ], "Surveyor_Name": "", "Comments": "", "Photo_Reference": "" }, "geometry": { "type": "Point", "coordinates": [ -71.14147, 41.494465 ] } },
{ "type": "Feature", "properties": { "entry_id": "87b31615-8082-470f-b61a-abb798f60e16", "created_at": "2026-03-23T18:33:54Z", "gps_accuracy_m": 6.0, "Wall_Condition": "Good", "Vegetation_Cover": "Clear (0-25% covered)", "Wall_Type": "Stacked (stones placed loosely)", "Stone_Shape": [ "Ball", "Pillow" ], "Special_Features": [ ], "Surveyor_Name": "", "Comments": "", "Photo_Reference": "" }, "geometry": { "type": "Point", "coordinates": [ -71.141327, 41.494439 ] } },
{ "type": "Feature", "properties": { "entry_id": "85cdb615-3129-4f2c-8af7-a07a1a942488", "created_at": "2026-03-23T18:30:59Z", "gps_accuracy_m": 6.0, "Wall_Condition": "Fair", "Vegetation_Cover": "Quite covered (50-75% covered)", "Wall_Type": "Stacked (stones placed loosely)", "Stone_Shape": [ "Ball", "Pillow" ], "Special_Features": [ ], "Surveyor_Name": "", "Comments": "", "Photo_Reference": "" }, "geometry": { "type": "Point", "coordinates": [ -71.140717, 41.49468 ] } },
{ "type": "Feature", "properties": { "entry_id": "262dcfa7-9593-43de-b670-09e81d822b50", "created_at": "2026-03-23T18:29:24Z", "gps_accuracy_m": 3.0, "Wall_Condition": "Fair", "Vegetation_Cover": "Some overgrowth (25-50% covered)", "Wall_Type": "Stacked (stones placed loosely)", "Stone_Shape": [ "Ball", "Pillow" ], "Special_Features": [ ], "Surveyor_Name": "", "Comments": "", "Photo_Reference": "" }, "geometry": { "type": "Point", "coordinates": [ -71.140966, 41.494609 ] } },
{ "type": "Feature", "properties": { "entry_id": "ed35d7c8-158a-491e-9026-8f75af66e641", "created_at": "2026-03-23T18:28:01Z", "gps_accuracy_m": 8.0, "Wall_Condition": "Fair", "Vegetation_Cover": "Some overgrowth (25-50% covered)", "Wall_Type": "Stacked (stones placed loosely)", "Stone_Shape": [ "Ball", "Pillow" ], "Special_Features": [ ], "Surveyor_Name": "", "Comments": "", "Photo_Reference": "" }, "geometry": { "type": "Point", "coordinates": [ -71.141075, 41.494335 ] } },
{ "type": "Feature", "properties": { "entry_id": "9473dcfc-51ec-4184-93e5-07830b4f0861", "created_at": "2026-03-21T20:10:23Z", "gps_accuracy_m": 6.0, "Wall_Condition": "Good", "Vegetation_Cover": "Clear (0-25% covered)", "Wall_Type": "Laid (carefully selected and fitted)", "Stone_Shape": [ "Prism" ], "Special_Features": [ "Recently rebuilt" ], "Surveyor_Name": "Sunny", "Comments": "", "Photo_URL": "https://five.epicollect.net/api/internal/media/little-compton-wall-inventory-2025?type=photo&format=entry_original&name=9473dcfc-51ec-4184-93e5-07830b4f0861_1774123762.jpg", "Photo_Filename": "9473dcfc-51ec-4184-93e5-07830b4f0861_1774123762.jpg" }, "geometry": { "type": "Point", "coordinates": [ -71.148603, 41.499551 ] } },
{ "type": "Feature", "properties": { "entry_id": "39f1b77e-50a4-4d7e-acba-38a9719592cb", "created_at": "2026-03-21T20:08:28Z", "gps_accuracy_m": 8.0, "Wall_Condition": "Good", "Vegetation_Cover": "Clear (0-25% covered)", "Wall_Type": "Laid (carefully selected and fitted)", "Stone_Shape": [ "Prism" ], "Special_Features": [ "Recently rebuilt" ], "Surveyor_Name": "Sunny", "Comments": "", "Photo_URL": "https://five.epicollect.net/api/internal/media/little-compton-wall-inventory-2025?type=photo&format=entry_original&name=39f1b77e-50a4-4d7e-acba-38a9719592cb_1774123645.jpg", "Photo_Filename": "39f1b77e-50a4-4d7e-acba-38a9719592cb_1774123645.jpg" }, "geometry": { "type": "Point", "coordinates": [ -71.148777, 41.49947 ] } },
{ "type": "Feature", "properties": { "entry_id": "5721da91-f7a6-4b0c-be2f-2477f4c63164", "created_at": "2026-03-21T20:06:37Z", "gps_accuracy_m": 6.0, "Wall_Condition": "Good", "Vegetation_Cover": "Clear (0-25% covered)", "Wall_Type": "Laid (carefully selected and fitted)", "Stone_Shape": [ "Prism" ], "Special_Features": [ "Recently rebuilt" ], "Surveyor_Name": "Sunny", "Comments": "", "Photo_URL": "https://five.epicollect.net/api/internal/media/little-compton-wall-inventory-2025?type=photo&format=entry_original&name=5721da91-f7a6-4b0c-be2f-2477f4c63164_1774123532.jpg", "Photo_Filename": "5721da91-f7a6-4b0c-be2f-2477f4c63164_1774123532.jpg" }, "geometry": { "type": "Point", "coordinates": [ -71.148846, 41.499572 ] } },
{ "type": "Feature", "properties": { "entry_id": "84afaa3e-3324-417e-a792-3aabe7acb792", "created_at": "2026-03-21T20:04:05Z", "gps_accuracy_m": 6.0, "Wall_Condition": "Good", "Vegetation_Cover": "Clear (0-25% covered)", "Wall_Type": "Laid (carefully selected and fitted)", "Stone_Shape": [ "Prism" ], "Special_Features": [ "Recently rebuilt" ], "Surveyor_Name": "Sunny", "Comments": "", "Photo_URL": "https://five.epicollect.net/api/internal/media/little-compton-wall-inventory-2025?type=photo&format=entry_original&name=84afaa3e-3324-417e-a792-3aabe7acb792_1774123392.jpg", "Photo_Filename": "84afaa3e-3324-417e-a792-3aabe7acb792_1774123392.jpg" }, "geometry": { "type": "Point", "coordinates": [ -71.148846, 41.499558 ] } },
{ "type": "Feature", "properties": { "entry_id": "a49424f3-e74c-4e03-9036-de71c99abed6", "created_at": "2026-03-21T20:00:24Z", "gps_accuracy_m": 6.0, "Wall_Condition": "Good", "Vegetation_Cover": "Clear (0-25% covered)", "Wall_Type": "Laid (carefully selected and fitted)", "Stone_Shape": [ "Prism" ], "Special_Features": [ "Recently rebuilt" ], "Surveyor_Name": "Sunny", "Comments": "", "Photo_URL": "https://five.epicollect.net/api/internal/media/little-compton-wall-inventory-2025?type=photo&format=entry_original&name=a49424f3-e74c-4e03-9036-de71c99abed6_1774123195.jpg", "Photo_Filename": "a49424f3-e74c-4e03-9036-de71c99abed6_1774123195.jpg" }, "geometry": { "type": "Point", "coordinates": [ -71.148723, 41.499616 ] } },
{ "type": "Feature", "properties": { "entry_id": "efa807be-0bde-4809-8711-fd14093b4725", "created_at": "2026-03-21T19:59:19Z", "gps_accuracy_m": 6.0, "Wall_Condition": "Good", "Vegetation_Cover": "Clear (0-25% covered)", "Wall_Type": "Laid (carefully selected and fitted)", "Stone_Shape": [ "Prism" ], "Special_Features": [ "Recently rebuilt" ], "Surveyor_Name": "Sunny", "Comments": "", "Photo_URL": "https://five.epicollect.net/api/internal/media/little-compton-wall-inventory-2025?type=photo&format=entry_original&name=efa807be-0bde-4809-8711-fd14093b4725_1774123127.jpg", "Photo_Filename": "efa807be-0bde-4809-8711-fd14093b4725_1774123127.jpg" }, "geometry": { "type": "Point", "coordinates": [ -71.148311, 41.499584 ] } },
{ "type": "Feature", "properties": { "entry_id": "e3da8051-b919-4364-b30f-6feefd5cacd0", "created_at": "2026-03-21T19:58:15Z", "gps_accuracy_m": 4.0, "Wall_Condition": "Good", "Vegetation_Cover": "Clear (0-25% covered)", "Wall_Type": "Laid (carefully selected and fitted)", "Stone_Shape": [ "Prism" ], "Special_Features": [ "Recently rebuilt" ], "Surveyor_Name": "Sunny", "Comments": "", "Photo_URL": "https://five.epicollect.net/api/internal/media/little-compton-wall-inventory-2025?type=photo&format=entry_original&name=e3da8051-b919-4364-b30f-6feefd5cacd0_1774123069.jpg", "Photo_Filename": "e3da8051-b919-4364-b30f-6feefd5cacd0_1774123069.jpg" }, "geometry": { "type": "Point", "coordinates": [ -71.148107, 41.499598 ] } },
{ "type": "Feature", "properties": { "entry_id": "0a116109-b882-48dc-92fa-c930022a10ca", "created_at": "2026-03-21T19:57:15Z", "gps_accuracy_m": 4.0, "Wall_Condition": "Good", "Vegetation_Cover": "Clear (0-25% covered)", "Wall_Type": "Laid (carefully selected and fitted)", "Stone_Shape": [ "Prism" ], "Special_Features": [ "Recently rebuilt" ], "Surveyor_Name": "sunny", "Comments": "", "Photo_URL": "https://five.epicollect.net/api/internal/media/little-compton-wall-inventory-2025?type=photo&format=entry_original&name=0a116109-b882-48dc-92fa-c930022a10ca_1774122994.jpg", "Photo_Filename": "0a116109-b882-48dc-92fa-c930022a10ca_1774122994.jpg" }, "geometry": { "type": "Point", "coordinates": [ -71.148107, 41.499598 ] } },
{ "type": "Feature", "properties": { "entry_id": "7307fa9d-6c7d-42cc-8ea4-9d89da3a16d0", "created_at": "2026-03-21T19:53:17Z", "gps_accuracy_m": 6.0, "Wall_Condition": "Poor", "Vegetation_Cover": "Some overgrowth (25-50% covered)", "Wall_Type": "Stacked (stones placed loosely)", "Stone_Shape": [ "Ball" ], "Special_Features": [ "Good candidate for repair" ], "Surveyor_Name": "Jean Sunny", "Comments": "", "Photo_URL": "https://five.epicollect.net/api/internal/media/little-compton-wall-inventory-2025?type=photo&format=entry_original&name=7307fa9d-6c7d-42cc-8ea4-9d89da3a16d0_1774122763.jpg", "Photo_Filename": "7307fa9d-6c7d-42cc-8ea4-9d89da3a16d0_1774122763.jpg" }, "geometry": { "type": "Point", "coordinates": [ -71.148893, 41.498809 ] } },
{ "type": "Feature", "properties": { "entry_id": "5127a82e-c5e6-48d4-a50f-afb5e1e2bfc4", "created_at": "2026-03-21T19:52:04Z", "gps_accuracy_m": 8.0, "Wall_Condition": "Fair", "Vegetation_Cover": "Hidden (75-100% covered)", "Wall_Type": "Stacked (stones placed loosely)", "Stone_Shape": [ "Ball" ], "Special_Features": [ "Good candidate for repair" ], "Surveyor_Name": "Jean Sunny", "Comments": "", "Photo_URL": "https://five.epicollect.net/api/internal/media/little-compton-wall-inventory-2025?type=photo&format=entry_original&name=5127a82e-c5e6-48d4-a50f-afb5e1e2bfc4_1774122685.jpg", "Photo_Filename": "5127a82e-c5e6-48d4-a50f-afb5e1e2bfc4_1774122685.jpg" }, "geometry": { "type": "Point", "coordinates": [ -71.148649, 41.498754 ] } },
{ "type": "Feature", "properties": { "entry_id": "beea9d6e-6639-40e0-a9cb-90643ac0c4d5", "created_at": "2026-03-21T19:50:53Z", "gps_accuracy_m": 6.0, "Wall_Condition": "Fair", "Vegetation_Cover": "Clear (0-25% covered)", "Wall_Type": "Stacked (stones placed loosely)", "Stone_Shape": [ "Ball" ], "Special_Features": [ ], "Surveyor_Name": "Jean Sunny", "Comments": "", "Photo_URL": "https://five.epicollect.net/api/internal/media/little-compton-wall-inventory-2025?type=photo&format=entry_original&name=beea9d6e-6639-40e0-a9cb-90643ac0c4d5_1774122615.jpg", "Photo_Filename": "beea9d6e-6639-40e0-a9cb-90643ac0c4d5_1774122615.jpg" }, "geometry": { "type": "Point", "coordinates": [ -71.148589, 41.498758 ] } },
{ "type": "Feature", "properties": { "entry_id": "fc3803da-569e-4457-be7e-05e747797ad7", "created_at": "2026-03-21T19:49:43Z", "gps_accuracy_m": 8.0, "Wall_Condition": "Fair", "Vegetation_Cover": "Some overgrowth (25-50% covered)", "Wall_Type": "Stacked (stones placed loosely)", "Stone_Shape": [ "Ball" ], "Special_Features": [ "Good candidate for repair" ], "Surveyor_Name": "Jean Sunny", "Comments": "", "Photo_URL": "https://five.epicollect.net/api/internal/media/little-compton-wall-inventory-2025?type=photo&format=entry_original&name=fc3803da-569e-4457-be7e-05e747797ad7_1774122545.jpg", "Photo_Filename": "fc3803da-569e-4457-be7e-05e747797ad7_1774122545.jpg" }, "geometry": { "type": "Point", "coordinates": [ -71.148514, 41.498751 ] } },
{ "type": "Feature", "properties": { "entry_id": "17b0d9e8-674d-4021-98f2-859157b5491f", "created_at": "2026-03-21T19:48:35Z", "gps_accuracy_m": 8.0, "Wall_Condition": "Poor", "Vegetation_Cover": "Some overgrowth (25-50% covered)", "Wall_Type": "Stacked (stones placed loosely)", "Stone_Shape": [ "Ball" ], "Special_Features": [ "Good candidate for repair" ], "Surveyor_Name": "Jean Sunny", "Comments": "", "Photo_URL": "https://five.epicollect.net/api/internal/media/little-compton-wall-inventory-2025?type=photo&format=entry_original&name=17b0d9e8-674d-4021-98f2-859157b5491f_1774122472.jpg", "Photo_Filename": "17b0d9e8-674d-4021-98f2-859157b5491f_1774122472.jpg" }, "geometry": { "type": "Point", "coordinates": [ -71.148514, 41.498751 ] } },
{ "type": "Feature", "properties": { "entry_id": "994c4777-ad2d-4861-92c8-bbbc5f498203", "created_at": "2026-03-21T19:45:55Z", "gps_accuracy_m": 6.0, "Wall_Condition": "Fair", "Vegetation_Cover": "Some overgrowth (25-50% covered)", "Wall_Type": "Stacked (stones placed loosely)", "Stone_Shape": [ "Ball" ], "Special_Features": [ "Good candidate for repair" ], "Surveyor_Name": "Jean Sunny", "Comments": "", "Photo_URL": "https://five.epicollect.net/api/internal/media/little-compton-wall-inventory-2025?type=photo&format=entry_original&name=994c4777-ad2d-4861-92c8-bbbc5f498203_1774122302.jpg", "Photo_Filename": "994c4777-ad2d-4861-92c8-bbbc5f498203_1774122302.jpg" }, "geometry": { "type": "Point", "coordinates": [ -71.148889, 41.498694 ] } },
{ "type": "Feature", "properties": { "entry_id": "f56e847a-ad63-4d32-b5dd-b8ff871e28c6", "created_at": "2026-03-21T19:44:32Z", "gps_accuracy_m": 6.0, "Wall_Condition": "Fair", "Vegetation_Cover": "Some overgrowth (25-50% covered)", "Wall_Type": "Stacked (stones placed loosely)", "Stone_Shape": [ "Ball" ], "Special_Features": [ "Good candidate for repair" ], "Surveyor_Name": "jean Sunny", "Comments": "", "Photo_URL": "https://five.epicollect.net/api/internal/media/little-compton-wall-inventory-2025?type=photo&format=entry_original&name=f56e847a-ad63-4d32-b5dd-b8ff871e28c6_1774122222.jpg", "Photo_Filename": "f56e847a-ad63-4d32-b5dd-b8ff871e28c6_1774122222.jpg" }, "geometry": { "type": "Point", "coordinates": [ -71.148964, 41.498734 ] } },
{ "type": "Feature", "properties": { "entry_id": "68a2374b-2528-46a5-93c6-3b95d70e939d", "created_at": "2026-03-21T19:43:02Z", "gps_accuracy_m": 6.0, "Wall_Condition": "Fair", "Vegetation_Cover": "Quite covered (50-75% covered)", "Wall_Type": "Stacked (stones placed loosely)", "Stone_Shape": [ "Ball" ], "Special_Features": [ "Good candidate for repair" ], "Surveyor_Name": "Jean Sunny", "Comments": "", "Photo_URL": "https://five.epicollect.net/api/internal/media/little-compton-wall-inventory-2025?type=photo&format=entry_original&name=68a2374b-2528-46a5-93c6-3b95d70e939d_1774122141.jpg", "Photo_Filename": "68a2374b-2528-46a5-93c6-3b95d70e939d_1774122141.jpg" }, "geometry": { "type": "Point", "coordinates": [ -71.148742, 41.498883 ] } },
{ "type": "Feature", "properties": { "entry_id": "b46466ac-70ca-4662-8764-2875183ce632", "created_at": "2026-03-21T19:41:47Z", "gps_accuracy_m": 6.0, "Wall_Condition": "Fair", "Vegetation_Cover": "Some overgrowth (25-50% covered)", "Wall_Type": "Stacked (stones placed loosely)", "Stone_Shape": [ "Ball" ], "Special_Features": [ "Good candidate for repair" ], "Surveyor_Name": "Jean Sunny", "Comments": "", "Photo_URL": "https://five.epicollect.net/api/internal/media/little-compton-wall-inventory-2025?type=photo&format=entry_original&name=b46466ac-70ca-4662-8764-2875183ce632_1774122063.jpg", "Photo_Filename": "b46466ac-70ca-4662-8764-2875183ce632_1774122063.jpg" }, "geometry": { "type": "Point", "coordinates": [ -71.148619, 41.49891 ] } },
{ "type": "Feature", "properties": { "entry_id": "c4a7d6be-3bd6-4471-81ac-4d87c3773c00", "created_at": "2026-03-21T19:40:29Z", "gps_accuracy_m": 6.0, "Wall_Condition": "Poor", "Vegetation_Cover": "Some overgrowth (25-50% covered)", "Wall_Type": "Stacked (stones placed loosely)", "Stone_Shape": [ "Slab" ], "Special_Features": [ "Good candidate for repair" ], "Surveyor_Name": "Jean Sunny", "Comments": "", "Photo_URL": "https://five.epicollect.net/api/internal/media/little-compton-wall-inventory-2025?type=photo&format=entry_original&name=c4a7d6be-3bd6-4471-81ac-4d87c3773c00_1774121983.jpg", "Photo_Filename": "c4a7d6be-3bd6-4471-81ac-4d87c3773c00_1774121983.jpg" }, "geometry": { "type": "Point", "coordinates": [ -71.148397, 41.498911 ] } },
{ "type": "Feature", "properties": { "entry_id": "b441a96d-3767-4517-96bf-d73c730c2f68", "created_at": "2026-03-21T19:39:10Z", "gps_accuracy_m": 6.0, "Wall_Condition": "Poor", "Vegetation_Cover": "Quite covered (50-75% covered)", "Wall_Type": "Stacked (stones placed loosely)", "Stone_Shape": [ "Ball" ], "Special_Features": [ ], "Surveyor_Name": "Jean Sunny", "Comments": "", "Photo_URL": "https://five.epicollect.net/api/internal/media/little-compton-wall-inventory-2025?type=photo&format=entry_original&name=b441a96d-3767-4517-96bf-d73c730c2f68_1774121882.jpg", "Photo_Filename": "b441a96d-3767-4517-96bf-d73c730c2f68_1774121882.jpg" }, "geometry": { "type": "Point", "coordinates": [ -71.148366, 41.498901 ] } },
{ "type": "Feature", "properties": { "entry_id": "f8b0f480-2d65-4646-b1ae-0d298b9e38f2", "created_at": "2026-03-21T19:17:22Z", "gps_accuracy_m": 21.0, "Wall_Condition": "Good", "Vegetation_Cover": "Clear (0-25% covered)", "Wall_Type": "Laid (carefully selected and fitted)", "Stone_Shape": [ "Slab" ], "Special_Features": [ "Recently rebuilt" ], "Surveyor_Name": "Jean Sunny", "Comments": "", "Photo_URL": "https://five.epicollect.net/api/internal/media/little-compton-wall-inventory-2025?type=photo&format=entry_original&name=f8b0f480-2d65-4646-b1ae-0d298b9e38f2_1774120492.jpg", "Photo_Filename": "f8b0f480-2d65-4646-b1ae-0d298b9e38f2_1774120492.jpg" }, "geometry": { "type": "Point", "coordinates": [ -71.147925, 41.496004 ] } },
{ "type": "Feature", "properties": { "entry_id": "edebdefb-0770-4794-80f6-da4b46b021dc", "created_at": "2026-03-21T19:04:56Z", "gps_accuracy_m": 4.0, "Wall_Condition": "Good", "Vegetation_Cover": "Clear (0-25% covered)", "Wall_Type": "Stacked (stones placed loosely)", "Stone_Shape": [ "Ball", "Slab", "Block", "Pillow" ], "Special_Features": [ "Other (add comment)" ], "Surveyor_Name": "Jon Stapleton", "Comments": "Part of original Brown Farm (ca 1750) property; entry to Farm house lane.", "Photo_URL": "https://five.epicollect.net/api/internal/media/little-compton-wall-inventory-2025?type=photo&format=entry_original&name=edebdefb-0770-4794-80f6-da4b46b021dc_1774119780.jpg", "Photo_Filename": "edebdefb-0770-4794-80f6-da4b46b021dc_1774119780.jpg" }, "geometry": { "type": "Point", "coordinates": [ -71.192712, 41.513381 ] } },
{ "type": "Feature", "properties": { "entry_id": "e005f6a0-2ced-40e2-98e9-600af3a81795", "created_at": "2026-03-21T19:01:05Z", "gps_accuracy_m": 9.0, "Wall_Condition": "Good", "Vegetation_Cover": "Clear (0-25% covered)", "Wall_Type": "Stacked (stones placed loosely)", "Stone_Shape": [ "Ball", "Slab", "Block", "Pillow" ], "Special_Features": [ "Other (add comment)" ], "Surveyor_Name": "Jon Stapleton", "Comments": "Part of original Brown Farm (ca 1750) property", "Photo_URL": "https://five.epicollect.net/api/internal/media/little-compton-wall-inventory-2025?type=photo&format=entry_original&name=e005f6a0-2ced-40e2-98e9-600af3a81795_1774119509.jpg", "Photo_Filename": "e005f6a0-2ced-40e2-98e9-600af3a81795_1774119509.jpg" }, "geometry": { "type": "Point", "coordinates": [ -71.192509, 41.513096 ] } },
{ "type": "Feature", "properties": { "entry_id": "0d835afa-4f6d-4d40-b5a5-963908cfb13c", "created_at": "2026-03-21T18:57:41Z", "gps_accuracy_m": 5.0, "Wall_Condition": "Fair", "Vegetation_Cover": "Clear (0-25% covered)", "Wall_Type": "Stacked (stones placed loosely)", "Stone_Shape": [ "Ball", "Slab", "Block", "Pillow" ], "Special_Features": [ "Other (add comment)" ], "Surveyor_Name": "Jon Stapleton", "Comments": "Part o original Brown Farm (ca 1750) property", "Photo_URL": "https://five.epicollect.net/api/internal/media/little-compton-wall-inventory-2025?type=photo&format=entry_original&name=0d835afa-4f6d-4d40-b5a5-963908cfb13c_1774119203.jpg", "Photo_Filename": "0d835afa-4f6d-4d40-b5a5-963908cfb13c_1774119203.jpg" }, "geometry": { "type": "Point", "coordinates": [ -71.192512, 41.513 ] } },
{ "type": "Feature", "properties": { "entry_id": "a79f91f9-a59d-4c34-a19a-8743b5304649", "created_at": "2026-03-21T18:49:42Z", "gps_accuracy_m": 5.0, "Wall_Condition": "Fair", "Vegetation_Cover": "Clear (0-25% covered)", "Wall_Type": "Laid (carefully selected and fitted)", "Stone_Shape": [ "Ball", "Slab", "Pillow" ], "Special_Features": [ "Recently rebuilt" ], "Surveyor_Name": "Jon Stapleton", "Comments": "", "Photo_URL": "https://five.epicollect.net/api/internal/media/little-compton-wall-inventory-2025?type=photo&format=entry_original&name=a79f91f9-a59d-4c34-a19a-8743b5304649_1774118891.jpg", "Photo_Filename": "a79f91f9-a59d-4c34-a19a-8743b5304649_1774118891.jpg" }, "geometry": { "type": "Point", "coordinates": [ -71.19248, 41.512809 ] } },
{ "type": "Feature", "properties": { "entry_id": "a4ceec12-60b8-4d10-a49a-cf22e0fb9bbe", "created_at": "2026-03-21T18:46:56Z", "gps_accuracy_m": 4.0, "Wall_Condition": "Poor", "Vegetation_Cover": "Quite covered (50-75% covered)", "Wall_Type": "Stacked (stones placed loosely)", "Stone_Shape": [ "Ball", "Slab", "Pillow" ], "Special_Features": [ "Good candidate for repair" ], "Surveyor_Name": "Jon Stapleton", "Comments": "", "Photo_URL": "https://five.epicollect.net/api/internal/media/little-compton-wall-inventory-2025?type=photo&format=entry_original&name=a4ceec12-60b8-4d10-a49a-cf22e0fb9bbe_1774118752.jpg", "Photo_Filename": "a4ceec12-60b8-4d10-a49a-cf22e0fb9bbe_1774118752.jpg" }, "geometry": { "type": "Point", "coordinates": [ -71.192406, 41.512444 ] } },
{ "type": "Feature", "properties": { "entry_id": "f1fc3efa-9086-4da8-b06d-bb456d767430", "created_at": "2026-03-21T18:44:55Z", "gps_accuracy_m": 5.0, "Wall_Condition": "Poor", "Vegetation_Cover": "Hidden (75-100% covered)", "Wall_Type": "Stacked (stones placed loosely)", "Stone_Shape": [ "Ball", "Slab", "Pillow" ], "Special_Features": [ ], "Surveyor_Name": "Jon Stapleton", "Comments": "", "Photo_URL": "https://five.epicollect.net/api/internal/media/little-compton-wall-inventory-2025?type=photo&format=entry_original&name=f1fc3efa-9086-4da8-b06d-bb456d767430_1774118649.jpg", "Photo_Filename": "f1fc3efa-9086-4da8-b06d-bb456d767430_1774118649.jpg" }, "geometry": { "type": "Point", "coordinates": [ -71.192409, 41.512333 ] } },
{ "type": "Feature", "properties": { "entry_id": "72eac972-73c0-46b9-9881-c3046254875d", "created_at": "2026-03-21T18:42:51Z", "gps_accuracy_m": 4.0, "Wall_Condition": "Poor", "Vegetation_Cover": "Quite covered (50-75% covered)", "Wall_Type": "Stacked (stones placed loosely)", "Stone_Shape": [ "Ball", "Slab", "Pillow" ], "Special_Features": [ "Other (add comment)" ], "Surveyor_Name": "Jon Stapleton", "Comments": "Wall junction - westbound wall joining NS wall along W Main Rd", "Photo_URL": "https://five.epicollect.net/api/internal/media/little-compton-wall-inventory-2025?type=photo&format=entry_original&name=72eac972-73c0-46b9-9881-c3046254875d_1774118446.jpg", "Photo_Filename": "72eac972-73c0-46b9-9881-c3046254875d_1774118446.jpg" }, "geometry": { "type": "Point", "coordinates": [ -71.19235, 41.512169 ] } },
{ "type": "Feature", "properties": { "entry_id": "94194031-bb2c-4364-bf9a-c70e2f167a25", "created_at": "2026-03-21T18:40:10Z", "gps_accuracy_m": 13.0, "Wall_Condition": "Poor", "Vegetation_Cover": "Quite covered (50-75% covered)", "Wall_Type": "Stacked (stones placed loosely)", "Stone_Shape": [ "Ball", "Slab", "Pillow" ], "Special_Features": [ "Good candidate for repair" ], "Surveyor_Name": "Jon Stapleton", "Comments": "", "Photo_URL": "https://five.epicollect.net/api/internal/media/little-compton-wall-inventory-2025?type=photo&format=entry_original&name=94194031-bb2c-4364-bf9a-c70e2f167a25_1774118329.jpg", "Photo_Filename": "94194031-bb2c-4364-bf9a-c70e2f167a25_1774118329.jpg" }, "geometry": { "type": "Point", "coordinates": [ -71.192245, 41.512128 ] } },
{ "type": "Feature", "properties": { "entry_id": "51da7dc6-17c1-4bd1-bf27-d00adb96e194", "created_at": "2026-03-21T18:37:28Z", "gps_accuracy_m": 4.0, "Wall_Condition": "Poor", "Vegetation_Cover": "Quite covered (50-75% covered)", "Wall_Type": "Stacked (stones placed loosely)", "Stone_Shape": [ "Ball", "Slab", "Pillow" ], "Special_Features": [ "Good candidate for repair" ], "Surveyor_Name": "Jon Stapleton", "Comments": "", "Photo_URL": "https://five.epicollect.net/api/internal/media/little-compton-wall-inventory-2025?type=photo&format=entry_original&name=51da7dc6-17c1-4bd1-bf27-d00adb96e194_1774118169.jpg", "Photo_Filename": "51da7dc6-17c1-4bd1-bf27-d00adb96e194_1774118169.jpg" }, "geometry": { "type": "Point", "coordinates": [ -71.192285, 41.512055 ] } },
{ "type": "Feature", "properties": { "entry_id": "adeaf74d-fdc5-4dc5-ac0f-27de18900394", "created_at": "2026-03-21T18:35:19Z", "gps_accuracy_m": 4.0, "Wall_Condition": "Fair", "Vegetation_Cover": "Clear (0-25% covered)", "Wall_Type": "Stacked (stones placed loosely)", "Stone_Shape": [ "Ball", "Slab", "Pillow" ], "Special_Features": [ ], "Surveyor_Name": "Jon Stapleton", "Comments": "", "Photo_URL": "https://five.epicollect.net/api/internal/media/little-compton-wall-inventory-2025?type=photo&format=entry_original&name=adeaf74d-fdc5-4dc5-ac0f-27de18900394_1774118058.jpg", "Photo_Filename": "adeaf74d-fdc5-4dc5-ac0f-27de18900394_1774118058.jpg" }, "geometry": { "type": "Point", "coordinates": [ -71.192135, 41.511562 ] } },
{ "type": "Feature", "properties": { "entry_id": "f575e39d-2eec-4d7c-94df-8fe11840d919", "created_at": "2026-03-21T18:33:00Z", "gps_accuracy_m": 5.0, "Wall_Condition": "Fair", "Vegetation_Cover": "Clear (0-25% covered)", "Wall_Type": "Stacked (stones placed loosely)", "Stone_Shape": [ "Ball", "Slab", "Pillow" ], "Special_Features": [ "Other (add comment)" ], "Surveyor_Name": "Jon Stapleton", "Comments": "Entry to Indian Hill Rd; part of original Brown Farm.", "Photo_Reference": "" }, "geometry": { "type": "Point", "coordinates": [ -71.192091, 41.511461 ] } },
{ "type": "Feature", "properties": { "entry_id": "0a4efe60-0ebd-4458-9c5f-ec86e4509792", "created_at": "2026-03-21T17:19:51Z", "gps_accuracy_m": 4.0, "Wall_Condition": "Good", "Vegetation_Cover": "Clear (0-25% covered)", "Wall_Type": "Laid (carefully selected and fitted)", "Stone_Shape": [ "Slab", "Block", "Tablet" ], "Special_Features": [ "Flat top", "Retaining wall" ], "Surveyor_Name": "Leslie", "Comments": "", "Photo_URL": "https://five.epicollect.net/api/internal/media/little-compton-wall-inventory-2025?type=photo&format=entry_original&name=0a4efe60-0ebd-4458-9c5f-ec86e4509792_1774113549.jpg", "Photo_Filename": "0a4efe60-0ebd-4458-9c5f-ec86e4509792_1774113549.jpg" }, "geometry": { "type": "Point", "coordinates": [ -71.172385, 41.508743 ] } },
{ "type": "Feature", "properties": { "entry_id": "3aca72a4-5a7d-4631-abb2-b64a975e88b9", "created_at": "2026-03-21T17:18:14Z", "gps_accuracy_m": 4.0, "Wall_Condition": "Good", "Vegetation_Cover": "Clear (0-25% covered)", "Wall_Type": "Laid (carefully selected and fitted)", "Stone_Shape": [ "Tablet", "Ball" ], "Special_Features": [ "Flat top" ], "Surveyor_Name": "Leslie", "Comments": "", "Photo_URL": "https://five.epicollect.net/api/internal/media/little-compton-wall-inventory-2025?type=photo&format=entry_original&name=3aca72a4-5a7d-4631-abb2-b64a975e88b9_1774113431.jpg", "Photo_Filename": "3aca72a4-5a7d-4631-abb2-b64a975e88b9_1774113431.jpg" }, "geometry": { "type": "Point", "coordinates": [ -71.172591, 41.508737 ] } },
{ "type": "Feature", "properties": { "entry_id": "af039ad0-7fca-4244-8629-a39d57126d03", "created_at": "2026-03-21T17:16:30Z", "gps_accuracy_m": 5.0, "Wall_Condition": "Good", "Vegetation_Cover": "Clear (0-25% covered)", "Wall_Type": "Laid (carefully selected and fitted)", "Stone_Shape": [ "Slab", "Tablet" ], "Special_Features": [ "Flat top", "Retaining wall" ], "Surveyor_Name": "Leslie", "Comments": "", "Photo_URL": "https://five.epicollect.net/api/internal/media/little-compton-wall-inventory-2025?type=photo&format=entry_original&name=af039ad0-7fca-4244-8629-a39d57126d03_1774113345.jpg", "Photo_Filename": "af039ad0-7fca-4244-8629-a39d57126d03_1774113345.jpg" }, "geometry": { "type": "Point", "coordinates": [ -71.172422, 41.508594 ] } },
{ "type": "Feature", "properties": { "entry_id": "db717ce9-f05c-404c-a45a-1b8a4fe7a14c", "created_at": "2026-03-21T17:15:16Z", "gps_accuracy_m": 6.0, "Wall_Condition": "Good", "Vegetation_Cover": "Some overgrowth (25-50% covered)", "Wall_Type": "Laid (carefully selected and fitted)", "Stone_Shape": [ "Ball", "Tablet" ], "Special_Features": [ "Flat top", "Retaining wall" ], "Surveyor_Name": "Leslie", "Comments": "", "Photo_URL": "https://five.epicollect.net/api/internal/media/little-compton-wall-inventory-2025?type=photo&format=entry_original&name=db717ce9-f05c-404c-a45a-1b8a4fe7a14c_1774113252.jpg", "Photo_Filename": "db717ce9-f05c-404c-a45a-1b8a4fe7a14c_1774113252.jpg" }, "geometry": { "type": "Point", "coordinates": [ -71.172269, 41.508639 ] } },
{ "type": "Feature", "properties": { "entry_id": "e273edf6-52f9-4caa-9158-3cc61879921e", "created_at": "2026-03-21T17:13:09Z", "gps_accuracy_m": 4.0, "Wall_Condition": "Good", "Vegetation_Cover": "Clear (0-25% covered)", "Wall_Type": "Laid (carefully selected and fitted)", "Stone_Shape": [ "Ball", "Tablet" ], "Special_Features": [ "Flat top", "Retaining wall" ], "Surveyor_Name": "Leslie", "Comments": "", "Photo_URL": "https://five.epicollect.net/api/internal/media/little-compton-wall-inventory-2025?type=photo&format=entry_original&name=e273edf6-52f9-4caa-9158-3cc61879921e_1774113145.jpg", "Photo_Filename": "e273edf6-52f9-4caa-9158-3cc61879921e_1774113145.jpg" }, "geometry": { "type": "Point", "coordinates": [ -71.172096, 41.508398 ] } },
{ "type": "Feature", "properties": { "entry_id": "fc3cef83-ecab-49da-b6a7-335f1d55c79f", "created_at": "2026-03-21T17:11:43Z", "gps_accuracy_m": 13.0, "Wall_Condition": "Good", "Vegetation_Cover": "Clear (0-25% covered)", "Wall_Type": "Laid (carefully selected and fitted)", "Stone_Shape": [ "Slab", "Tablet" ], "Special_Features": [ "Flat top", "Retaining wall" ], "Surveyor_Name": "Leslie", "Comments": "", "Photo_URL": "https://five.epicollect.net/api/internal/media/little-compton-wall-inventory-2025?type=photo&format=entry_original&name=fc3cef83-ecab-49da-b6a7-335f1d55c79f_1774112957.jpg", "Photo_Filename": "fc3cef83-ecab-49da-b6a7-335f1d55c79f_1774112957.jpg" }, "geometry": { "type": "Point", "coordinates": [ -71.171999, 41.508216 ] } },
{ "type": "Feature", "properties": { "entry_id": "3131893c-f757-4fe0-9676-e9ae89b2cd46", "created_at": "2026-03-21T17:08:23Z", "gps_accuracy_m": 14.0, "Wall_Condition": "Fair", "Vegetation_Cover": "Clear (0-25% covered)", "Wall_Type": "Stacked (stones placed loosely)", "Stone_Shape": [ "Ball", "Block" ], "Special_Features": [ "Opening in wall", "Retaining wall" ], "Surveyor_Name": "Leslie", "Comments": "", "Photo_URL": "https://five.epicollect.net/api/internal/media/little-compton-wall-inventory-2025?type=photo&format=entry_original&name=3131893c-f757-4fe0-9676-e9ae89b2cd46_1774112798.jpg", "Photo_Filename": "3131893c-f757-4fe0-9676-e9ae89b2cd46_1774112798.jpg" }, "geometry": { "type": "Point", "coordinates": [ -71.172101, 41.508133 ] } },
{ "type": "Feature", "properties": { "entry_id": "e67e580c-7c6e-40fb-a6f4-db33d1bea4ce", "created_at": "2026-03-21T17:05:23Z", "gps_accuracy_m": 6.0, "Wall_Condition": "Poor", "Vegetation_Cover": "Some overgrowth (25-50% covered)", "Wall_Type": "Dumped (stones piled on ground)", "Stone_Shape": [ "Ball", "Slab" ], "Special_Features": [ "Retaining wall", "Good candidate for repair" ], "Surveyor_Name": "Leslie", "Comments": "", "Photo_URL": "https://five.epicollect.net/api/internal/media/little-compton-wall-inventory-2025?type=photo&format=entry_original&name=e67e580c-7c6e-40fb-a6f4-db33d1bea4ce_1774112678.jpg", "Photo_Filename": "e67e580c-7c6e-40fb-a6f4-db33d1bea4ce_1774112678.jpg" }, "geometry": { "type": "Point", "coordinates": [ -71.172308, 41.507938 ] } },
{ "type": "Feature", "properties": { "entry_id": "e6053274-14d5-4323-aa95-f8df4b6eac10", "created_at": "2026-03-21T17:03:07Z", "gps_accuracy_m": 4.0, "Wall_Condition": "Good", "Vegetation_Cover": "Clear (0-25% covered)", "Wall_Type": "Laid (carefully selected and fitted)", "Stone_Shape": [ "Ball", "Slab" ], "Special_Features": [ "Flat top", "Opening in wall", "Retaining wall" ], "Surveyor_Name": "Leslie", "Comments": "", "Photo_URL": "https://five.epicollect.net/api/internal/media/little-compton-wall-inventory-2025?type=photo&format=entry_original&name=e6053274-14d5-4323-aa95-f8df4b6eac10_1774112537.jpg", "Photo_Filename": "e6053274-14d5-4323-aa95-f8df4b6eac10_1774112537.jpg" }, "geometry": { "type": "Point", "coordinates": [ -71.172684, 41.507758 ] } },
{ "type": "Feature", "properties": { "entry_id": "90788d63-980a-48b3-a17b-9ed3e650a565", "created_at": "2026-03-21T17:00:44Z", "gps_accuracy_m": 5.0, "Wall_Condition": "Good", "Vegetation_Cover": "Clear (0-25% covered)", "Wall_Type": "Laid (carefully selected and fitted)", "Stone_Shape": [ "Ball", "Slab" ], "Special_Features": [ "Flat top", "Retaining wall" ], "Surveyor_Name": "Leslie", "Comments": "", "Photo_URL": "https://five.epicollect.net/api/internal/media/little-compton-wall-inventory-2025?type=photo&format=entry_original&name=90788d63-980a-48b3-a17b-9ed3e650a565_1774112386.jpg", "Photo_Filename": "90788d63-980a-48b3-a17b-9ed3e650a565_1774112386.jpg" }, "geometry": { "type": "Point", "coordinates": [ -71.172779, 41.507778 ] } },
{ "type": "Feature", "properties": { "entry_id": "7d118ec5-1894-4de5-8943-a01cbcb5b812", "created_at": "2026-03-21T16:56:29Z", "gps_accuracy_m": 5.0, "Wall_Condition": "Poor", "Vegetation_Cover": "Clear (0-25% covered)", "Wall_Type": "Dumped (stones piled on ground)", "Stone_Shape": [ "Ball" ], "Special_Features": [ "Retaining wall", "Good candidate for repair" ], "Surveyor_Name": "Leslie", "Comments": "", "Photo_URL": "https://five.epicollect.net/api/internal/media/little-compton-wall-inventory-2025?type=photo&format=entry_original&name=7d118ec5-1894-4de5-8943-a01cbcb5b812_1774112133.jpg", "Photo_Filename": "7d118ec5-1894-4de5-8943-a01cbcb5b812_1774112133.jpg" }, "geometry": { "type": "Point", "coordinates": [ -71.172999, 41.508015 ] } },
{ "type": "Feature", "properties": { "entry_id": "e38eb8ff-eb11-4226-a814-e143e3049829", "created_at": "2026-03-21T16:55:00Z", "gps_accuracy_m": 6.0, "Wall_Condition": "Good", "Vegetation_Cover": "Clear (0-25% covered)", "Wall_Type": "Laid (carefully selected and fitted)", "Stone_Shape": [ "Slab", "Ball" ], "Special_Features": [ "Flat top", "Retaining wall" ], "Surveyor_Name": "Leslie", "Comments": "", "Photo_URL": "https://five.epicollect.net/api/internal/media/little-compton-wall-inventory-2025?type=photo&format=entry_original&name=e38eb8ff-eb11-4226-a814-e143e3049829_1774112050.jpg", "Photo_Filename": "e38eb8ff-eb11-4226-a814-e143e3049829_1774112050.jpg" }, "geometry": { "type": "Point", "coordinates": [ -71.173015, 41.508068 ] } },
{ "type": "Feature", "properties": { "entry_id": "66aabf22-6dd1-49b5-9863-8249c9c9f98a", "created_at": "2026-03-21T16:53:20Z", "gps_accuracy_m": 78.0, "Wall_Condition": "Good", "Vegetation_Cover": "Clear (0-25% covered)", "Wall_Type": "Laid (carefully selected and fitted)", "Stone_Shape": [ "Slab" ], "Special_Features": [ "Flat top", "Retaining wall" ], "Surveyor_Name": "Leslie", "Comments": "", "Photo_URL": "https://five.epicollect.net/api/internal/media/little-compton-wall-inventory-2025?type=photo&format=entry_original&name=66aabf22-6dd1-49b5-9863-8249c9c9f98a_1774111950.jpg", "Photo_Filename": "66aabf22-6dd1-49b5-9863-8249c9c9f98a_1774111950.jpg" }, "geometry": { "type": "Point", "coordinates": [ -71.17355, 41.508966 ] } },
{ "type": "Feature", "properties": { "entry_id": "2edebffb-26a5-4ac5-9692-2c8313d397ad", "created_at": "2026-03-21T16:50:38Z", "gps_accuracy_m": 51.0, "Wall_Condition": "Fair", "Vegetation_Cover": "Some overgrowth (25-50% covered)", "Wall_Type": "Laid (carefully selected and fitted)", "Stone_Shape": [ "Slab", "Ball" ], "Special_Features": [ "Flat top", "Retaining wall" ], "Surveyor_Name": "Leslie", "Comments": "", "Photo_URL": "https://five.epicollect.net/api/internal/media/little-compton-wall-inventory-2025?type=photo&format=entry_original&name=2edebffb-26a5-4ac5-9692-2c8313d397ad_1774111784.jpg", "Photo_Filename": "2edebffb-26a5-4ac5-9692-2c8313d397ad_1774111784.jpg" }, "geometry": { "type": "Point", "coordinates": [ -71.173323, 41.509029 ] } },
{ "type": "Feature", "properties": { "entry_id": "328c093a-5e51-4be7-991a-247ce5156787", "created_at": "2026-03-21T16:49:49Z", "gps_accuracy_m": 4.0, "Wall_Condition": "Poor", "Vegetation_Cover": "Some overgrowth (25-50% covered)", "Wall_Type": "Stacked (stones placed loosely)", "Stone_Shape": [ "Tablet", "Prism", "Slab" ], "Special_Features": [ "Other (add comment)" ], "Surveyor_Name": "Steve", "Comments": "Bridge over stream", "Photo_URL": "https://five.epicollect.net/api/internal/media/little-compton-wall-inventory-2025?type=photo&format=entry_original&name=328c093a-5e51-4be7-991a-247ce5156787_1774111721.jpg", "Photo_Filename": "328c093a-5e51-4be7-991a-247ce5156787_1774111721.jpg" }, "geometry": { "type": "Point", "coordinates": [ -71.134154, 41.537735 ] } },
{ "type": "Feature", "properties": { "entry_id": "5ef5ba30-feec-4515-b5d1-de15a94e6d66", "created_at": "2026-03-21T16:48:00Z", "gps_accuracy_m": 52.0, "Wall_Condition": "Good", "Vegetation_Cover": "Clear (0-25% covered)", "Wall_Type": "Laid (carefully selected and fitted)", "Stone_Shape": [ "Slab", "Ball" ], "Special_Features": [ "Flat top", "Retaining wall" ], "Surveyor_Name": "Leslie", "Comments": "", "Photo_URL": "https://five.epicollect.net/api/internal/media/little-compton-wall-inventory-2025?type=photo&format=entry_original&name=5ef5ba30-feec-4515-b5d1-de15a94e6d66_1774111546.jpg", "Photo_Filename": "5ef5ba30-feec-4515-b5d1-de15a94e6d66_1774111546.jpg" }, "geometry": { "type": "Point", "coordinates": [ -71.17313, 41.509075 ] } },
{ "type": "Feature", "properties": { "entry_id": "be37f152-7508-4638-a43c-7968cb08ce5d", "created_at": "2026-03-21T16:44:33Z", "gps_accuracy_m": 4.0, "Wall_Condition": "Fair", "Vegetation_Cover": "Some overgrowth (25-50% covered)", "Wall_Type": "Stacked (stones placed loosely)", "Stone_Shape": [ "Ball", "Slab", "Tablet" ], "Special_Features": [ ], "Surveyor_Name": "Steve", "Comments": "", "Photo_URL": "https://five.epicollect.net/api/internal/media/little-compton-wall-inventory-2025?type=photo&format=entry_original&name=be37f152-7508-4638-a43c-7968cb08ce5d_1774111415.jpg", "Photo_Filename": "be37f152-7508-4638-a43c-7968cb08ce5d_1774111415.jpg" }, "geometry": { "type": "Point", "coordinates": [ -71.135037, 41.540912 ] } },
{ "type": "Feature", "properties": { "entry_id": "bafe7bb2-bf0f-4cba-b79d-f0923b0387f5", "created_at": "2026-03-21T16:43:52Z", "gps_accuracy_m": 4.0, "Wall_Condition": "Good", "Vegetation_Cover": "Clear (0-25% covered)", "Wall_Type": "Laid (carefully selected and fitted)", "Stone_Shape": [ "Slab", "Tablet" ], "Special_Features": [ "Flat top", "Opening in wall", "Retaining wall", "Other (add comment)" ], "Surveyor_Name": "Leslie", "Comments": "Field = Union Cemetery", "Photo_URL": "https://five.epicollect.net/api/internal/media/little-compton-wall-inventory-2025?type=photo&format=entry_original&name=bafe7bb2-bf0f-4cba-b79d-f0923b0387f5_1774111381.jpg", "Photo_Filename": "bafe7bb2-bf0f-4cba-b79d-f0923b0387f5_1774111381.jpg" }, "geometry": { "type": "Point", "coordinates": [ -71.172655, 41.508692 ] } },
{ "type": "Feature", "properties": { "entry_id": "d547e471-c509-451a-aa29-378b233138cd", "created_at": "2026-03-21T16:42:14Z", "gps_accuracy_m": 5.0, "Wall_Condition": "Good", "Vegetation_Cover": "Clear (0-25% covered)", "Wall_Type": "Laid (carefully selected and fitted)", "Stone_Shape": [ "Slab", "Tablet" ], "Special_Features": [ "Opening in wall", "Flat top", "Retaining wall", "Other (add comment)" ], "Surveyor_Name": "Leslie", "Comments": "Field = Union Cemetery", "Photo_URL": "https://five.epicollect.net/api/internal/media/little-compton-wall-inventory-2025?type=photo&format=entry_original&name=d547e471-c509-451a-aa29-378b233138cd_1774111270.jpg", "Photo_Filename": "d547e471-c509-451a-aa29-378b233138cd_1774111270.jpg" }, "geometry": { "type": "Point", "coordinates": [ -71.172651, 41.5087 ] } },
{ "type": "Feature", "properties": { "entry_id": "b0e97fcc-d0ff-4b02-836e-d5fc6a22d731", "created_at": "2026-03-21T16:40:30Z", "gps_accuracy_m": 5.0, "Wall_Condition": "Good", "Vegetation_Cover": "Clear (0-25% covered)", "Wall_Type": "Laid (carefully selected and fitted)", "Stone_Shape": [ "Slab", "Tablet" ], "Special_Features": [ "Flat top", "Other (add comment)", "Retaining wall" ], "Surveyor_Name": "Leslie", "Comments": "Field = Union Cemetery", "Photo_URL": "https://five.epicollect.net/api/internal/media/little-compton-wall-inventory-2025?type=photo&format=entry_original&name=b0e97fcc-d0ff-4b02-836e-d5fc6a22d731_1774111158.jpg", "Photo_Filename": "b0e97fcc-d0ff-4b02-836e-d5fc6a22d731_1774111158.jpg" }, "geometry": { "type": "Point", "coordinates": [ -71.172961, 41.508682 ] } },
{ "type": "Feature", "properties": { "entry_id": "6955cdce-0415-4dd0-99dd-aee1aca1c1b1", "created_at": "2026-03-21T16:38:12Z", "gps_accuracy_m": 13.0, "Wall_Condition": "Good", "Vegetation_Cover": "Clear (0-25% covered)", "Wall_Type": "Laid (carefully selected and fitted)", "Stone_Shape": [ "Slab", "Tablet" ], "Special_Features": [ "Flat top", "Retaining wall", "Other (add comment)" ], "Surveyor_Name": "Leslie", "Comments": "Field =Union Cemetery", "Photo_URL": "https://five.epicollect.net/api/internal/media/little-compton-wall-inventory-2025?type=photo&format=entry_original&name=6955cdce-0415-4dd0-99dd-aee1aca1c1b1_1774111006.jpg", "Photo_Filename": "6955cdce-0415-4dd0-99dd-aee1aca1c1b1_1774111006.jpg" }, "geometry": { "type": "Point", "coordinates": [ -71.173153, 41.508909 ] } },
{ "type": "Feature", "properties": { "entry_id": "2f2976fc-6eec-4ed3-9504-e2677ca4c2de", "created_at": "2026-03-21T16:33:55Z", "gps_accuracy_m": 5.0, "Wall_Condition": "Good", "Vegetation_Cover": "Clear (0-25% covered)", "Wall_Type": "Laid (carefully selected and fitted)", "Stone_Shape": [ "Tablet", "Slab" ], "Special_Features": [ "Flat top", "Retaining wall" ], "Surveyor_Name": "Leslie Fox", "Comments": "", "Photo_URL": "https://five.epicollect.net/api/internal/media/little-compton-wall-inventory-2025?type=photo&format=entry_original&name=2f2976fc-6eec-4ed3-9504-e2677ca4c2de_1774110609.jpg", "Photo_Filename": "2f2976fc-6eec-4ed3-9504-e2677ca4c2de_1774110609.jpg" }, "geometry": { "type": "Point", "coordinates": [ -71.17297, 41.508963 ] } },
{ "type": "Feature", "properties": { "entry_id": "e54ece63-e842-4a78-9c0a-c36997403b7e", "created_at": "2026-03-21T16:08:10Z", "gps_accuracy_m": 8.0, "Wall_Condition": "Good", "Vegetation_Cover": "Clear (0-25% covered)", "Wall_Type": "Laid (carefully selected and fitted)", "Stone_Shape": [ "Tablet", "Slab", "Pillow" ], "Special_Features": [ "Flat top", "Other (add comment)" ], "Surveyor_Name": "Deb Pierce", "Comments": "This side of the road is in excellent condition, beautiful yellow lichen, flat stones. A few ares need repair, seems vulnerable to storms. Hedges on ocean side of wall are of some help in blocking storms.", "Photo_URL": "https://five.epicollect.net/api/internal/media/little-compton-wall-inventory-2025?type=photo&format=entry_original&name=e54ece63-e842-4a78-9c0a-c36997403b7e_1774108941.jpg", "Photo_Filename": "e54ece63-e842-4a78-9c0a-c36997403b7e_1774108941.jpg" }, "geometry": { "type": "Point", "coordinates": [ -71.195431, 41.461081 ] } },
{ "type": "Feature", "properties": { "entry_id": "8d827354-5328-487a-8211-ef3b43411d3e", "created_at": "2026-03-21T16:01:52Z", "gps_accuracy_m": 5.0, "Wall_Condition": "Good", "Vegetation_Cover": "Clear (0-25% covered)", "Wall_Type": "Laid (carefully selected and fitted)", "Stone_Shape": [ "Tablet", "Slab", "Pillow" ], "Special_Features": [ "Flat top" ], "Surveyor_Name": "Deb Pierce", "Comments": "", "Photo_URL": "https://five.epicollect.net/api/internal/media/little-compton-wall-inventory-2025?type=photo&format=entry_original&name=8d827354-5328-487a-8211-ef3b43411d3e_1774108870.jpg", "Photo_Filename": "8d827354-5328-487a-8211-ef3b43411d3e_1774108870.jpg" }, "geometry": { "type": "Point", "coordinates": [ -71.195424, 41.461063 ] } },
{ "type": "Feature", "properties": { "entry_id": "0bfb67d8-577e-4652-bacd-aa75d5a4bfe6", "created_at": "2026-03-21T16:00:43Z", "gps_accuracy_m": 8.0, "Wall_Condition": "Good", "Vegetation_Cover": "Clear (0-25% covered)", "Wall_Type": "Laid (carefully selected and fitted)", "Stone_Shape": [ "Tablet", "Slab" ], "Special_Features": [ "Flat top" ], "Surveyor_Name": "Deb Pierce", "Comments": "", "Photo_URL": "https://five.epicollect.net/api/internal/media/little-compton-wall-inventory-2025?type=photo&format=entry_original&name=0bfb67d8-577e-4652-bacd-aa75d5a4bfe6_1774108792.jpg", "Photo_Filename": "0bfb67d8-577e-4652-bacd-aa75d5a4bfe6_1774108792.jpg" }, "geometry": { "type": "Point", "coordinates": [ -71.195437, 41.461023 ] } },
{ "type": "Feature", "properties": { "entry_id": "f99cab84-07c9-4307-82fa-5421e296ccf9", "created_at": "2026-03-21T15:59:12Z", "gps_accuracy_m": 3.0, "Wall_Condition": "Good", "Vegetation_Cover": "Clear (0-25% covered)", "Wall_Type": "Laid (carefully selected and fitted)", "Stone_Shape": [ "Tablet", "Slab" ], "Special_Features": [ "Flat top", "Good candidate for repair" ], "Surveyor_Name": "Deb Pierce", "Comments": "", "Photo_URL": "https://five.epicollect.net/api/internal/media/little-compton-wall-inventory-2025?type=photo&format=entry_original&name=f99cab84-07c9-4307-82fa-5421e296ccf9_1774108706.jpg", "Photo_Filename": "f99cab84-07c9-4307-82fa-5421e296ccf9_1774108706.jpg" }, "geometry": { "type": "Point", "coordinates": [ -71.195431, 41.460896 ] } },
{ "type": "Feature", "properties": { "entry_id": "67b712d7-0d95-44a4-9561-beaf872fa29b", "created_at": "2026-03-21T15:58:06Z", "gps_accuracy_m": 8.0, "Wall_Condition": "Good", "Vegetation_Cover": "Clear (0-25% covered)", "Wall_Type": "Laid (carefully selected and fitted)", "Stone_Shape": [ "Slab", "Pillow", "Tablet" ], "Special_Features": [ ], "Surveyor_Name": "Deb Pierce", "Comments": "", "Photo_URL": "https://five.epicollect.net/api/internal/media/little-compton-wall-inventory-2025?type=photo&format=entry_original&name=67b712d7-0d95-44a4-9561-beaf872fa29b_1774108625.jpg", "Photo_Filename": "67b712d7-0d95-44a4-9561-beaf872fa29b_1774108625.jpg" }, "geometry": { "type": "Point", "coordinates": [ -71.19541, 41.460775 ] } },
{ "type": "Feature", "properties": { "entry_id": "f3708719-b5ce-4970-9de3-60d9a042f253", "created_at": "2026-03-21T15:56:39Z", "gps_accuracy_m": 8.0, "Wall_Condition": "Good", "Vegetation_Cover": "Clear (0-25% covered)", "Wall_Type": "Laid (carefully selected and fitted)", "Stone_Shape": [ "Slab", "Tablet", "Pillow" ], "Special_Features": [ "Flat top", "Good candidate for repair" ], "Surveyor_Name": "Deb Pierce", "Comments": "", "Photo_URL": "https://five.epicollect.net/api/internal/media/little-compton-wall-inventory-2025?type=photo&format=entry_original&name=f3708719-b5ce-4970-9de3-60d9a042f253_1774108538.jpg", "Photo_Filename": "f3708719-b5ce-4970-9de3-60d9a042f253_1774108538.jpg" }, "geometry": { "type": "Point", "coordinates": [ -71.195403, 41.46072 ] } },
{ "type": "Feature", "properties": { "entry_id": "781f03fc-cfe0-44e9-af77-f9df06eb4e9c", "created_at": "2026-03-21T15:55:16Z", "gps_accuracy_m": 9.0, "Wall_Condition": "Good", "Vegetation_Cover": "Clear (0-25% covered)", "Wall_Type": "Laid (carefully selected and fitted)", "Stone_Shape": [ "Tablet", "Slab", "Pillow" ], "Special_Features": [ "Good candidate for repair", "Other (add comment)" ], "Surveyor_Name": "Deb Pierce", "Comments": "Lichen covered", "Photo_URL": "https://five.epicollect.net/api/internal/media/little-compton-wall-inventory-2025?type=photo&format=entry_original&name=781f03fc-cfe0-44e9-af77-f9df06eb4e9c_1774108450.jpg", "Photo_Filename": "781f03fc-cfe0-44e9-af77-f9df06eb4e9c_1774108450.jpg" }, "geometry": { "type": "Point", "coordinates": [ -71.195398, 41.460725 ] } },
{ "type": "Feature", "properties": { "entry_id": "a3c6e678-8c13-4478-b799-4a6389b4ad92", "created_at": "2026-03-21T15:53:47Z", "gps_accuracy_m": 7.0, "Wall_Condition": "Fair", "Vegetation_Cover": "Clear (0-25% covered)", "Wall_Type": "Laid (carefully selected and fitted)", "Stone_Shape": [ "Tablet", "Pillow", "Block", "Prism", "Slab", "Ball" ], "Special_Features": [ "Other (add comment)", "Double-sided" ], "Surveyor_Name": "Deb Pierce", "Comments": "Concrete post and mortar at stacked boulders beside entry to beach, chain link gate at path to beach, opening in wall.", "Photo_URL": "https://five.epicollect.net/api/internal/media/little-compton-wall-inventory-2025?type=photo&format=entry_original&name=a3c6e678-8c13-4478-b799-4a6389b4ad92_1774108276.jpg", "Photo_Filename": "a3c6e678-8c13-4478-b799-4a6389b4ad92_1774108276.jpg" }, "geometry": { "type": "Point", "coordinates": [ -71.195458, 41.460794 ] } },
{ "type": "Feature", "properties": { "entry_id": "dbe213ee-9e52-44c8-9e64-62d6b346a88e", "created_at": "2026-03-21T15:50:56Z", "gps_accuracy_m": 8.0, "Wall_Condition": "Fair", "Vegetation_Cover": "Clear (0-25% covered)", "Wall_Type": "Laid (carefully selected and fitted)", "Stone_Shape": [ "Tablet", "Pillow", "Block", "Prism", "Slab", "Ball" ], "Special_Features": [ "Double-sided", "Good candidate for repair" ], "Surveyor_Name": "Deb Pierce", "Comments": "", "Photo_URL": "https://five.epicollect.net/api/internal/media/little-compton-wall-inventory-2025?type=photo&format=entry_original&name=dbe213ee-9e52-44c8-9e64-62d6b346a88e_1774108197.jpg", "Photo_Filename": "dbe213ee-9e52-44c8-9e64-62d6b346a88e_1774108197.jpg" }, "geometry": { "type": "Point", "coordinates": [ -71.195452, 41.460831 ] } },
{ "type": "Feature", "properties": { "entry_id": "1bc9fbe1-eb96-4ee5-a8d7-7274cbb34494", "created_at": "2026-03-21T15:48:24Z", "gps_accuracy_m": 4.0, "Wall_Condition": "Good", "Vegetation_Cover": "Some overgrowth (25-50% covered)", "Wall_Type": "Laid (carefully selected and fitted)", "Stone_Shape": [ "Tablet", "Pillow", "Block", "Prism", "Slab", "Ball" ], "Special_Features": [ "Double-sided", "Good candidate for repair", "Other (add comment)" ], "Surveyor_Name": "Deb Pierce", "Comments": "No more chain link mesh", "Photo_URL": "https://five.epicollect.net/api/internal/media/little-compton-wall-inventory-2025?type=photo&format=entry_original&name=1bc9fbe1-eb96-4ee5-a8d7-7274cbb34494_1774108045.jpg", "Photo_Filename": "1bc9fbe1-eb96-4ee5-a8d7-7274cbb34494_1774108045.jpg" }, "geometry": { "type": "Point", "coordinates": [ -71.195435, 41.460903 ] } },
{ "type": "Feature", "properties": { "entry_id": "d66ad9f2-3906-4fd9-9129-fc578af28cb0", "created_at": "2026-03-21T15:47:02Z", "gps_accuracy_m": 5.0, "Wall_Condition": "Good", "Vegetation_Cover": "Some overgrowth (25-50% covered)", "Wall_Type": "Laid (carefully selected and fitted)", "Stone_Shape": [ "Tablet", "Pillow", "Block", "Prism", "Slab", "Ball" ], "Special_Features": [ "Good candidate for repair", "Double-sided" ], "Surveyor_Name": "Deb Pierce", "Comments": "", "Photo_URL": "https://five.epicollect.net/api/internal/media/little-compton-wall-inventory-2025?type=photo&format=entry_original&name=d66ad9f2-3906-4fd9-9129-fc578af28cb0_1774107969.jpg", "Photo_Filename": "d66ad9f2-3906-4fd9-9129-fc578af28cb0_1774107969.jpg" }, "geometry": { "type": "Point", "coordinates": [ -71.195415, 41.460894 ] } },
{ "type": "Feature", "properties": { "entry_id": "88965218-1d75-4c18-b16d-a4fc74a277fa", "created_at": "2026-03-21T15:45:26Z", "gps_accuracy_m": 8.0, "Wall_Condition": "Fair", "Vegetation_Cover": "Some overgrowth (25-50% covered)", "Wall_Type": "Laid (carefully selected and fitted)", "Stone_Shape": [ "Tablet", "Pillow", "Block", "Prism", "Slab", "Ball" ], "Special_Features": [ "Double-sided", "Good candidate for repair" ], "Surveyor_Name": "Deb Pierce", "Comments": "", "Photo_URL": "https://five.epicollect.net/api/internal/media/little-compton-wall-inventory-2025?type=photo&format=entry_original&name=88965218-1d75-4c18-b16d-a4fc74a277fa_1774107872.jpg", "Photo_Filename": "88965218-1d75-4c18-b16d-a4fc74a277fa_1774107872.jpg" }, "geometry": { "type": "Point", "coordinates": [ -71.195409, 41.460992 ] } },
{ "type": "Feature", "properties": { "entry_id": "98cef66c-9aee-4285-8716-f7ef90246f52", "created_at": "2026-03-21T15:44:05Z", "gps_accuracy_m": 7.0, "Wall_Condition": "Good", "Vegetation_Cover": "Some overgrowth (25-50% covered)", "Wall_Type": "Laid (carefully selected and fitted)", "Stone_Shape": [ "Ball", "Prism", "Slab", "Block", "Pillow", "Tablet" ], "Special_Features": [ "Good candidate for repair", "Double-sided", "Other (add comment)" ], "Surveyor_Name": "Deb Pierce", "Comments": "This section of wall (red line on map) is 80-90% Intact. Some displacement at top, no stones on street side at ground level- so where are missing stones?  Most can be repaired by simply re-setting top course or two.", "Photo_URL": "https://five.epicollect.net/api/internal/media/little-compton-wall-inventory-2025?type=photo&format=entry_original&name=98cef66c-9aee-4285-8716-f7ef90246f52_1774107656.jpg", "Photo_Filename": "98cef66c-9aee-4285-8716-f7ef90246f52_1774107656.jpg" }, "geometry": { "type": "Point", "coordinates": [ -71.19542, 41.461034 ] } },
{ "type": "Feature", "properties": { "entry_id": "0e863833-9de8-42d8-a942-9443f3f71dc1", "created_at": "2026-03-21T15:40:29Z", "gps_accuracy_m": 9.0, "Wall_Condition": "Good", "Vegetation_Cover": "Some overgrowth (25-50% covered)", "Wall_Type": "Laid (carefully selected and fitted)", "Stone_Shape": [ "Tablet", "Pillow", "Block", "Prism", "Ball", "Slab" ], "Special_Features": [ "Good candidate for repair", "Other (add comment)" ], "Surveyor_Name": "Deb Pierce", "Comments": "No meat on chain link here, just posts and top rail.", "Photo_URL": "https://five.epicollect.net/api/internal/media/little-compton-wall-inventory-2025?type=photo&format=entry_original&name=0e863833-9de8-42d8-a942-9443f3f71dc1_1774107548.jpg", "Photo_Filename": "0e863833-9de8-42d8-a942-9443f3f71dc1_1774107548.jpg" }, "geometry": { "type": "Point", "coordinates": [ -71.195417, 41.461054 ] } },
{ "type": "Feature", "properties": { "entry_id": "ec1762ce-4c92-427a-9e64-c44d438d7191", "created_at": "2026-03-21T15:38:45Z", "gps_accuracy_m": 9.0, "Wall_Condition": "Good", "Vegetation_Cover": "Some overgrowth (25-50% covered)", "Wall_Type": "Laid (carefully selected and fitted)", "Stone_Shape": [ "Tablet", "Pillow", "Block", "Prism", "Slab", "Ball" ], "Special_Features": [ "Good candidate for repair", "Double-sided" ], "Surveyor_Name": "Deb Pierce", "Comments": "", "Photo_URL": "https://five.epicollect.net/api/internal/media/little-compton-wall-inventory-2025?type=photo&format=entry_original&name=ec1762ce-4c92-427a-9e64-c44d438d7191_1774107456.jpg", "Photo_Filename": "ec1762ce-4c92-427a-9e64-c44d438d7191_1774107456.jpg" }, "geometry": { "type": "Point", "coordinates": [ -71.195418, 41.461129 ] } },
{ "type": "Feature", "properties": { "entry_id": "5b13f3ce-1428-4242-8fb7-c005dcd45ab0", "created_at": "2026-03-21T15:37:11Z", "gps_accuracy_m": 8.0, "Wall_Condition": "Good", "Vegetation_Cover": "Clear (0-25% covered)", "Wall_Type": "Stacked (stones placed loosely)", "Stone_Shape": [ "Tablet", "Pillow", "Block", "Prism", "Slab", "Ball" ], "Special_Features": [ "Double-sided", "Other (add comment)" ], "Surveyor_Name": "Deb Pierce", "Comments": "About 3-ft of top stones need to be re-set", "Photo_URL": "https://five.epicollect.net/api/internal/media/little-compton-wall-inventory-2025?type=photo&format=entry_original&name=5b13f3ce-1428-4242-8fb7-c005dcd45ab0_1774107339.jpg", "Photo_Filename": "5b13f3ce-1428-4242-8fb7-c005dcd45ab0_1774107339.jpg" }, "geometry": { "type": "Point", "coordinates": [ -71.195406, 41.461216 ] } },
{ "type": "Feature", "properties": { "entry_id": "b0ee6b32-1185-4cb7-a9da-c6098a7da29f", "created_at": "2026-03-21T15:35:05Z", "gps_accuracy_m": 4.0, "Wall_Condition": "Good", "Vegetation_Cover": "Clear (0-25% covered)", "Wall_Type": "Laid (carefully selected and fitted)", "Stone_Shape": [ "Tablet", "Pillow", "Block", "Prism", "Slab", "Ball" ], "Special_Features": [ "Double-sided", "Other (add comment)" ], "Surveyor_Name": "Deb Pierce", "Comments": "All this section of wall is in Good condition - except for street corner at start of this sequence.  Stones are placed, not loose-laid.", "Photo_URL": "https://five.epicollect.net/api/internal/media/little-compton-wall-inventory-2025?type=photo&format=entry_original&name=b0ee6b32-1185-4cb7-a9da-c6098a7da29f_1774107157.jpg", "Photo_Filename": "b0ee6b32-1185-4cb7-a9da-c6098a7da29f_1774107157.jpg" }, "geometry": { "type": "Point", "coordinates": [ -71.195377, 41.46124 ] } },
{ "type": "Feature", "properties": { "entry_id": "5b4aeb49-e78c-47c0-80da-1cb0e8463891", "created_at": "2026-03-21T15:31:58Z", "gps_accuracy_m": 8.0, "Wall_Condition": "Good", "Vegetation_Cover": "Clear (0-25% covered)", "Wall_Type": "Laid (carefully selected and fitted)", "Stone_Shape": [ "Tablet", "Pillow", "Block", "Prism", "Slab" ], "Special_Features": [ "Flat top" ], "Surveyor_Name": "Deb Pierce", "Comments": "", "Photo_URL": "https://five.epicollect.net/api/internal/media/little-compton-wall-inventory-2025?type=photo&format=entry_original&name=5b4aeb49-e78c-47c0-80da-1cb0e8463891_1774107050.jpg", "Photo_Filename": "5b4aeb49-e78c-47c0-80da-1cb0e8463891_1774107050.jpg" }, "geometry": { "type": "Point", "coordinates": [ -71.195395, 41.461315 ] } },
{ "type": "Feature", "properties": { "entry_id": "dd05b7f0-86fb-42e2-9e7e-c126a931a257", "created_at": "2026-03-21T15:30:24Z", "gps_accuracy_m": 9.0, "Wall_Condition": "Good", "Vegetation_Cover": "Clear (0-25% covered)", "Wall_Type": "Laid (carefully selected and fitted)", "Stone_Shape": [ "Tablet", "Pillow", "Slab" ], "Special_Features": [ "Double-sided", "Flat top", "Other (add comment)" ], "Surveyor_Name": "Deb Pierce", "Comments": "See adjacent comments. Still chain link fence intact here.", "Photo_URL": "https://five.epicollect.net/api/internal/media/little-compton-wall-inventory-2025?type=photo&format=entry_original&name=dd05b7f0-86fb-42e2-9e7e-c126a931a257_1774106919.jpg", "Photo_Filename": "dd05b7f0-86fb-42e2-9e7e-c126a931a257_1774106919.jpg" }, "geometry": { "type": "Point", "coordinates": [ -71.195386, 41.461314 ] } },
{ "type": "Feature", "properties": { "entry_id": "4caded42-eccd-4b44-9050-c685c1836dbd", "created_at": "2026-03-21T15:23:46Z", "gps_accuracy_m": 7.0, "Wall_Condition": "Good", "Vegetation_Cover": "Clear (0-25% covered)", "Wall_Type": "Stacked (stones placed loosely)", "Stone_Shape": [ "Pillow", "Tablet", "Slab", "Ball" ], "Special_Features": [ "Double-sided", "Other (add comment)" ], "Surveyor_Name": "Deb Pierce", "Comments": "See adjacent wall comments.", "Photo_URL": "https://five.epicollect.net/api/internal/media/little-compton-wall-inventory-2025?type=photo&format=entry_original&name=4caded42-eccd-4b44-9050-c685c1836dbd_1774106532.jpg", "Photo_Filename": "4caded42-eccd-4b44-9050-c685c1836dbd_1774106532.jpg" }, "geometry": { "type": "Point", "coordinates": [ -71.195362, 41.461437 ] } },
{ "type": "Feature", "properties": { "entry_id": "d4f4f48c-3af5-425c-8ac8-0a01cb6b0c58", "created_at": "2026-03-21T15:19:26Z", "gps_accuracy_m": 11.0, "Wall_Condition": "Good", "Vegetation_Cover": "Clear (0-25% covered)", "Wall_Type": "Stacked (stones placed loosely)", "Stone_Shape": [ "Pillow", "Tablet", "Ball", "Prism" ], "Special_Features": [ "Flat top", "Double-sided", "Other (add comment)" ], "Surveyor_Name": "Deb Pierce", "Comments": "Chain link fence poles but not the chain link mesh immediately adjacent, residence-side of wall", "Photo_URL": "https://five.epicollect.net/api/internal/media/little-compton-wall-inventory-2025?type=photo&format=entry_original&name=d4f4f48c-3af5-425c-8ac8-0a01cb6b0c58_1774106148.jpg", "Photo_Filename": "d4f4f48c-3af5-425c-8ac8-0a01cb6b0c58_1774106148.jpg" }, "geometry": { "type": "Point", "coordinates": [ -71.195379, 41.461496 ] } },
{ "type": "Feature", "properties": { "entry_id": "2a4d72ef-e5e8-48b6-862c-4ce09eda4179", "created_at": "2026-03-21T15:14:10Z", "gps_accuracy_m": 11.0, "Wall_Condition": "Fair", "Vegetation_Cover": "Quite covered (50-75% covered)", "Wall_Type": "Stacked (stones placed loosely)", "Stone_Shape": [ "Pillow", "Tablet" ], "Special_Features": [ "Double-sided", "Other (add comment)" ], "Surveyor_Name": "Deb Pierce", "Comments": "End of wall at street crumbled into gravel pile - sloppy mess. Utility pole 1-ft from wall limits access.", "Photo_URL": "https://five.epicollect.net/api/internal/media/little-compton-wall-inventory-2025?type=photo&format=entry_original&name=2a4d72ef-e5e8-48b6-862c-4ce09eda4179_1774105773.jpg", "Photo_Filename": "2a4d72ef-e5e8-48b6-862c-4ce09eda4179_1774105773.jpg" }, "geometry": { "type": "Point", "coordinates": [ -71.195422, 41.461506 ] } },
{ "type": "Feature", "properties": { "entry_id": "6288eb54-e4fb-440e-9b28-5f8ca6dc5b20", "created_at": "2026-03-21T15:04:45Z", "gps_accuracy_m": 9.0, "Wall_Condition": "Poor", "Vegetation_Cover": "Quite covered (50-75% covered)", "Wall_Type": "Stacked (stones placed loosely)", "Stone_Shape": [ "Ball" ], "Special_Features": [ "Good candidate for repair" ], "Surveyor_Name": "Ron Begin", "Comments": "", "Photo_URL": "https://five.epicollect.net/api/internal/media/little-compton-wall-inventory-2025?type=photo&format=entry_original&name=6288eb54-e4fb-440e-9b28-5f8ca6dc5b20_1774105421.jpg", "Photo_Filename": "6288eb54-e4fb-440e-9b28-5f8ca6dc5b20_1774105421.jpg" }, "geometry": { "type": "Point", "coordinates": [ -71.13859, 41.552864 ] } },
{ "type": "Feature", "properties": { "entry_id": "25cff381-ee3e-493b-93f5-523610894f72", "created_at": "2026-03-21T15:02:15Z", "gps_accuracy_m": 5.0, "Wall_Condition": "Good", "Vegetation_Cover": "Clear (0-25% covered)", "Wall_Type": "Laid (carefully selected and fitted)", "Stone_Shape": [ "Ball", "Slab" ], "Special_Features": [ "Flat top" ], "Surveyor_Name": "Ron Begin", "Comments": "", "Photo_URL": "https://five.epicollect.net/api/internal/media/little-compton-wall-inventory-2025?type=photo&format=entry_original&name=25cff381-ee3e-493b-93f5-523610894f72_1774105270.jpg", "Photo_Filename": "25cff381-ee3e-493b-93f5-523610894f72_1774105270.jpg" }, "geometry": { "type": "Point", "coordinates": [ -71.138771, 41.553399 ] } },
{ "type": "Feature", "properties": { "entry_id": "15a2524a-16f1-4e6f-88cf-171a1b336cba", "created_at": "2026-03-21T14:59:58Z", "gps_accuracy_m": 5.0, "Wall_Condition": "Fair", "Vegetation_Cover": "Clear (0-25% covered)", "Wall_Type": "Stacked (stones placed loosely)", "Stone_Shape": [ "Ball" ], "Special_Features": [ ], "Surveyor_Name": "Ron Begin", "Comments": "", "Photo_URL": "https://five.epicollect.net/api/internal/media/little-compton-wall-inventory-2025?type=photo&format=entry_original&name=15a2524a-16f1-4e6f-88cf-171a1b336cba_1774105119.jpg", "Photo_Filename": "15a2524a-16f1-4e6f-88cf-171a1b336cba_1774105119.jpg" }, "geometry": { "type": "Point", "coordinates": [ -71.138959, 41.553391 ] } },
{ "type": "Feature", "properties": { "entry_id": "b2fd87dc-5657-4b24-9beb-14457dfb20d8", "created_at": "2026-03-21T14:57:59Z", "gps_accuracy_m": 5.0, "Wall_Condition": "Good", "Vegetation_Cover": "Clear (0-25% covered)", "Wall_Type": "Stacked (stones placed loosely)", "Stone_Shape": [ "Ball" ], "Special_Features": [ ], "Surveyor_Name": "Ron Begin", "Comments": "", "Photo_URL": "https://five.epicollect.net/api/internal/media/little-compton-wall-inventory-2025?type=photo&format=entry_original&name=b2fd87dc-5657-4b24-9beb-14457dfb20d8_1774104975.jpg", "Photo_Filename": "b2fd87dc-5657-4b24-9beb-14457dfb20d8_1774104975.jpg" }, "geometry": { "type": "Point", "coordinates": [ -71.138842, 41.553205 ] } },
{ "type": "Feature", "properties": { "entry_id": "df5ab034-3ad1-4f86-baf6-9c44ac977719", "created_at": "2026-03-21T14:55:21Z", "gps_accuracy_m": 9.0, "Wall_Condition": "Fair", "Vegetation_Cover": "Clear (0-25% covered)", "Wall_Type": "Stacked (stones placed loosely)", "Stone_Shape": [ "Ball" ], "Special_Features": [ ], "Surveyor_Name": "Ron Begin", "Comments": "", "Photo_URL": "https://five.epicollect.net/api/internal/media/little-compton-wall-inventory-2025?type=photo&format=entry_original&name=df5ab034-3ad1-4f86-baf6-9c44ac977719_1774104857.jpg", "Photo_Filename": "df5ab034-3ad1-4f86-baf6-9c44ac977719_1774104857.jpg" }, "geometry": { "type": "Point", "coordinates": [ -71.138651, 41.553127 ] } },
{ "type": "Feature", "properties": { "entry_id": "3beaca39-4355-4931-9e29-401a23fd157b", "created_at": "2026-03-21T14:34:27Z", "gps_accuracy_m": 18.0, "Wall_Condition": "Fair", "Vegetation_Cover": "Clear (0-25% covered)", "Wall_Type": "Laid (carefully selected and fitted)", "Stone_Shape": [ "Prism", "Ball" ], "Special_Features": [ "Other (add comment)" ], "Surveyor_Name": "", "Comments": "", "Photo_URL": "https://five.epicollect.net/api/internal/media/little-compton-wall-inventory-2025?type=photo&format=entry_original&name=3beaca39-4355-4931-9e29-401a23fd157b_1774103563.jpg", "Photo_Filename": "3beaca39-4355-4931-9e29-401a23fd157b_1774103563.jpg" }, "geometry": { "type": "Point", "coordinates": [ -71.172657, 41.509839 ] } },
{ "type": "Feature", "properties": { "entry_id": "47da1ea3-880f-4a4a-a0cf-7d714150bcfc", "created_at": "2026-03-21T13:39:45Z", "gps_accuracy_m": 13.0, "Wall_Condition": "Fair", "Vegetation_Cover": "Clear (0-25% covered)", "Wall_Type": "Laid (carefully selected and fitted)", "Stone_Shape": [ "Slab", "Ball", "Tablet" ], "Special_Features": [ "Flat top" ], "Surveyor_Name": "Leslie Fox", "Comments": "", "Photo_URL": "https://five.epicollect.net/api/internal/media/little-compton-wall-inventory-2025?type=photo&format=entry_original&name=47da1ea3-880f-4a4a-a0cf-7d714150bcfc_1774099545.jpg", "Photo_Filename": "47da1ea3-880f-4a4a-a0cf-7d714150bcfc_1774099545.jpg" }, "geometry": { "type": "Point", "coordinates": [ -71.172678, 41.509681 ] } },
{ "type": "Feature", "properties": { "entry_id": "f37c5262-dc14-41ec-a3d3-181a61a0c9a5", "created_at": "2026-03-21T13:39:43Z", "gps_accuracy_m": 10.0, "Wall_Condition": "Fair", "Vegetation_Cover": "Clear (0-25% covered)", "Wall_Type": "Laid (carefully selected and fitted)", "Stone_Shape": [ "Ball", "Slab", "Tablet" ], "Special_Features": [ "Flat top", "Retaining wall", "Other (add comment)" ], "Surveyor_Name": "", "Comments": "", "Photo_URL": "https://five.epicollect.net/api/internal/media/little-compton-wall-inventory-2025?type=photo&format=entry_original&name=f37c5262-dc14-41ec-a3d3-181a61a0c9a5_1774099537.jpg", "Photo_Filename": "f37c5262-dc14-41ec-a3d3-181a61a0c9a5_1774099537.jpg" }, "geometry": { "type": "Point", "coordinates": [ -71.172574, 41.509836 ] } },
{ "type": "Feature", "properties": { "entry_id": "07f7235c-523e-4d38-847c-75257c4d84e1", "created_at": "2026-02-27T21:16:45Z", "gps_accuracy_m": 4.0, "Wall_Condition": "Good", "Vegetation_Cover": "Clear (0-25% covered)", "Wall_Type": "Laid (carefully selected and fitted)", "Stone_Shape": [ "Ball", "Slab", "Prism", "Block", "Pillow", "Tablet" ], "Special_Features": [ ], "Surveyor_Name": "Adam Yorks", "Comments": "", "Photo_URL": "https://five.epicollect.net/api/internal/media/little-compton-wall-inventory-2025?type=photo&format=entry_original&name=07f7235c-523e-4d38-847c-75257c4d84e1_1772226935.jpg", "Photo_Filename": "07f7235c-523e-4d38-847c-75257c4d84e1_1772226935.jpg" }, "geometry": { "type": "Point", "coordinates": [ -71.170446, 41.553171 ] } },
{ "type": "Feature", "properties": { "entry_id": "624e5438-5ffa-4d24-9989-312816aacc05", "created_at": "2025-12-08T17:11:20Z", "gps_accuracy_m": 4.0, "Wall_Condition": "Fair", "Vegetation_Cover": "Hidden (75-100% covered)", "Wall_Type": "Stacked (stones placed loosely)", "Stone_Shape": [ "Ball" ], "Special_Features": [ ], "Surveyor_Name": "Perky", "Comments": "", "Photo_URL": "https://five.epicollect.net/api/internal/media/little-compton-wall-inventory-2025?type=photo&format=entry_original&name=624e5438-5ffa-4d24-9989-312816aacc05_1765213844.jpg", "Photo_Filename": "624e5438-5ffa-4d24-9989-312816aacc05_1765213844.jpg" }, "geometry": { "type": "Point", "coordinates": [ -71.178545, 41.480528 ] } },
{ "type": "Feature", "properties": { "entry_id": "16db1c09-d323-48ae-aae1-eddf6662a3c0", "created_at": "2025-10-01T19:17:51Z", "gps_accuracy_m": 4.0, "Wall_Condition": "Good", "Vegetation_Cover": "Clear (0-25% covered)", "Wall_Type": "Laid (carefully selected and fitted)", "Stone_Shape": [ "Block" ], "Special_Features": [ "Opening in wall" ], "Surveyor_Name": "Perky", "Comments": "", "Photo_URL": "https://five.epicollect.net/api/internal/media/little-compton-wall-inventory-2025?type=photo&format=entry_original&name=16db1c09-d323-48ae-aae1-eddf6662a3c0_1759346106.jpg", "Photo_Filename": "16db1c09-d323-48ae-aae1-eddf6662a3c0_1759346106.jpg" }, "geometry": { "type": "Point", "coordinates": [ -71.178306, 41.47982 ] } },
{ "type": "Feature", "properties": { "entry_id": "b4e68f44-e0c3-4398-ae71-ddf9e5bc62ee", "created_at": "2026-09-14T22:44:56Z", "gps_accuracy_m": 4.0, "Wall_Condition": "Poor", "Vegetation_Cover": "Clear (0-25% covered)", "Wall_Type": "Stacked (stones placed loosely)", "Stone_Shape": [ "Ball", "Slab", "Block", "Pillow", "Tablet" ], "Special_Features": [ ], "Surveyor_Name": "Jon Stapleton", "Comments": "", "Photo_URL": "https://five.epicollect.net/api/internal/media/little-compton-wall-inventory-2025?type=photo&format=entry_original&name=b4e68f44-e0c3-4398-ae71-ddf9e5bc62ee_1789415725.jpg", "Photo_Filename": "b4e68f44-e0c3-4398-ae71-ddf9e5bc62ee_1789415725.jpg" }, "geometry": { "type": "Point", "coordinates": [ -71.193345, 41.51278 ] } },
{ "type": "Feature", "properties": { "entry_id": "4ca80675-8d8e-4a06-aed9-2b119e97b0b0", "created_at": "2026-09-14T19:54:20Z", "gps_accuracy_m": 4.0, "Wall_Condition": "Poor", "Vegetation_Cover": "Clear (0-25% covered)", "Wall_Type": "Stacked (stones placed loosely)", "Stone_Shape": [ "Ball", "Slab", "Block", "Pillow", "Tablet" ], "Special_Features": [ ], "Surveyor_Name": "Jon Stapleton", "Comments": "", "Photo_URL": "https://five.epicollect.net/api/internal/media/little-compton-wall-inventory-2025?type=photo&format=entry_original&name=4ca80675-8d8e-4a06-aed9-2b119e97b0b0_1789415615.jpg", "Photo_Filename": "4ca80675-8d8e-4a06-aed9-2b119e97b0b0_1789415615.jpg" }, "geometry": { "type": "Point", "coordinates": [ -71.193451, 41.512793 ] } },
{ "type": "Feature", "properties": { "entry_id": "d4b3846f-2024-49ce-bb1a-8d9832f06fbe", "created_at": "2026-09-14T19:52:11Z", "gps_accuracy_m": 5.0, "Wall_Condition": "Good", "Vegetation_Cover": "Clear (0-25% covered)", "Wall_Type": "Laid (carefully selected and fitted)", "Stone_Shape": [ "Ball", "Slab", "Block", "Pillow" ], "Special_Features": [ "Recently rebuilt", "Flat top" ], "Surveyor_Name": "Jon Stapleton", "Comments": "", "Photo_URL": "https://five.epicollect.net/api/internal/media/little-compton-wall-inventory-2025?type=photo&format=entry_original&name=d4b3846f-2024-49ce-bb1a-8d9832f06fbe_1789415474.jpg", "Photo_Filename": "d4b3846f-2024-49ce-bb1a-8d9832f06fbe_1789415474.jpg" }, "geometry": { "type": "Point", "coordinates": [ -71.193926, 41.512699 ] } },
{ "type": "Feature", "properties": { "entry_id": "d139d737-28e7-4cf2-96d1-f58358a242ac", "created_at": "2026-09-14T19:50:48Z", "gps_accuracy_m": 5.0, "Wall_Condition": "Good", "Vegetation_Cover": "Clear (0-25% covered)", "Wall_Type": "Laid (carefully selected and fitted)", "Stone_Shape": [ "Ball", "Slab", "Block", "Pillow", "Tablet" ], "Special_Features": [ "Flat top", "Recently rebuilt" ], "Surveyor_Name": "Jon Stapleton", "Comments": "", "Photo_URL": "https://five.epicollect.net/api/internal/media/little-compton-wall-inventory-2025?type=photo&format=entry_original&name=d139d737-28e7-4cf2-96d1-f58358a242ac_1789415310.jpg", "Photo_Filename": "d139d737-28e7-4cf2-96d1-f58358a242ac_1789415310.jpg" }, "geometry": { "type": "Point", "coordinates": [ -71.193645, 41.512652 ] } },
{ "type": "Feature", "properties": { "entry_id": "5d34a895-9114-4da4-8e3f-b653ccd545e1", "created_at": "2026-09-14T19:46:05Z", "gps_accuracy_m": 9.0, "Wall_Condition": "Fair", "Vegetation_Cover": "Clear (0-25% covered)", "Wall_Type": "Stacked (stones placed loosely)", "Stone_Shape": [ "Ball", "Slab", "Block", "Pillow", "Tablet" ], "Special_Features": [ ], "Surveyor_Name": "Jon Stapleton", "Comments": "", "Photo_URL": "https://five.epicollect.net/api/internal/media/little-compton-wall-inventory-2025?type=photo&format=entry_original&name=5d34a895-9114-4da4-8e3f-b653ccd545e1_1789415105.jpg", "Photo_Filename": "5d34a895-9114-4da4-8e3f-b653ccd545e1_1789415105.jpg" }, "geometry": { "type": "Point", "coordinates": [ -71.193671, 41.513429 ] } },
{ "type": "Feature", "properties": { "entry_id": "432528eb-4bab-4124-b5c6-eafe8fb3f970", "created_at": "2026-09-14T19:42:39Z", "gps_accuracy_m": 18.0, "Wall_Condition": "Good", "Vegetation_Cover": "Clear (0-25% covered)", "Wall_Type": "Laid (carefully selected and fitted)", "Stone_Shape": [ "Ball", "Slab", "Block", "Pillow", "Tablet" ], "Special_Features": [ "Flat top" ], "Surveyor_Name": "Jon Stapleton", "Comments": "", "Photo_URL": "https://five.epicollect.net/api/internal/media/little-compton-wall-inventory-2025?type=photo&format=entry_original&name=432528eb-4bab-4124-b5c6-eafe8fb3f970_1789414896.jpg", "Photo_Filename": "432528eb-4bab-4124-b5c6-eafe8fb3f970_1789414896.jpg" }, "geometry": { "type": "Point", "coordinates": [ -71.193841, 41.513281 ] } },
{ "type": "Feature", "properties": { "entry_id": "5c37e023-1ae1-4b3c-b66a-b8f454e2580f", "created_at": "2026-09-14T19:40:27Z", "gps_accuracy_m": 5.0, "Wall_Condition": "Good", "Vegetation_Cover": "Clear (0-25% covered)", "Wall_Type": "Stacked (stones placed loosely)", "Stone_Shape": [ "Ball", "Slab", "Block", "Pillow", "Tablet" ], "Special_Features": [ ], "Surveyor_Name": "Jon Stapleton", "Comments": "", "Photo_URL": "https://five.epicollect.net/api/internal/media/little-compton-wall-inventory-2025?type=photo&format=entry_original&name=5c37e023-1ae1-4b3c-b66a-b8f454e2580f_1789414757.jpg", "Photo_Filename": "5c37e023-1ae1-4b3c-b66a-b8f454e2580f_1789414757.jpg" }, "geometry": { "type": "Point", "coordinates": [ -71.194153, 41.512978 ] } },
{ "type": "Feature", "properties": { "entry_id": "2411de12-b4ee-45aa-952f-34fc057a80e0", "created_at": "2026-09-14T19:21:12Z", "gps_accuracy_m": 4.0, "Wall_Condition": "Good", "Vegetation_Cover": "Clear (0-25% covered)", "Wall_Type": "Laid (carefully selected and fitted)", "Stone_Shape": [ "Ball", "Slab", "Block", "Pillow", "Tablet" ], "Special_Features": [ "Flat top", "Double-sided" ], "Surveyor_Name": "Jon Stapleton", "Comments": "", "Photo_URL": "https://five.epicollect.net/api/internal/media/little-compton-wall-inventory-2025?type=photo&format=entry_original&name=2411de12-b4ee-45aa-952f-34fc057a80e0_1789413573.jpg", "Photo_Filename": "2411de12-b4ee-45aa-952f-34fc057a80e0_1789413573.jpg" }, "geometry": { "type": "Point", "coordinates": [ -71.199948, 41.512479 ] } },
{ "type": "Feature", "properties": { "entry_id": "9dbed5f4-a67c-46b5-bbd2-c0017f4e7ab1", "created_at": "2026-10-04T14:44:34Z", "gps_accuracy_m": 98.0, "Wall_Condition": "Good", "Vegetation_Cover": "Clear (0-25% covered)", "Wall_Type": "Stacked (stones placed loosely)", "Stone_Shape": [ "Ball" ], "Special_Features": null, "Surveyor_Name": null, "Comments": null, "Photo_URL": "https://five.epicollect.net/api/internal/media/little-compton-wall-inventory-2025?type=photo&format=entry_original&name=9dbed5f4-a67c-46b5-bbd2-c0017f4e7ab1_1791125046.jpg", "Photo_Filename": "9dbed5f4-a67c-46b5-bbd2-c0017f4e7ab1_1791125046.jpg" }, "geometry": { "type": "Point", "coordinates": [ -71.133749, 41.539017 ] } },
{ "type": "Feature", "properties": { "entry_id": "2b96d531-1026-4a6f-a328-cdd8cead95da", "created_at": "2026-10-03T15:10:42Z", "gps_accuracy_m": 4.0, "Wall_Condition": "Fair", "Vegetation_Cover": "Clear (0-25% covered)", "Wall_Type": "Stacked (stones placed loosely)", "Stone_Shape": [ "Ball", "Slab" ], "Special_Features": null, "Surveyor_Name": null, "Comments": null, "Photo_URL": "https://five.epicollect.net/api/internal/media/little-compton-wall-inventory-2025?type=photo&format=entry_original&name=2b96d531-1026-4a6f-a328-cdd8cead95da_1791040218.jpg", "Photo_Filename": "2b96d531-1026-4a6f-a328-cdd8cead95da_1791040218.jpg" }, "geometry": { "type": "Point", "coordinates": [ -71.146944, 41.536688 ] } },
{ "type": "Feature", "properties": { "entry_id": "cdd96437-9276-4fa2-97ad-185689115362", "created_at": "2026-10-03T15:04:12Z", "gps_accuracy_m": 17.0, "Wall_Condition": "Good", "Vegetation_Cover": "Clear (0-25% covered)", "Wall_Type": "Stacked (stones placed loosely)", "Stone_Shape": [ "Ball", "Slab" ], "Special_Features": null, "Surveyor_Name": null, "Comments": null, "Photo_URL": "https://five.epicollect.net/api/internal/media/little-compton-wall-inventory-2025?type=photo&format=entry_original&name=cdd96437-9276-4fa2-97ad-185689115362_1791039817.jpg", "Photo_Filename": "cdd96437-9276-4fa2-97ad-185689115362_1791039817.jpg" }, "geometry": { "type": "Point", "coordinates": [ -71.146742, 41.53728 ] } },
{ "type": "Feature", "properties": { "entry_id": "2f5478ab-6c41-4300-8cc4-331284e2c071", "created_at": "2026-10-03T15:03:01Z", "gps_accuracy_m": 16.0, "Wall_Condition": "Fair", "Vegetation_Cover": "Some overgrowth (25-50% covered)", "Wall_Type": "Stacked (stones placed loosely)", "Stone_Shape": [ "Ball", "Slab", "Prism", "Pillow" ], "Special_Features": null, "Surveyor_Name": null, "Comments": null, "Photo_URL": "https://five.epicollect.net/api/internal/media/little-compton-wall-inventory-2025?type=photo&format=entry_original&name=2f5478ab-6c41-4300-8cc4-331284e2c071_1791039725.jpg", "Photo_Filename": "2f5478ab-6c41-4300-8cc4-331284e2c071_1791039725.jpg" }, "geometry": { "type": "Point", "coordinates": [ -71.14653, 41.53757 ] } },
{ "type": "Feature", "properties": { "entry_id": "c8ff14a2-8c3a-4c6b-9608-07a835446f49", "created_at": "2026-10-03T14:52:52Z", "gps_accuracy_m": 6.0, "Wall_Condition": "Poor", "Vegetation_Cover": "Quite covered (50-75% covered)", "Wall_Type": "Stacked (stones placed loosely)", "Stone_Shape": [ "Ball", "Slab" ], "Special_Features": null, "Surveyor_Name": null, "Comments": null, "Photo_URL": "https://five.epicollect.net/api/internal/media/little-compton-wall-inventory-2025?type=photo&format=entry_original&name=c8ff14a2-8c3a-4c6b-9608-07a835446f49_1791039140.jpg", "Photo_Filename": "c8ff14a2-8c3a-4c6b-9608-07a835446f49_1791039140.jpg" }, "geometry": { "type": "Point", "coordinates": [ -71.143483, 41.539011 ] } },
{ "type": "Feature", "properties": { "entry_id": "b6aae947-0523-40de-b3f4-e12c11fde88b", "created_at": "2026-10-03T14:51:17Z", "gps_accuracy_m": 5.0, "Wall_Condition": "Fair", "Vegetation_Cover": "Clear (0-25% covered)", "Wall_Type": "Stacked (stones placed loosely)", "Stone_Shape": [ "Ball", "Slab" ], "Special_Features": null, "Surveyor_Name": null, "Comments": null, "Photo_URL": "https://five.epicollect.net/api/internal/media/little-compton-wall-inventory-2025?type=photo&format=entry_original&name=b6aae947-0523-40de-b3f4-e12c11fde88b_1791039021.jpg", "Photo_Filename": "b6aae947-0523-40de-b3f4-e12c11fde88b_1791039021.jpg" }, "geometry": { "type": "Point", "coordinates": [ -71.142939, 41.53915 ] } },
{ "type": "Feature", "properties": { "entry_id": "9e0eb5c2-deed-452a-b032-9f757acca852", "created_at": "2026-10-03T14:49:22Z", "gps_accuracy_m": 14.0, "Wall_Condition": "Poor", "Vegetation_Cover": "Some overgrowth (25-50% covered)", "Wall_Type": "Stacked (stones placed loosely)", "Stone_Shape": [ "Ball", "Slab" ], "Special_Features": null, "Surveyor_Name": null, "Comments": null, "Photo_URL": "https://five.epicollect.net/api/internal/media/little-compton-wall-inventory-2025?type=photo&format=entry_original&name=9e0eb5c2-deed-452a-b032-9f757acca852_1791038899.jpg", "Photo_Filename": "9e0eb5c2-deed-452a-b032-9f757acca852_1791038899.jpg" }, "geometry": { "type": "Point", "coordinates": [ -71.142386, 41.539282 ] } },
{ "type": "Feature", "properties": { "entry_id": "a90ae18b-39a3-41d4-8c8d-ad58ce0b2a60", "created_at": "2026-10-03T14:47:19Z", "gps_accuracy_m": 5.0, "Wall_Condition": "Poor", "Vegetation_Cover": "Some overgrowth (25-50% covered)", "Wall_Type": "Stacked (stones placed loosely)", "Stone_Shape": [ "Ball", "Slab" ], "Special_Features": null, "Surveyor_Name": null, "Comments": null, "Photo_URL": "https://five.epicollect.net/api/internal/media/little-compton-wall-inventory-2025?type=photo&format=entry_original&name=a90ae18b-39a3-41d4-8c8d-ad58ce0b2a60_1791038784.jpg", "Photo_Filename": "a90ae18b-39a3-41d4-8c8d-ad58ce0b2a60_1791038784.jpg" }, "geometry": { "type": "Point", "coordinates": [ -71.141799, 41.539169 ] } },
{ "type": "Feature", "properties": { "entry_id": "40fd8e52-2ee3-4172-a0cd-cbbafe83ca56", "created_at": "2026-10-03T14:45:38Z", "gps_accuracy_m": 5.0, "Wall_Condition": "Fair", "Vegetation_Cover": "Clear (0-25% covered)", "Wall_Type": "Stacked (stones placed loosely)", "Stone_Shape": [ "Ball", "Slab" ], "Special_Features": null, "Surveyor_Name": null, "Comments": null, "Photo_URL": "https://five.epicollect.net/api/internal/media/little-compton-wall-inventory-2025?type=photo&format=entry_original&name=40fd8e52-2ee3-4172-a0cd-cbbafe83ca56_1791038674.jpg", "Photo_Filename": "40fd8e52-2ee3-4172-a0cd-cbbafe83ca56_1791038674.jpg" }, "geometry": { "type": "Point", "coordinates": [ -71.141734, 41.538923 ] } },
{ "type": "Feature", "properties": { "entry_id": "63f8f482-5b6c-4fdc-9041-9ec928c5b5ee", "created_at": "2026-10-03T14:44:13Z", "gps_accuracy_m": 24.0, "Wall_Condition": "Fair", "Vegetation_Cover": "Quite covered (50-75% covered)", "Wall_Type": "Stacked (stones placed loosely)", "Stone_Shape": [ "Ball", "Slab" ], "Special_Features": null, "Surveyor_Name": null, "Comments": null, "Photo_URL": "https://five.epicollect.net/api/internal/media/little-compton-wall-inventory-2025?type=photo&format=entry_original&name=63f8f482-5b6c-4fdc-9041-9ec928c5b5ee_1791038588.jpg", "Photo_Filename": "63f8f482-5b6c-4fdc-9041-9ec928c5b5ee_1791038588.jpg" }, "geometry": { "type": "Point", "coordinates": [ -71.141741, 41.538751 ] } },
{ "type": "Feature", "properties": { "entry_id": "f55eb66f-9484-452f-87aa-db23384b362f", "created_at": "2026-10-03T14:42:03Z", "gps_accuracy_m": 5.0, "Wall_Condition": "Poor", "Vegetation_Cover": "Some overgrowth (25-50% covered)", "Wall_Type": "Stacked (stones placed loosely)", "Stone_Shape": [ "Ball", "Slab" ], "Special_Features": null, "Surveyor_Name": null, "Comments": null, "Photo_URL": "https://five.epicollect.net/api/internal/media/little-compton-wall-inventory-2025?type=photo&format=entry_original&name=f55eb66f-9484-452f-87aa-db23384b362f_1791038492.jpg", "Photo_Filename": "f55eb66f-9484-452f-87aa-db23384b362f_1791038492.jpg" }, "geometry": { "type": "Point", "coordinates": [ -71.141625, 41.538655 ] } },
{ "type": "Feature", "properties": { "entry_id": "ccbbccc0-8863-4967-99b0-549abe8a502f", "created_at": "2026-10-03T14:40:56Z", "gps_accuracy_m": 16.0, "Wall_Condition": "Poor", "Vegetation_Cover": "Clear (0-25% covered)", "Wall_Type": "Dumped (stones piled on ground)", "Stone_Shape": [ "Ball", "Slab" ], "Special_Features": null, "Surveyor_Name": null, "Comments": null, "Photo_URL": "https://five.epicollect.net/api/internal/media/little-compton-wall-inventory-2025?type=photo&format=entry_original&name=ccbbccc0-8863-4967-99b0-549abe8a502f_1791038429.jpg", "Photo_Filename": "ccbbccc0-8863-4967-99b0-549abe8a502f_1791038429.jpg" }, "geometry": { "type": "Point", "coordinates": [ -71.141554, 41.538713 ] } },
{ "type": "Feature", "properties": { "entry_id": "da1ebc8d-a036-495c-9ee6-c5ad6edc640c", "created_at": "2026-10-03T14:39:01Z", "gps_accuracy_m": 15.0, "Wall_Condition": "Poor", "Vegetation_Cover": "Quite covered (50-75% covered)", "Wall_Type": "Dumped (stones piled on ground)", "Stone_Shape": [ "Ball", "Slab", "Prism", "Pillow" ], "Special_Features": null, "Surveyor_Name": null, "Comments": null, "Photo_URL": "https://five.epicollect.net/api/internal/media/little-compton-wall-inventory-2025?type=photo&format=entry_original&name=da1ebc8d-a036-495c-9ee6-c5ad6edc640c_1791038275.jpg", "Photo_Filename": "da1ebc8d-a036-495c-9ee6-c5ad6edc640c_1791038275.jpg" }, "geometry": { "type": "Point", "coordinates": [ -71.141181, 41.538303 ] } },
{ "type": "Feature", "properties": { "entry_id": "b47e5589-b95a-46b8-b72e-02c9246006a8", "created_at": "2026-10-03T14:36:21Z", "gps_accuracy_m": 5.0, "Wall_Condition": "Poor", "Vegetation_Cover": "Clear (0-25% covered)", "Wall_Type": "Stacked (stones placed loosely)", "Stone_Shape": [ "Ball", "Slab" ], "Special_Features": null, "Surveyor_Name": null, "Comments": null, "Photo_URL": "https://five.epicollect.net/api/internal/media/little-compton-wall-inventory-2025?type=photo&format=entry_original&name=b47e5589-b95a-46b8-b72e-02c9246006a8_1791038117.jpg", "Photo_Filename": "b47e5589-b95a-46b8-b72e-02c9246006a8_1791038117.jpg" }, "geometry": { "type": "Point", "coordinates": [ -71.141022, 41.538391 ] } },
{ "type": "Feature", "properties": { "entry_id": "cab4954b-d7fb-4d10-9a6c-610a96d9c0da", "created_at": "2026-10-03T14:34:48Z", "gps_accuracy_m": 7.0, "Wall_Condition": "Fair", "Vegetation_Cover": "Clear (0-25% covered)", "Wall_Type": "Stacked (stones placed loosely)", "Stone_Shape": [ "Slab", "Ball" ], "Special_Features": null, "Surveyor_Name": null, "Comments": null, "Photo_URL": "https://five.epicollect.net/api/internal/media/little-compton-wall-inventory-2025?type=photo&format=entry_original&name=cab4954b-d7fb-4d10-9a6c-610a96d9c0da_1791038038.jpg", "Photo_Filename": "cab4954b-d7fb-4d10-9a6c-610a96d9c0da_1791038038.jpg" }, "geometry": { "type": "Point", "coordinates": [ -71.14112, 41.538259 ] } },
{ "type": "Feature", "properties": { "entry_id": "1b9ff61d-14ca-4024-8870-e79c01529172", "created_at": "2026-10-03T14:31:02Z", "gps_accuracy_m": 4.0, "Wall_Condition": "Fair", "Vegetation_Cover": "Clear (0-25% covered)", "Wall_Type": "Stacked (stones placed loosely)", "Stone_Shape": [ "Ball", "Slab" ], "Special_Features": null, "Surveyor_Name": null, "Comments": null, "Photo_URL": "https://five.epicollect.net/api/internal/media/little-compton-wall-inventory-2025?type=photo&format=entry_original&name=1b9ff61d-14ca-4024-8870-e79c01529172_1791037804.jpg", "Photo_Filename": "1b9ff61d-14ca-4024-8870-e79c01529172_1791037804.jpg" }, "geometry": { "type": "Point", "coordinates": [ -71.139696, 41.537719 ] } },
{ "type": "Feature", "properties": { "entry_id": "a7a10883-5ed7-41fd-bf92-ea7d17574a1c", "created_at": "2026-10-03T14:27:36Z", "gps_accuracy_m": 44.0, "Wall_Condition": "Fair", "Vegetation_Cover": "Clear (0-25% covered)", "Wall_Type": "Stacked (stones placed loosely)", "Stone_Shape": [ "Ball", "Slab" ], "Special_Features": null, "Surveyor_Name": null, "Comments": null, "Photo_URL": "https://five.epicollect.net/api/internal/media/little-compton-wall-inventory-2025?type=photo&format=entry_original&name=a7a10883-5ed7-41fd-bf92-ea7d17574a1c_1791037584.jpg", "Photo_Filename": "a7a10883-5ed7-41fd-bf92-ea7d17574a1c_1791037584.jpg" }, "geometry": { "type": "Point", "coordinates": [ -71.1395, 41.537257 ] } },
{ "type": "Feature", "properties": { "entry_id": "97756f21-142d-4ceb-b794-dd7a6e9bbd7c", "created_at": "2026-10-03T14:25:27Z", "gps_accuracy_m": 42.0, "Wall_Condition": "Fair", "Vegetation_Cover": "Clear (0-25% covered)", "Wall_Type": "Stacked (stones placed loosely)", "Stone_Shape": [ "Ball", "Slab" ], "Special_Features": null, "Surveyor_Name": null, "Comments": null, "Photo_URL": "https://five.epicollect.net/api/internal/media/little-compton-wall-inventory-2025?type=photo&format=entry_original&name=97756f21-142d-4ceb-b794-dd7a6e9bbd7c_1791037491.jpg", "Photo_Filename": "97756f21-142d-4ceb-b794-dd7a6e9bbd7c_1791037491.jpg" }, "geometry": { "type": "Point", "coordinates": [ -71.139351, 41.537079 ] } },
{ "type": "Feature", "properties": { "entry_id": "42fdb7cf-c7d6-4070-ab89-3087d5df9ea8", "created_at": "2026-10-03T14:23:52Z", "gps_accuracy_m": 8.0, "Wall_Condition": "Fair", "Vegetation_Cover": "Clear (0-25% covered)", "Wall_Type": "Stacked (stones placed loosely)", "Stone_Shape": [ "Ball" ], "Special_Features": null, "Surveyor_Name": null, "Comments": null, "Photo_URL": "https://five.epicollect.net/api/internal/media/little-compton-wall-inventory-2025?type=photo&format=entry_original&name=42fdb7cf-c7d6-4070-ab89-3087d5df9ea8_1791037399.jpg", "Photo_Filename": "42fdb7cf-c7d6-4070-ab89-3087d5df9ea8_1791037399.jpg" }, "geometry": { "type": "Point", "coordinates": [ -71.139456, 41.536929 ] } },
{ "type": "Feature", "properties": { "entry_id": "7c03e556-b59d-4785-85cb-262ccdeb84b4", "created_at": "2026-10-03T14:21:55Z", "gps_accuracy_m": 14.0, "Wall_Condition": "Poor", "Vegetation_Cover": "Some overgrowth (25-50% covered)", "Wall_Type": "Dumped (stones piled on ground)", "Stone_Shape": [ "Ball", "Slab", "Pillow" ], "Special_Features": null, "Surveyor_Name": null, "Comments": null, "Photo_URL": "https://five.epicollect.net/api/internal/media/little-compton-wall-inventory-2025?type=photo&format=entry_original&name=7c03e556-b59d-4785-85cb-262ccdeb84b4_1791037230.jpg", "Photo_Filename": "7c03e556-b59d-4785-85cb-262ccdeb84b4_1791037230.jpg" }, "geometry": { "type": "Point", "coordinates": [ -71.138829, 41.536815 ] } },
{ "type": "Feature", "properties": { "entry_id": "11c32f50-80a4-4a2f-8741-8eaabc176643", "created_at": "2026-10-03T14:19:52Z", "gps_accuracy_m": 4.0, "Wall_Condition": "Good", "Vegetation_Cover": "Clear (0-25% covered)", "Wall_Type": "Stacked (stones placed loosely)", "Stone_Shape": [ "Ball", "Slab" ], "Special_Features": null, "Surveyor_Name": null, "Comments": null, "Photo_URL": "https://five.epicollect.net/api/internal/media/little-compton-wall-inventory-2025?type=photo&format=entry_original&name=11c32f50-80a4-4a2f-8741-8eaabc176643_1791037148.jpg", "Photo_Filename": "11c32f50-80a4-4a2f-8741-8eaabc176643_1791037148.jpg" }, "geometry": { "type": "Point", "coordinates": [ -71.138938, 41.536746 ] } },
{ "type": "Feature", "properties": { "entry_id": "104b0715-721e-4592-a258-e29bb5b3bb0f", "created_at": "2026-10-03T14:11:44Z", "gps_accuracy_m": 18.0, "Wall_Condition": "Poor", "Vegetation_Cover": "Some overgrowth (25-50% covered)", "Wall_Type": "Stacked (stones placed loosely)", "Stone_Shape": [ "Ball", "Slab" ], "Special_Features": null, "Surveyor_Name": null, "Comments": null, "Photo_URL": "https://five.epicollect.net/api/internal/media/little-compton-wall-inventory-2025?type=photo&format=entry_original&name=104b0715-721e-4592-a258-e29bb5b3bb0f_1791036670.jpg", "Photo_Filename": "104b0715-721e-4592-a258-e29bb5b3bb0f_1791036670.jpg" }, "geometry": { "type": "Point", "coordinates": [ -71.13599, 41.535282 ] } },
{ "type": "Feature", "properties": { "entry_id": "bb455944-be64-4779-aaf2-46de80e25902", "created_at": "2026-10-03T14:08:01Z", "gps_accuracy_m": 20.0, "Wall_Condition": "Poor", "Vegetation_Cover": "Some overgrowth (25-50% covered)", "Wall_Type": "Stacked (stones placed loosely)", "Stone_Shape": [ "Ball", "Slab", "Prism" ], "Special_Features": null, "Surveyor_Name": null, "Comments": null, "Photo_URL": "https://five.epicollect.net/api/internal/media/little-compton-wall-inventory-2025?type=photo&format=entry_original&name=bb455944-be64-4779-aaf2-46de80e25902_1791036432.jpg", "Photo_Filename": "bb455944-be64-4779-aaf2-46de80e25902_1791036432.jpg" }, "geometry": { "type": "Point", "coordinates": [ -71.134951, 41.535639 ] } }
]
}
